# Blender 5.2.0 LTS
# www.blender.org
mtllib donut2.mtl
o Cylinder
v -0.541023 -0.072582 -0.094421
v -0.541023 0.154535 -0.121529
v -0.501035 -0.072582 -0.085294
v -0.489274 0.154535 -0.109718
v -0.468968 -0.072582 -0.059721
v -0.447774 0.154535 -0.076623
v -0.451172 -0.072582 -0.022768
v -0.424744 0.154535 -0.028800
v -0.451172 -0.072582 0.018248
v -0.424744 0.154535 0.024280
v -0.468968 -0.072582 0.055201
v -0.447774 0.154535 0.072103
v -0.501035 -0.072582 0.080774
v -0.489274 0.154535 0.105198
v -0.541023 -0.072582 0.089901
v -0.541023 0.154535 0.117009
v -0.581010 -0.072582 0.080774
v -0.592772 0.154535 0.105198
v -0.613077 -0.072582 0.055201
v -0.634271 0.154535 0.072103
v -0.630873 -0.072582 0.018248
v -0.657301 0.154535 0.024280
v -0.630873 -0.072582 -0.022768
v -0.657301 0.154535 -0.028800
v -0.613077 -0.072582 -0.059721
v -0.634271 0.154535 -0.076623
v -0.581010 -0.072582 -0.085294
v -0.592772 0.154535 -0.109718
v -0.596781 0.113553 -0.118044
v -0.641497 0.113553 -0.082385
v -0.667680 0.113166 -0.031217
v -0.667680 0.113166 0.026697
v -0.641497 0.113553 0.077865
v -0.596781 0.113553 0.113524
v -0.541023 0.113553 0.126251
v -0.485264 0.113553 0.113524
v -0.440549 0.113553 0.077865
v -0.415734 0.113553 0.026336
v -0.415734 0.113553 -0.030856
v -0.440549 0.113553 -0.082385
v -0.485264 0.113553 -0.118044
v -0.541023 0.113553 -0.130771
v -0.601795 -0.004744 -0.128456
v -0.650531 -0.004744 -0.089590
v -0.679873 -0.006443 -0.033843
v -0.679873 -0.006443 0.029323
v -0.650531 -0.004744 0.085070
v -0.601795 -0.004744 0.123936
v -0.541023 -0.004744 0.137807
v -0.480250 -0.004744 0.123936
v -0.431514 -0.004744 0.085070
v -0.404468 -0.004744 0.028908
v -0.404468 -0.004744 -0.033428
v -0.431514 -0.004744 -0.089590
v -0.480250 -0.004744 -0.128456
v -0.541023 -0.004744 -0.142327
v -0.541023 -0.050605 -0.128062
v -0.486439 -0.050605 -0.115604
v -0.442667 -0.050605 -0.080696
v -0.418375 -0.050605 -0.030254
v -0.418375 -0.050605 0.025734
v -0.442667 -0.050605 0.076176
v -0.486439 -0.050605 0.111084
v -0.541023 -0.050605 0.123542
v -0.595606 -0.050605 0.111084
v -0.639379 -0.050605 0.076176
v -0.666522 -0.051594 0.026493
v -0.666522 -0.051594 -0.031013
v -0.639379 -0.050605 -0.080696
v -0.595606 -0.050605 -0.115604
v -0.541023 -0.101513 -0.060103
v -0.515926 -0.101513 -0.054374
v -0.495799 -0.101513 -0.038324
v -0.484630 -0.101513 -0.015131
v -0.484630 -0.101513 0.010611
v -0.495799 -0.101513 0.033804
v -0.515926 -0.101513 0.049854
v -0.541023 -0.101513 0.055583
v -0.566120 -0.101513 0.049854
v -0.586246 -0.101513 0.033804
v -0.597415 -0.101513 0.010611
v -0.597415 -0.101513 -0.015131
v -0.586246 -0.101513 -0.038324
v -0.566120 -0.101513 -0.054374
v -0.475158 -0.079943 0.050265
v -0.458891 -0.079943 0.016486
v -0.577574 -0.079943 -0.078161
v -0.606887 -0.079943 -0.054785
v -0.504471 -0.079943 0.073641
v -0.541023 -0.079943 -0.086503
v -0.541023 -0.079943 0.081983
v -0.577574 -0.079943 0.073641
v -0.504471 -0.079943 -0.078161
v -0.606887 -0.079943 0.050265
v -0.475159 -0.079943 -0.054785
v -0.623154 -0.079943 0.016486
v -0.458891 -0.079943 -0.021006
v -0.623154 -0.079943 -0.021006
v -0.475158 -0.095167 0.050265
v -0.577574 -0.095167 -0.078161
v -0.504471 -0.095167 0.073641
v -0.541023 -0.095167 -0.086503
v -0.541023 -0.095167 0.081983
v -0.577574 -0.095167 0.073641
v -0.504471 -0.095167 -0.078161
v -0.606887 -0.095167 0.050265
v -0.475159 -0.095167 -0.054785
v -0.623154 -0.095167 0.016486
v -0.458891 -0.095167 -0.021006
v -0.623154 -0.095167 -0.021006
v -0.458891 -0.095167 0.016486
v -0.606887 -0.095167 -0.054785
v -0.541023 -0.100978 -0.083075
v -0.505958 -0.100978 -0.075072
v -0.477839 -0.100978 -0.052648
v -0.462233 -0.100978 -0.020243
v -0.462233 -0.100978 0.015723
v -0.477839 -0.100978 0.048128
v -0.505958 -0.100978 0.070552
v -0.541023 -0.100978 0.078555
v -0.576087 -0.100978 0.070552
v -0.604207 -0.100978 0.048128
v -0.619812 -0.100978 0.015723
v -0.619812 -0.100978 -0.020243
v -0.604207 -0.100978 -0.052648
v -0.576087 -0.100978 -0.075072
v -0.541023 -0.072231 -0.080309
v -0.541023 0.156087 -0.111057
v -0.507159 -0.072231 -0.072579
v -0.493817 0.156087 -0.100283
v -0.480002 -0.072231 -0.050922
v -0.455962 0.156087 -0.070094
v -0.464931 -0.072231 -0.019627
v -0.434953 0.156087 -0.026470
v -0.464931 -0.072231 0.015107
v -0.434953 0.156087 0.021950
v -0.480002 -0.072231 0.046402
v -0.455962 0.156087 0.065574
v -0.507159 -0.072231 0.068059
v -0.493817 0.156087 0.095763
v -0.541023 -0.072231 0.075789
v -0.541023 0.156087 0.106537
v -0.574887 -0.072231 0.068059
v -0.588228 0.156087 0.095763
v -0.602044 -0.072231 0.046402
v -0.626084 0.156087 0.065574
v -0.617114 -0.072231 0.015107
v -0.647092 0.156087 0.021950
v -0.617114 -0.072231 -0.019627
v -0.647092 0.156087 -0.026470
v -0.602044 -0.072231 -0.050922
v -0.626084 0.156087 -0.070094
v -0.574887 -0.072231 -0.072579
v -0.588228 0.156087 -0.100283
v -0.590149 0.113275 -0.104271
v -0.629545 0.113275 -0.072854
v -0.651408 0.113275 -0.027455
v -0.651408 0.113275 0.022935
v -0.629545 0.113275 0.068334
v -0.590149 0.113275 0.099751
v -0.541023 0.113275 0.110964
v -0.491897 0.113275 0.099751
v -0.452501 0.113275 0.068334
v -0.430637 0.113275 0.022935
v -0.430637 0.113275 -0.027455
v -0.452501 0.113275 -0.072854
v -0.491897 0.113275 -0.104271
v -0.541023 0.113275 -0.115484
v -0.594805 0.008291 -0.113940
v -0.637935 0.008291 -0.079545
v -0.661870 0.008291 -0.029843
v -0.661870 0.008291 0.025323
v -0.637935 0.008291 0.075025
v -0.594805 0.008291 0.109420
v -0.541023 0.008291 0.121696
v -0.487240 0.008291 0.109420
v -0.444110 0.008291 0.075025
v -0.420175 0.008291 0.025323
v -0.420175 0.008291 -0.029843
v -0.444110 0.008291 -0.079545
v -0.487240 0.008291 -0.113940
v -0.541023 0.008291 -0.126216
v -0.541023 -0.043592 -0.114861
v -0.492167 -0.043592 -0.103710
v -0.452988 -0.043592 -0.072465
v -0.431245 -0.043592 -0.027316
v -0.431245 -0.043592 0.022796
v -0.452988 -0.043592 0.067945
v -0.492167 -0.043592 0.099190
v -0.541023 -0.043592 0.110341
v -0.589878 -0.043592 0.099190
v -0.629057 -0.043592 0.067945
v -0.650800 -0.043592 0.022796
v -0.650800 -0.043592 -0.027316
v -0.629057 -0.043592 -0.072465
v -0.589878 -0.043592 -0.103710
v -0.541023 -0.086872 -0.057198
v -0.517186 -0.086872 -0.051757
v -0.498071 -0.086872 -0.036513
v -0.487462 -0.086872 -0.014485
v -0.487462 -0.086872 0.009965
v -0.498071 -0.086872 0.031993
v -0.517186 -0.086872 0.047237
v -0.541023 -0.086872 0.052678
v -0.564859 -0.086872 0.047237
v -0.583975 -0.086872 0.031993
v -0.594583 -0.086872 0.009965
v -0.594583 -0.086872 -0.014485
v -0.583975 -0.086872 -0.036513
v -0.564859 -0.086872 -0.051757
v -0.484817 -0.087432 0.042563
v -0.470935 -0.087432 0.013737
v -0.572214 -0.087432 -0.067031
v -0.597228 -0.087432 -0.047083
v -0.509831 -0.087432 0.062511
v -0.541023 -0.087432 -0.074150
v -0.541023 -0.087432 0.069630
v -0.572214 -0.087432 0.062511
v -0.509831 -0.087432 -0.067031
v -0.597228 -0.087432 0.042563
v -0.484817 -0.087432 -0.047083
v -0.611110 -0.087432 0.013737
v -0.470935 -0.087432 -0.018257
v -0.611110 -0.087432 -0.018257
v -0.486144 -0.095316 0.041504
v -0.571478 -0.095316 -0.065501
v -0.510567 -0.095316 0.060981
v -0.541023 -0.095316 -0.072452
v -0.541023 -0.095316 0.067932
v -0.571478 -0.095316 0.060981
v -0.510567 -0.095316 -0.065501
v -0.595901 -0.095316 0.041504
v -0.486144 -0.095316 -0.046024
v -0.609455 -0.095316 0.013359
v -0.472590 -0.095316 -0.017879
v -0.609455 -0.095316 -0.017879
v -0.472590 -0.095316 0.013359
v -0.595901 -0.095316 -0.046024
v -0.541023 -0.091268 -0.072750
v -0.510438 -0.091268 -0.065770
v -0.485911 -0.091268 -0.046210
v -0.472300 -0.091268 -0.017946
v -0.472300 -0.091268 0.013426
v -0.485911 -0.091268 0.041690
v -0.510438 -0.091268 0.061250
v -0.541023 -0.091268 0.068230
v -0.571607 -0.091268 0.061250
v -0.596134 -0.091268 0.041690
v -0.609746 -0.091268 0.013426
v -0.609746 -0.091268 -0.017946
v -0.596134 -0.091268 -0.046210
v -0.571607 -0.091268 -0.065770
v -0.738288 -0.005833 0.018357
v -0.738288 -0.005833 -0.022877
v -0.726064 0.015110 0.019168
v -0.726064 0.015110 -0.023688
v -0.686865 -0.040408 -0.022916
v -0.691126 -0.012675 -0.023803
v -0.686865 -0.040408 0.018396
v -0.691126 -0.012675 0.019283
v -0.778594 0.043217 0.018348
v -0.778594 0.043217 -0.022868
v -0.756074 0.050545 0.019140
v -0.756074 0.050545 -0.023660
v -0.780571 0.090142 0.018348
v -0.780571 0.090142 -0.022868
v -0.759492 0.078906 0.019140
v -0.759492 0.078907 -0.023660
v -0.750989 0.118208 0.018348
v -0.750989 0.118208 -0.022868
v -0.740772 0.096703 0.019140
v -0.740772 0.096703 -0.023660
v -0.707025 0.119961 0.018249
v -0.707025 0.119961 -0.022769
v -0.711572 0.095009 0.018977
v -0.711572 0.095009 -0.023497
v -0.677422 0.107956 0.017853
v -0.677422 0.107956 -0.022371
v -0.681937 0.079894 0.018325
v -0.681937 0.079894 -0.022844
v -0.599606 0.062841 -0.123910
v -0.646586 0.062841 -0.086444
v -0.673753 0.064554 -0.032503
v -0.673753 0.064554 0.027983
v -0.646586 0.062841 0.081924
v -0.599606 0.062841 0.119390
v -0.541023 0.062841 0.132761
v -0.482439 0.062841 0.119390
v -0.435459 0.062841 0.081924
v -0.409387 0.062841 0.027785
v -0.409387 0.062841 -0.032305
v -0.435459 0.062841 -0.086444
v -0.482439 0.062841 -0.123910
v -0.541023 0.062841 -0.137281
v -0.526940 -0.050605 -0.127263
v -0.513032 -0.050605 -0.124894
v -0.499474 -0.050605 -0.120994
v -0.501631 0.154535 -0.114829
v -0.514486 0.154535 -0.118526
v -0.527671 0.154535 -0.120772
v -0.593983 0.146981 -0.112233
v -0.595042 0.136972 -0.114433
v -0.595969 0.125499 -0.116357
v -0.636454 0.146981 -0.078364
v -0.638363 0.136972 -0.079886
v -0.640033 0.125499 -0.081218
v -0.474098 -0.050605 -0.108774
v -0.462595 -0.050605 -0.100605
v -0.452071 -0.050605 -0.091209
v -0.456691 0.154535 -0.086590
v -0.466668 0.154535 -0.095498
v -0.477573 0.154535 -0.103243
v -0.660039 0.146995 -0.029426
v -0.662532 0.137081 -0.030001
v -0.664937 0.125798 -0.030565
v -0.434511 -0.050605 -0.069188
v -0.427692 -0.050605 -0.056837
v -0.422287 -0.050605 -0.043805
v -0.428453 0.154535 -0.041648
v -0.433577 0.154535 -0.054003
v -0.440042 0.154535 -0.065713
v -0.660039 0.146995 0.024906
v -0.662532 0.137081 0.025481
v -0.664937 0.125798 0.026045
v -0.416020 -0.050605 -0.016346
v -0.415235 -0.050605 -0.002260
v -0.416020 -0.050605 0.011826
v -0.422511 0.154535 0.011095
v -0.421767 0.154535 -0.002260
v -0.422511 0.154535 -0.015615
v -0.636454 0.146981 0.073844
v -0.638363 0.136972 0.075366
v -0.640033 0.125499 0.076698
v -0.422287 -0.050605 0.039285
v -0.427692 -0.050605 0.052317
v -0.434511 -0.050605 0.064668
v -0.440042 0.154535 0.061193
v -0.433577 0.154535 0.049483
v -0.428453 0.154535 0.037128
v -0.593983 0.146981 0.107713
v -0.595042 0.136972 0.109913
v -0.595969 0.125499 0.111837
v -0.452071 -0.050605 0.086689
v -0.462595 -0.050605 0.096085
v -0.474098 -0.050605 0.104254
v -0.477573 0.154535 0.098723
v -0.466668 0.154535 0.090978
v -0.456691 0.154535 0.082070
v -0.541023 0.146981 0.119801
v -0.541023 0.136972 0.122243
v -0.541023 0.125499 0.124378
v -0.499474 -0.050605 0.116474
v -0.513032 -0.050605 0.120374
v -0.526940 -0.050605 0.122743
v -0.527671 0.154535 0.116252
v -0.514486 0.154535 0.114006
v -0.501631 0.154535 0.110309
v -0.488062 0.146981 0.107713
v -0.487003 0.136972 0.109913
v -0.486076 0.125499 0.111837
v -0.555105 -0.050605 0.122743
v -0.569013 -0.050605 0.120374
v -0.582572 -0.050605 0.116474
v -0.580414 0.154535 0.110309
v -0.567560 0.154535 0.114006
v -0.554374 0.154535 0.116252
v -0.445591 0.146981 0.073844
v -0.443682 0.136972 0.075366
v -0.442013 0.125499 0.076698
v -0.607948 -0.050605 0.104254
v -0.619450 -0.050605 0.096085
v -0.629974 -0.050605 0.086689
v -0.625355 0.154535 0.082070
v -0.615378 0.154535 0.090978
v -0.604472 0.154535 0.098723
v -0.422022 0.146981 0.024901
v -0.419641 0.136972 0.025445
v -0.417559 0.125499 0.025920
v -0.647573 -0.050618 0.064705
v -0.654661 -0.050711 0.052613
v -0.660811 -0.050970 0.040193
v -0.653592 0.154535 0.037128
v -0.648469 0.154535 0.049483
v -0.642004 0.154535 0.061193
v -0.422022 0.146981 -0.029421
v -0.419641 0.136972 -0.029965
v -0.417559 0.125499 -0.030440
v -0.666165 -0.055496 0.011485
v -0.666043 -0.056533 -0.002260
v -0.666165 -0.055496 -0.016005
v -0.659534 0.154535 -0.015615
v -0.660279 0.154535 -0.002260
v -0.659534 0.154535 0.011095
v -0.445591 0.146981 -0.078364
v -0.443682 0.136972 -0.079886
v -0.442013 0.125499 -0.081218
v -0.660811 -0.050970 -0.044713
v -0.654661 -0.050711 -0.057133
v -0.647573 -0.050618 -0.069225
v -0.642004 0.154535 -0.065713
v -0.648469 0.154535 -0.054003
v -0.653592 0.154535 -0.041648
v -0.488062 0.146981 -0.112233
v -0.487003 0.136972 -0.114433
v -0.486076 0.125499 -0.116357
v -0.629974 -0.050605 -0.091209
v -0.619450 -0.050605 -0.100605
v -0.607948 -0.050605 -0.108774
v -0.604472 0.154535 -0.103243
v -0.615378 0.154535 -0.095498
v -0.625355 0.154535 -0.086590
v -0.600416 0.046518 -0.125592
v -0.601164 0.029053 -0.127145
v -0.601680 0.011586 -0.128217
v -0.582572 -0.050605 -0.120994
v -0.569013 -0.050605 -0.124894
v -0.555105 -0.050605 -0.127263
v -0.554374 0.154535 -0.120772
v -0.567560 0.154535 -0.118526
v -0.580414 0.154535 -0.114829
v -0.541023 0.125499 -0.128898
v -0.541023 0.136972 -0.126763
v -0.541023 0.146981 -0.124321
v -0.648047 0.046518 -0.087609
v -0.649394 0.029053 -0.088683
v -0.650324 0.011586 -0.089425
v -0.674975 0.046698 -0.032808
v -0.676583 0.029055 -0.033178
v -0.678304 0.011412 -0.033542
v -0.674975 0.046698 0.028288
v -0.676583 0.029055 0.028658
v -0.678304 0.011412 0.029022
v -0.648047 0.046518 0.083089
v -0.649394 0.029053 0.084163
v -0.650324 0.011586 0.084905
v -0.600416 0.046518 0.121072
v -0.601164 0.029053 0.122625
v -0.601680 0.011586 0.123697
v -0.541023 0.046518 0.134629
v -0.541023 0.029053 0.136352
v -0.541023 0.011586 0.137542
v -0.481629 0.046518 0.121072
v -0.480881 0.029053 0.122625
v -0.480365 0.011586 0.123697
v -0.433999 0.046518 0.083089
v -0.432651 0.029053 0.084163
v -0.431721 0.011586 0.084905
v -0.407566 0.046518 0.028201
v -0.405886 0.029053 0.028584
v -0.404726 0.011586 0.028849
v -0.407566 0.046518 -0.032721
v -0.405886 0.029053 -0.033104
v -0.404726 0.011586 -0.033369
v -0.433999 0.046518 -0.087609
v -0.432651 0.029053 -0.088683
v -0.431721 0.011586 -0.089425
v -0.481629 0.046518 -0.125592
v -0.480881 0.029053 -0.127145
v -0.480365 0.011586 -0.128217
v -0.541023 -0.041721 -0.134401
v -0.541023 -0.031274 -0.138739
v -0.541023 -0.019028 -0.141305
v -0.472657 0.113553 -0.111068
v -0.460906 0.113553 -0.102723
v -0.450156 0.113553 -0.093124
v -0.432217 0.113553 -0.070629
v -0.425251 0.113553 -0.058013
v -0.419730 0.113553 -0.044700
v -0.413328 0.113553 -0.016650
v -0.412526 0.113553 -0.002260
v -0.413328 0.113553 0.012130
v -0.419730 0.113553 0.040180
v -0.425251 0.113553 0.053493
v -0.432217 0.113553 0.066109
v -0.450156 0.113553 0.088604
v -0.460906 0.113553 0.098203
v -0.472657 0.113553 0.106548
v -0.498579 0.113553 0.119031
v -0.512429 0.113553 0.123015
v -0.526637 0.113553 0.125435
v -0.555408 0.113553 0.125435
v -0.569616 0.113553 0.123015
v -0.583466 0.113553 0.119031
v -0.609389 0.113553 0.106548
v -0.621139 0.113553 0.098203
v -0.631889 0.113553 0.088604
v -0.649847 0.113548 0.066140
v -0.656941 0.113512 0.053739
v -0.662816 0.113411 0.040923
v -0.668965 0.117909 0.011699
v -0.669298 0.119175 -0.002260
v -0.668965 0.117909 -0.016219
v -0.662816 0.113411 -0.045443
v -0.656941 0.113512 -0.058259
v -0.649847 0.113548 -0.070660
v -0.631889 0.113553 -0.093124
v -0.621139 0.113553 -0.102723
v -0.609389 0.113553 -0.111068
v -0.555408 0.113553 -0.129955
v -0.569616 0.113553 -0.127535
v -0.583466 0.113553 -0.123551
v -0.526637 0.113553 -0.129955
v -0.512429 0.113553 -0.127535
v -0.498579 0.113553 -0.123551
v -0.541023 0.077189 -0.135575
v -0.541023 0.089958 -0.133999
v -0.541023 0.101846 -0.132437
v -0.480693 -0.019028 -0.127535
v -0.481807 -0.031274 -0.125223
v -0.483689 -0.041721 -0.121315
v -0.432313 -0.019028 -0.088953
v -0.434319 -0.031274 -0.087353
v -0.437711 -0.041721 -0.084649
v -0.405464 -0.019028 -0.033200
v -0.407965 -0.031274 -0.032629
v -0.412195 -0.041721 -0.031664
v -0.405464 -0.019028 0.028680
v -0.407965 -0.031274 0.028109
v -0.412195 -0.041721 0.027144
v -0.432313 -0.019028 0.084433
v -0.434319 -0.031274 0.082833
v -0.437711 -0.041721 0.080129
v -0.480693 -0.019028 0.123015
v -0.481807 -0.031274 0.120703
v -0.483689 -0.041721 0.116795
v -0.541023 -0.019028 0.136785
v -0.541023 -0.031274 0.134219
v -0.541023 -0.041721 0.129881
v -0.601352 -0.019028 0.123015
v -0.600239 -0.031274 0.120703
v -0.598357 -0.041721 0.116795
v -0.649732 -0.019028 0.084433
v -0.647726 -0.031274 0.082833
v -0.644335 -0.041721 0.080129
v -0.677581 -0.020465 0.035503
v -0.674832 -0.031762 0.036595
v -0.671423 -0.041913 0.033980
v -0.677581 -0.020465 -0.040023
v -0.674832 -0.031762 -0.041115
v -0.671423 -0.041913 -0.038500
v -0.649732 -0.019028 -0.088953
v -0.647726 -0.031274 -0.087353
v -0.644335 -0.041721 -0.084649
v -0.601352 -0.019028 -0.127535
v -0.600239 -0.031274 -0.125223
v -0.598357 -0.041721 -0.121315
v -0.525343 -0.004744 -0.141438
v -0.509858 -0.004744 -0.138800
v -0.494762 -0.004744 -0.134458
v -0.556702 -0.004744 -0.141438
v -0.572187 -0.004744 -0.138800
v -0.587283 -0.004744 -0.134458
v -0.466509 -0.004744 -0.120852
v -0.453702 -0.004744 -0.111757
v -0.441985 -0.004744 -0.101295
v -0.422433 -0.004744 -0.076777
v -0.414841 -0.004744 -0.063026
v -0.408823 -0.004744 -0.048516
v -0.401845 -0.004744 -0.017944
v -0.400971 -0.004744 -0.002260
v -0.401845 -0.004744 0.013424
v -0.408823 -0.004744 0.043996
v -0.414841 -0.004744 0.058506
v -0.422433 -0.004744 0.072257
v -0.441985 -0.004744 0.096775
v -0.453702 -0.004744 0.107237
v -0.466509 -0.004744 0.116332
v -0.494762 -0.004744 0.129938
v -0.509858 -0.004744 0.134280
v -0.525343 -0.004744 0.136918
v -0.556702 -0.004744 0.136918
v -0.572187 -0.004744 0.134280
v -0.587283 -0.004744 0.129938
v -0.615536 -0.004744 0.116332
v -0.628343 -0.004744 0.107237
v -0.640060 -0.004744 0.096775
v -0.659643 -0.004767 0.072291
v -0.667451 -0.004926 0.058776
v -0.674066 -0.005372 0.044811
v -0.682610 -0.000882 0.013070
v -0.683331 0.000608 -0.002260
v -0.682610 -0.000882 -0.017590
v -0.674066 -0.005372 -0.049331
v -0.667451 -0.004926 -0.063296
v -0.659643 -0.004767 -0.076811
v -0.640060 -0.004744 -0.101295
v -0.628343 -0.004744 -0.111757
v -0.615536 -0.004744 -0.120852
v -0.530706 -0.072582 -0.093836
v -0.520517 -0.072582 -0.092100
v -0.510584 -0.072582 -0.089243
v -0.491994 -0.072582 -0.080291
v -0.483568 -0.072582 -0.074306
v -0.475858 -0.072582 -0.067423
v -0.462993 -0.072582 -0.051291
v -0.457998 -0.072582 -0.042243
v -0.454038 -0.072582 -0.032696
v -0.449447 -0.072582 -0.012580
v -0.448872 -0.072582 -0.002260
v -0.449447 -0.072582 0.008060
v -0.454038 -0.072582 0.028176
v -0.457998 -0.072582 0.037723
v -0.462993 -0.072582 0.046771
v -0.475858 -0.072582 0.062903
v -0.483568 -0.072582 0.069786
v -0.491994 -0.072582 0.075771
v -0.510584 -0.072582 0.084723
v -0.520517 -0.072582 0.087580
v -0.530706 -0.072582 0.089316
v -0.551339 -0.072582 0.089316
v -0.561528 -0.072582 0.087580
v -0.571461 -0.072582 0.084723
v -0.590051 -0.072582 0.075771
v -0.598478 -0.072582 0.069786
v -0.606187 -0.072582 0.062903
v -0.619052 -0.072582 0.046771
v -0.624048 -0.072582 0.037723
v -0.628007 -0.072582 0.028176
v -0.632598 -0.072582 0.008060
v -0.633173 -0.072582 -0.002260
v -0.632598 -0.072582 -0.012580
v -0.628007 -0.072582 -0.032696
v -0.624048 -0.072582 -0.042243
v -0.619052 -0.072582 -0.051291
v -0.606187 -0.072582 -0.067423
v -0.598478 -0.072582 -0.074306
v -0.590051 -0.072582 -0.080291
v -0.571461 -0.072582 -0.089243
v -0.561528 -0.072582 -0.092100
v -0.551339 -0.072582 -0.093836
v -0.490047 -0.058123 -0.108113
v -0.494058 -0.064301 -0.099783
v -0.497909 -0.069126 -0.091787
v -0.541023 -0.069126 -0.101627
v -0.541023 -0.064301 -0.110503
v -0.541023 -0.058123 -0.119747
v -0.449167 -0.058123 -0.075512
v -0.456395 -0.064301 -0.069748
v -0.463334 -0.069126 -0.064214
v -0.426481 -0.058123 -0.028403
v -0.435494 -0.064301 -0.026346
v -0.444147 -0.069126 -0.024371
v -0.426481 -0.058123 0.023883
v -0.435494 -0.064301 0.021826
v -0.444147 -0.069126 0.019851
v -0.449167 -0.058123 0.070992
v -0.456395 -0.064301 0.065228
v -0.463334 -0.069126 0.059694
v -0.490047 -0.058123 0.103593
v -0.494058 -0.064301 0.095263
v -0.497909 -0.069126 0.087267
v -0.541023 -0.058123 0.115227
v -0.541023 -0.064301 0.105983
v -0.541023 -0.069126 0.097107
v -0.591999 -0.058123 0.103593
v -0.587987 -0.064301 0.095263
v -0.584136 -0.069126 0.087267
v -0.632878 -0.058123 0.070992
v -0.625650 -0.064301 0.065228
v -0.618711 -0.069126 0.059694
v -0.656493 -0.058925 0.024146
v -0.646817 -0.064558 0.021902
v -0.637932 -0.069158 0.019861
v -0.656493 -0.058925 -0.028666
v -0.646817 -0.064558 -0.026422
v -0.637932 -0.069158 -0.024381
v -0.632878 -0.058123 -0.075512
v -0.625650 -0.064301 -0.069748
v -0.618711 -0.069126 -0.064214
v -0.591999 -0.058123 -0.108113
v -0.587987 -0.064301 -0.099783
v -0.584136 -0.069126 -0.091787
v -0.531976 -0.100978 -0.082562
v -0.523042 -0.100978 -0.081040
v -0.514332 -0.100978 -0.078535
v -0.498030 -0.100978 -0.070685
v -0.490641 -0.100978 -0.065437
v -0.483880 -0.100978 -0.059401
v -0.472599 -0.100978 -0.045255
v -0.468219 -0.100978 -0.037321
v -0.464747 -0.100978 -0.028949
v -0.460721 -0.100978 -0.011309
v -0.460216 -0.100978 -0.002260
v -0.460721 -0.100978 0.006789
v -0.464747 -0.100978 0.024429
v -0.468219 -0.100978 0.032801
v -0.472599 -0.100978 0.040735
v -0.483880 -0.100978 0.054881
v -0.490641 -0.100978 0.060917
v -0.498030 -0.100978 0.066165
v -0.514332 -0.100978 0.074015
v -0.523042 -0.100978 0.076520
v -0.531976 -0.100978 0.078042
v -0.550069 -0.100978 0.078042
v -0.559004 -0.100978 0.076520
v -0.567714 -0.100978 0.074015
v -0.584015 -0.100978 0.066165
v -0.591405 -0.100978 0.060917
v -0.598165 -0.100978 0.054881
v -0.609446 -0.100978 0.040735
v -0.613827 -0.100978 0.032801
v -0.617299 -0.100978 0.024429
v -0.621325 -0.100978 0.006789
v -0.621829 -0.100978 -0.002260
v -0.621325 -0.100978 -0.011309
v -0.617299 -0.100978 -0.028949
v -0.613827 -0.100978 -0.037321
v -0.609446 -0.100978 -0.045255
v -0.598165 -0.100978 -0.059401
v -0.591405 -0.100978 -0.065437
v -0.584015 -0.100978 -0.070685
v -0.567714 -0.100978 -0.078535
v -0.559004 -0.100978 -0.081040
v -0.550069 -0.100978 -0.082562
v -0.475200 -0.097775 0.050232
v -0.475494 -0.099450 0.049998
v -0.476289 -0.100436 0.049363
v -0.458771 -0.077763 0.016513
v -0.457927 -0.076269 0.016706
v -0.455635 -0.074772 0.017229
v -0.577551 -0.097774 -0.078112
v -0.577389 -0.099450 -0.077775
v -0.576947 -0.100436 -0.076858
v -0.606984 -0.077763 -0.054862
v -0.607661 -0.076269 -0.055402
v -0.609498 -0.074772 -0.056868
v -0.504494 -0.097775 0.073592
v -0.504657 -0.099450 0.073255
v -0.505098 -0.100436 0.072338
v -0.541023 -0.097774 -0.086450
v -0.541023 -0.099450 -0.086075
v -0.541023 -0.100436 -0.085057
v -0.541023 -0.097775 0.081930
v -0.541023 -0.099450 0.081555
v -0.541023 -0.100436 0.080537
v -0.577551 -0.097775 0.073592
v -0.577389 -0.099450 0.073255
v -0.576947 -0.100436 0.072338
v -0.504494 -0.097775 -0.078112
v -0.504657 -0.099450 -0.077775
v -0.505098 -0.100436 -0.076858
v -0.606845 -0.097775 0.050232
v -0.606552 -0.099450 0.049998
v -0.605756 -0.100436 0.049363
v -0.475200 -0.097775 -0.054752
v -0.475493 -0.099450 -0.054518
v -0.476289 -0.100436 -0.053883
v -0.623102 -0.097775 0.016474
v -0.622736 -0.099450 0.016391
v -0.621744 -0.100436 0.016164
v -0.458944 -0.097775 -0.020994
v -0.459309 -0.099450 -0.020911
v -0.460301 -0.100436 -0.020684
v -0.623102 -0.097775 -0.020994
v -0.622736 -0.099450 -0.020911
v -0.621744 -0.100436 -0.020684
v -0.472547 -0.074772 0.052348
v -0.474385 -0.076269 0.050882
v -0.475062 -0.077763 0.050342
v -0.458891 -0.091530 0.016486
v -0.458891 -0.087355 0.016486
v -0.458891 -0.083280 0.016486
v -0.579024 -0.074772 -0.081170
v -0.578004 -0.076269 -0.079052
v -0.577628 -0.077763 -0.078272
v -0.606887 -0.091530 -0.054785
v -0.606887 -0.087355 -0.054785
v -0.606887 -0.083280 -0.054785
v -0.503022 -0.074772 0.076650
v -0.504041 -0.076269 0.074532
v -0.504417 -0.077763 0.073752
v -0.541023 -0.074772 -0.089844
v -0.541023 -0.076269 -0.087493
v -0.541023 -0.077763 -0.086627
v -0.541023 -0.074772 0.085324
v -0.541023 -0.076269 0.082973
v -0.541023 -0.077763 0.082107
v -0.579024 -0.074772 0.076650
v -0.578004 -0.076269 0.074532
v -0.577628 -0.077763 0.073752
v -0.503022 -0.074772 -0.081170
v -0.504041 -0.076269 -0.079052
v -0.504417 -0.077763 -0.078272
v -0.609498 -0.074772 0.052348
v -0.607661 -0.076269 0.050882
v -0.606984 -0.077763 0.050342
v -0.472547 -0.074772 -0.056868
v -0.474385 -0.076269 -0.055402
v -0.475062 -0.077763 -0.054862
v -0.626410 -0.074772 0.017229
v -0.624119 -0.076269 0.016706
v -0.623275 -0.077763 0.016513
v -0.455635 -0.074772 -0.021749
v -0.457927 -0.076269 -0.021226
v -0.458771 -0.077763 -0.021033
v -0.626410 -0.074772 -0.021749
v -0.624119 -0.076269 -0.021226
v -0.623275 -0.077763 -0.021033
v -0.612348 -0.079943 -0.047079
v -0.616915 -0.079943 -0.038808
v -0.620534 -0.079943 -0.030081
v -0.457314 -0.079943 0.007173
v -0.456789 -0.079943 -0.002260
v -0.457314 -0.079943 -0.011693
v -0.624731 -0.079943 -0.011693
v -0.625257 -0.079943 -0.002260
v -0.624731 -0.079943 0.007173
v -0.461511 -0.079943 -0.030081
v -0.465130 -0.079943 -0.038808
v -0.469697 -0.079943 -0.047079
v -0.620534 -0.079943 0.025561
v -0.616915 -0.079943 0.034288
v -0.612348 -0.079943 0.042559
v -0.481456 -0.079943 -0.061824
v -0.488504 -0.079943 -0.068117
v -0.496206 -0.079943 -0.073587
v -0.600589 -0.079943 0.057304
v -0.593542 -0.079943 0.063597
v -0.585839 -0.079943 0.069067
v -0.513199 -0.079943 -0.081771
v -0.522279 -0.079943 -0.084382
v -0.531592 -0.079943 -0.085969
v -0.568846 -0.079943 0.077251
v -0.559767 -0.079943 0.079862
v -0.550453 -0.079943 0.081449
v -0.531592 -0.079943 0.081449
v -0.522279 -0.079943 0.079862
v -0.513199 -0.079943 0.077251
v -0.550453 -0.079943 -0.085969
v -0.559767 -0.079943 -0.084382
v -0.568846 -0.079943 -0.081771
v -0.496206 -0.079943 0.069067
v -0.488504 -0.079943 0.063597
v -0.481456 -0.079943 0.057304
v -0.585839 -0.079943 -0.073587
v -0.593542 -0.079943 -0.068117
v -0.600589 -0.079943 -0.061824
v -0.469697 -0.079943 0.042559
v -0.465130 -0.079943 0.034288
v -0.461511 -0.079943 0.025561
v -0.475158 -0.083280 0.050265
v -0.475158 -0.087355 0.050265
v -0.475158 -0.091530 0.050265
v -0.577574 -0.083280 -0.078161
v -0.577574 -0.087355 -0.078161
v -0.577574 -0.091530 -0.078161
v -0.504471 -0.083280 0.073641
v -0.504471 -0.087355 0.073641
v -0.504471 -0.091530 0.073641
v -0.541023 -0.083280 -0.086503
v -0.541023 -0.087355 -0.086503
v -0.541023 -0.091530 -0.086503
v -0.541023 -0.083280 0.081983
v -0.541023 -0.087355 0.081983
v -0.541023 -0.091530 0.081983
v -0.577574 -0.083280 0.073641
v -0.577574 -0.087355 0.073641
v -0.577574 -0.091530 0.073641
v -0.504471 -0.083280 -0.078161
v -0.504471 -0.087355 -0.078161
v -0.504471 -0.091530 -0.078161
v -0.606887 -0.083280 0.050265
v -0.606887 -0.087355 0.050265
v -0.606887 -0.091530 0.050265
v -0.475158 -0.083280 -0.054785
v -0.475159 -0.087355 -0.054785
v -0.475159 -0.091530 -0.054785
v -0.623154 -0.083280 0.016486
v -0.623154 -0.087355 0.016486
v -0.623154 -0.091530 0.016486
v -0.458891 -0.083280 -0.021006
v -0.458891 -0.087355 -0.021006
v -0.458891 -0.091530 -0.021006
v -0.623154 -0.083280 -0.021006
v -0.623154 -0.087355 -0.021006
v -0.623154 -0.091530 -0.021006
v -0.460301 -0.100436 0.016164
v -0.459309 -0.099450 0.016391
v -0.458944 -0.097775 0.016474
v -0.605756 -0.100436 -0.053883
v -0.606552 -0.099450 -0.054518
v -0.606845 -0.097775 -0.054752
v -0.612348 -0.095167 -0.047079
v -0.616915 -0.095167 -0.038808
v -0.620534 -0.095167 -0.030081
v -0.457314 -0.095167 0.007173
v -0.456789 -0.095167 -0.002260
v -0.457314 -0.095167 -0.011693
v -0.624731 -0.095167 -0.011693
v -0.625257 -0.095167 -0.002260
v -0.624731 -0.095167 0.007173
v -0.461511 -0.095167 -0.030081
v -0.465130 -0.095167 -0.038808
v -0.469697 -0.095167 -0.047079
v -0.620534 -0.095167 0.025561
v -0.616915 -0.095167 0.034288
v -0.612348 -0.095167 0.042559
v -0.481456 -0.095167 -0.061825
v -0.488504 -0.095167 -0.068117
v -0.496206 -0.095167 -0.073587
v -0.600589 -0.095167 0.057305
v -0.593542 -0.095167 0.063597
v -0.585839 -0.095167 0.069067
v -0.513199 -0.095167 -0.081771
v -0.522279 -0.095167 -0.084382
v -0.531592 -0.095167 -0.085969
v -0.568846 -0.095167 0.077251
v -0.559767 -0.095167 0.079862
v -0.550453 -0.095167 0.081449
v -0.531592 -0.095167 0.081449
v -0.522279 -0.095167 0.079862
v -0.513199 -0.095167 0.077251
v -0.550453 -0.095167 -0.085969
v -0.559767 -0.095167 -0.084382
v -0.568846 -0.095167 -0.081771
v -0.496206 -0.095167 0.069067
v -0.488504 -0.095167 0.063597
v -0.481456 -0.095167 0.057304
v -0.585839 -0.095167 -0.073587
v -0.593542 -0.095167 -0.068117
v -0.600589 -0.095167 -0.061824
v -0.469697 -0.095167 0.042559
v -0.465130 -0.095167 0.034288
v -0.461511 -0.095167 0.025561
v -0.536509 -0.101513 -0.055594
v -0.529757 -0.101513 -0.051616
v -0.521949 -0.101513 -0.052271
v -0.513815 -0.101513 -0.048354
v -0.509458 -0.101513 -0.041840
v -0.502139 -0.101513 -0.039042
v -0.496510 -0.101513 -0.031984
v -0.495411 -0.101513 -0.024225
v -0.490030 -0.101513 -0.018529
v -0.488021 -0.101513 -0.009727
v -0.490397 -0.101513 -0.002260
v -0.488021 -0.101513 0.005207
v -0.490030 -0.101513 0.014009
v -0.495411 -0.101513 0.019706
v -0.496510 -0.101513 0.027464
v -0.502139 -0.101513 0.034522
v -0.509458 -0.101513 0.037320
v -0.513815 -0.101513 0.043834
v -0.521949 -0.101513 0.047751
v -0.529757 -0.101513 0.047096
v -0.536509 -0.101513 0.051074
v -0.545536 -0.101513 0.051074
v -0.552288 -0.101513 0.047096
v -0.560097 -0.101513 0.047751
v -0.568230 -0.101513 0.043834
v -0.572587 -0.101513 0.037320
v -0.579907 -0.101513 0.034522
v -0.585535 -0.101513 0.027464
v -0.586634 -0.101513 0.019706
v -0.592015 -0.101513 0.014009
v -0.594024 -0.101513 0.005207
v -0.591648 -0.101513 -0.002260
v -0.594024 -0.101513 -0.009727
v -0.592015 -0.101513 -0.018529
v -0.586634 -0.101513 -0.024226
v -0.585535 -0.101513 -0.031984
v -0.579907 -0.101513 -0.039042
v -0.572587 -0.101513 -0.041840
v -0.568230 -0.101513 -0.048354
v -0.560097 -0.101513 -0.052271
v -0.552288 -0.101513 -0.051616
v -0.545536 -0.101513 -0.055594
v -0.507388 -0.101287 -0.072102
v -0.509592 -0.101446 -0.067527
v -0.512688 -0.101504 -0.061097
v -0.541023 -0.101504 -0.067564
v -0.541023 -0.101446 -0.074701
v -0.541023 -0.101287 -0.079779
v -0.480416 -0.101287 -0.050592
v -0.484386 -0.101446 -0.047426
v -0.489966 -0.101504 -0.042976
v -0.465447 -0.101287 -0.019510
v -0.470398 -0.101446 -0.018380
v -0.477356 -0.101504 -0.016791
v -0.465447 -0.101287 0.014990
v -0.470398 -0.101446 0.013860
v -0.477356 -0.101504 0.012271
v -0.480416 -0.101287 0.046072
v -0.484386 -0.101446 0.042906
v -0.489966 -0.101504 0.038456
v -0.507388 -0.101287 0.067582
v -0.509592 -0.101446 0.063007
v -0.512688 -0.101504 0.056577
v -0.541023 -0.101287 0.075259
v -0.541023 -0.101446 0.070181
v -0.541023 -0.101504 0.063044
v -0.574657 -0.101287 0.067582
v -0.572454 -0.101446 0.063007
v -0.569357 -0.101504 0.056577
v -0.601629 -0.101287 0.046072
v -0.597659 -0.101446 0.042906
v -0.592079 -0.101504 0.038456
v -0.616598 -0.101287 0.014990
v -0.611647 -0.101446 0.013860
v -0.604689 -0.101504 0.012271
v -0.616598 -0.101287 -0.019510
v -0.611647 -0.101446 -0.018380
v -0.604689 -0.101504 -0.016791
v -0.601629 -0.101287 -0.050592
v -0.597659 -0.101446 -0.047426
v -0.592079 -0.101504 -0.042976
v -0.574657 -0.101287 -0.072102
v -0.572454 -0.101446 -0.067527
v -0.569357 -0.101504 -0.061097
v -0.528418 -0.043592 -0.114146
v -0.515969 -0.043592 -0.112025
v -0.503834 -0.043592 -0.108535
v -0.505090 0.156087 -0.104945
v -0.516816 0.156087 -0.108318
v -0.528844 0.156087 -0.110367
v -0.588026 0.151164 -0.099863
v -0.588328 0.143323 -0.100490
v -0.589060 0.131161 -0.102011
v -0.625719 0.151164 -0.069803
v -0.626264 0.143323 -0.070237
v -0.627583 0.131161 -0.071290
v -0.481121 -0.043592 -0.097597
v -0.470825 -0.043592 -0.090285
v -0.461406 -0.043592 -0.081875
v -0.464095 0.156087 -0.079185
v -0.473196 0.156087 -0.087312
v -0.483144 0.156087 -0.094376
v -0.646638 0.151164 -0.026366
v -0.647317 0.143323 -0.026521
v -0.648962 0.131161 -0.026896
v -0.445688 -0.043592 -0.062165
v -0.439584 -0.043592 -0.051110
v -0.434747 -0.043592 -0.039446
v -0.438337 0.156087 -0.038190
v -0.443011 0.156087 -0.049460
v -0.448908 0.156087 -0.060141
v -0.646638 0.151164 0.021846
v -0.647317 0.143323 0.022001
v -0.648962 0.131161 0.022376
v -0.429137 -0.043592 -0.014868
v -0.428435 -0.043592 -0.002260
v -0.429137 -0.043592 0.010348
v -0.432916 0.156087 0.009922
v -0.432237 0.156087 -0.002260
v -0.432916 0.156087 -0.014442
v -0.625719 0.151164 0.065283
v -0.626264 0.143323 0.065717
v -0.627583 0.131161 0.066770
v -0.434747 -0.043592 0.034926
v -0.439584 -0.043592 0.046590
v -0.445688 -0.043592 0.057645
v -0.448908 0.156087 0.055621
v -0.443011 0.156087 0.044940
v -0.438337 0.156087 0.033670
v -0.588026 0.151164 0.095343
v -0.588328 0.143323 0.095970
v -0.589060 0.131161 0.097491
v -0.461406 -0.043592 0.077355
v -0.470825 -0.043592 0.085765
v -0.481121 -0.043592 0.093077
v -0.483144 0.156087 0.089856
v -0.473196 0.156087 0.082792
v -0.464095 0.156087 0.074665
v -0.541023 0.151164 0.106071
v -0.541023 0.143323 0.106767
v -0.541023 0.131161 0.108455
v -0.503834 -0.043592 0.104015
v -0.515969 -0.043592 0.107505
v -0.528418 -0.043592 0.109626
v -0.528844 0.156087 0.105847
v -0.516816 0.156087 0.103798
v -0.505090 0.156087 0.100425
v -0.494019 0.151164 0.095343
v -0.493717 0.143323 0.095970
v -0.492985 0.131161 0.097491
v -0.553627 -0.043592 0.109626
v -0.566076 -0.043592 0.107505
v -0.578212 -0.043592 0.104015
v -0.576955 0.156087 0.100425
v -0.565230 0.156087 0.103798
v -0.553202 0.156087 0.105847
v -0.456326 0.151164 0.065283
v -0.455782 0.143323 0.065717
v -0.454462 0.131161 0.066770
v -0.600925 -0.043592 0.093077
v -0.611220 -0.043592 0.085765
v -0.620640 -0.043592 0.077355
v -0.617950 0.156087 0.074665
v -0.608849 0.156087 0.082792
v -0.598901 0.156087 0.089856
v -0.435407 0.151164 0.021846
v -0.434729 0.143323 0.022001
v -0.433083 0.131161 0.022376
v -0.636357 -0.043592 0.057645
v -0.642461 -0.043592 0.046590
v -0.647298 -0.043592 0.034926
v -0.643709 0.156087 0.033670
v -0.639035 0.156087 0.044940
v -0.633137 0.156087 0.055621
v -0.435407 0.151164 -0.026366
v -0.434729 0.143323 -0.026521
v -0.433083 0.131161 -0.026896
v -0.652908 -0.043592 0.010348
v -0.653611 -0.043592 -0.002260
v -0.652908 -0.043592 -0.014868
v -0.649129 0.156087 -0.014442
v -0.649808 0.156087 -0.002260
v -0.649129 0.156087 0.009922
v -0.456326 0.151164 -0.069803
v -0.455782 0.143323 -0.070237
v -0.454462 0.131161 -0.071290
v -0.647298 -0.043592 -0.039446
v -0.642461 -0.043592 -0.051110
v -0.636357 -0.043592 -0.062165
v -0.633137 0.156087 -0.060141
v -0.639035 0.156087 -0.049460
v -0.643709 0.156087 -0.038190
v -0.494019 0.151164 -0.099863
v -0.493717 0.143323 -0.100490
v -0.492985 0.131161 -0.102011
v -0.620640 -0.043592 -0.081875
v -0.611220 -0.043592 -0.090285
v -0.600925 -0.043592 -0.097597
v -0.598901 0.156087 -0.094376
v -0.608849 0.156087 -0.087312
v -0.617950 0.156087 -0.079185
v -0.591492 0.089073 -0.107060
v -0.592876 0.061202 -0.109935
v -0.594061 0.033122 -0.112395
v -0.578212 -0.043592 -0.108535
v -0.566076 -0.043592 -0.112025
v -0.553627 -0.043592 -0.114146
v -0.553202 0.156087 -0.110367
v -0.565230 0.156087 -0.108318
v -0.576955 0.156087 -0.104945
v -0.541023 0.131161 -0.112975
v -0.541023 0.143323 -0.111287
v -0.541023 0.151164 -0.110591
v -0.631965 0.089073 -0.074784
v -0.634459 0.061202 -0.076773
v -0.636594 0.033122 -0.078476
v -0.654426 0.089073 -0.028143
v -0.657536 0.061202 -0.028853
v -0.660198 0.033122 -0.029461
v -0.654426 0.089073 0.023623
v -0.657536 0.061202 0.024333
v -0.660198 0.033122 0.024941
v -0.631965 0.089073 0.070264
v -0.634459 0.061202 0.072253
v -0.636594 0.033122 0.073956
v -0.591492 0.089073 0.102540
v -0.592876 0.061202 0.105415
v -0.594061 0.033122 0.107875
v -0.541023 0.089073 0.114059
v -0.541023 0.061202 0.117250
v -0.541023 0.033122 0.119981
v -0.490554 0.089073 0.102540
v -0.489169 0.061202 0.105415
v -0.487984 0.033122 0.107875
v -0.450081 0.089073 0.070264
v -0.447586 0.061202 0.072253
v -0.445451 0.033122 0.073956
v -0.427620 0.089073 0.023623
v -0.424509 0.061202 0.024333
v -0.421847 0.033122 0.024941
v -0.427620 0.089073 -0.028143
v -0.424509 0.061202 -0.028853
v -0.421847 0.033122 -0.029461
v -0.450081 0.089073 -0.074784
v -0.447586 0.061202 -0.076773
v -0.445451 0.033122 -0.078476
v -0.490554 0.089073 -0.107060
v -0.489169 0.061202 -0.109935
v -0.487984 0.033122 -0.112395
v -0.541023 -0.034995 -0.120999
v -0.541023 -0.024565 -0.124758
v -0.541023 -0.010678 -0.126407
v -0.480789 0.113275 -0.098124
v -0.470437 0.113275 -0.090772
v -0.460965 0.113275 -0.082315
v -0.445160 0.113275 -0.062496
v -0.439023 0.113275 -0.051381
v -0.434159 0.113275 -0.039652
v -0.428518 0.113275 -0.014938
v -0.427811 0.113275 -0.002260
v -0.428518 0.113275 0.010418
v -0.434159 0.113275 0.035132
v -0.439023 0.113275 0.046861
v -0.445160 0.113275 0.057976
v -0.460965 0.113275 0.077795
v -0.470437 0.113275 0.086252
v -0.480789 0.113275 0.093604
v -0.503628 0.113275 0.104603
v -0.515831 0.113275 0.108113
v -0.528348 0.113275 0.110245
v -0.553697 0.113275 0.110245
v -0.566215 0.113275 0.108113
v -0.578417 0.113275 0.104603
v -0.601256 0.113275 0.093604
v -0.611609 0.113275 0.086252
v -0.621080 0.113275 0.077795
v -0.636885 0.113275 0.057976
v -0.643023 0.113275 0.046861
v -0.647887 0.113275 0.035132
v -0.653527 0.113275 0.010418
v -0.654234 0.113275 -0.002260
v -0.653527 0.113275 -0.014938
v -0.647887 0.113275 -0.039652
v -0.643023 0.113275 -0.051381
v -0.636885 0.113275 -0.062496
v -0.621080 0.113275 -0.082315
v -0.611609 0.113275 -0.090772
v -0.601256 0.113275 -0.098124
v -0.553697 0.113275 -0.114765
v -0.566215 0.113275 -0.112633
v -0.578417 0.113275 -0.109123
v -0.528348 0.113275 -0.114765
v -0.515831 0.113275 -0.112633
v -0.503628 0.113275 -0.109123
v -0.541023 0.033122 -0.124501
v -0.541023 0.061202 -0.121770
v -0.541023 0.089073 -0.118579
v -0.487157 -0.010678 -0.114113
v -0.487873 -0.024565 -0.112627
v -0.489504 -0.034995 -0.109241
v -0.443960 -0.010678 -0.079665
v -0.445249 -0.024565 -0.078637
v -0.448188 -0.034995 -0.076293
v -0.419988 -0.010678 -0.029885
v -0.421595 -0.024565 -0.029518
v -0.425260 -0.034995 -0.028682
v -0.419988 -0.010678 0.025365
v -0.421595 -0.024565 0.024998
v -0.425260 -0.034995 0.024162
v -0.443960 -0.010678 0.075145
v -0.445249 -0.024565 0.074117
v -0.448188 -0.034995 0.071773
v -0.487157 -0.010678 0.109593
v -0.487873 -0.024565 0.108107
v -0.489504 -0.034995 0.104721
v -0.541023 -0.010678 0.121887
v -0.541023 -0.024565 0.120239
v -0.541023 -0.034995 0.116479
v -0.594888 -0.010678 0.109593
v -0.594173 -0.024565 0.108107
v -0.592542 -0.034995 0.104721
v -0.638085 -0.010678 0.075145
v -0.636796 -0.024565 0.074117
v -0.633857 -0.034995 0.071773
v -0.662057 -0.010678 0.025365
v -0.660450 -0.024565 0.024998
v -0.656785 -0.034995 0.024162
v -0.662057 -0.010678 -0.029885
v -0.660450 -0.024565 -0.029518
v -0.656785 -0.034995 -0.028682
v -0.638085 -0.010678 -0.079665
v -0.636796 -0.024565 -0.078637
v -0.633857 -0.034995 -0.076293
v -0.594888 -0.010678 -0.114113
v -0.594173 -0.024565 -0.112627
v -0.592542 -0.034995 -0.109241
v -0.527147 0.008291 -0.125429
v -0.513443 0.008291 -0.123094
v -0.500084 0.008291 -0.119252
v -0.554899 0.008291 -0.125429
v -0.568602 0.008291 -0.123094
v -0.581962 0.008291 -0.119252
v -0.475080 0.008291 -0.107211
v -0.463746 0.008291 -0.099162
v -0.453377 0.008291 -0.089903
v -0.436074 0.008291 -0.068206
v -0.429355 0.008291 -0.056036
v -0.424030 0.008291 -0.043196
v -0.417854 0.008291 -0.016140
v -0.417081 0.008291 -0.002260
v -0.417854 0.008291 0.011620
v -0.424030 0.008291 0.038676
v -0.429355 0.008291 0.051516
v -0.436074 0.008291 0.063686
v -0.453377 0.008291 0.085383
v -0.463746 0.008291 0.094642
v -0.475080 0.008291 0.102691
v -0.500084 0.008291 0.114732
v -0.513443 0.008291 0.118574
v -0.527147 0.008291 0.120909
v -0.554899 0.008291 0.120909
v -0.568602 0.008291 0.118574
v -0.581962 0.008291 0.114732
v -0.606965 0.008291 0.102691
v -0.618299 0.008291 0.094642
v -0.628668 0.008291 0.085383
v -0.645971 0.008291 0.063686
v -0.652690 0.008291 0.051516
v -0.658016 0.008291 0.038676
v -0.664191 0.008291 0.011620
v -0.664964 0.008291 -0.002260
v -0.664191 0.008291 -0.016140
v -0.658016 0.008291 -0.043196
v -0.652690 0.008291 -0.056036
v -0.645971 0.008291 -0.068206
v -0.628668 0.008291 -0.089903
v -0.618299 0.008291 -0.099162
v -0.606965 0.008291 -0.107211
v -0.532286 -0.072231 -0.079813
v -0.523657 -0.072231 -0.078343
v -0.515245 -0.072231 -0.075924
v -0.499502 -0.072231 -0.068342
v -0.492366 -0.072231 -0.063274
v -0.485837 -0.072231 -0.057444
v -0.474942 -0.072231 -0.043783
v -0.470711 -0.072231 -0.036120
v -0.467358 -0.072231 -0.028035
v -0.463470 -0.072231 -0.010999
v -0.462983 -0.072231 -0.002260
v -0.463470 -0.072231 0.006479
v -0.467358 -0.072231 0.023515
v -0.470711 -0.072231 0.031600
v -0.474942 -0.072231 0.039263
v -0.485837 -0.072231 0.052924
v -0.492366 -0.072231 0.058754
v -0.499502 -0.072231 0.063822
v -0.515245 -0.072231 0.071404
v -0.523657 -0.072231 0.073823
v -0.532286 -0.072231 0.075293
v -0.549760 -0.072231 0.075293
v -0.558388 -0.072231 0.073823
v -0.566800 -0.072231 0.071404
v -0.582543 -0.072231 0.063822
v -0.589680 -0.072231 0.058754
v -0.596209 -0.072231 0.052924
v -0.607104 -0.072231 0.039263
v -0.611334 -0.072231 0.031600
v -0.614687 -0.072231 0.023515
v -0.618576 -0.072231 0.006479
v -0.619063 -0.072231 -0.002260
v -0.618576 -0.072231 -0.010999
v -0.614687 -0.072231 -0.028035
v -0.611334 -0.072231 -0.036120
v -0.607104 -0.072231 -0.043783
v -0.596209 -0.072231 -0.057444
v -0.589680 -0.072231 -0.063274
v -0.582543 -0.072231 -0.068342
v -0.566800 -0.072231 -0.075924
v -0.558388 -0.072231 -0.078343
v -0.549760 -0.072231 -0.079813
v -0.495850 -0.051670 -0.096062
v -0.500019 -0.059299 -0.087405
v -0.504010 -0.066234 -0.079118
v -0.541023 -0.066234 -0.087566
v -0.541023 -0.059299 -0.096764
v -0.541023 -0.051670 -0.106372
v -0.459624 -0.051670 -0.067173
v -0.467136 -0.059299 -0.061182
v -0.474327 -0.066234 -0.055448
v -0.439521 -0.051670 -0.025427
v -0.448888 -0.059299 -0.023289
v -0.457855 -0.066234 -0.021242
v -0.439521 -0.051670 0.020907
v -0.448888 -0.059299 0.018769
v -0.457855 -0.066234 0.016722
v -0.459624 -0.051670 0.062653
v -0.467136 -0.059299 0.056662
v -0.474327 -0.066234 0.050928
v -0.495850 -0.051670 0.091542
v -0.500019 -0.059299 0.082885
v -0.504010 -0.066234 0.074598
v -0.541023 -0.051670 0.101852
v -0.541023 -0.059299 0.092244
v -0.541023 -0.066234 0.083046
v -0.586195 -0.051670 0.091542
v -0.582026 -0.059299 0.082885
v -0.578036 -0.066234 0.074598
v -0.622421 -0.051670 0.062653
v -0.614909 -0.059299 0.056662
v -0.607718 -0.066234 0.050928
v -0.642525 -0.051670 0.020907
v -0.633157 -0.059299 0.018769
v -0.624190 -0.066234 0.016722
v -0.642525 -0.051670 -0.025427
v -0.633157 -0.059299 -0.023289
v -0.624190 -0.066234 -0.021242
v -0.622421 -0.051670 -0.067173
v -0.614909 -0.059299 -0.061182
v -0.607718 -0.066234 -0.055448
v -0.586195 -0.051670 -0.096062
v -0.582026 -0.059299 -0.087405
v -0.578036 -0.066234 -0.079118
v -0.533132 -0.091268 -0.072303
v -0.525339 -0.091268 -0.070975
v -0.517742 -0.091268 -0.068790
v -0.503523 -0.091268 -0.061943
v -0.497078 -0.091268 -0.057365
v -0.491181 -0.091268 -0.052100
v -0.481341 -0.091268 -0.039762
v -0.477520 -0.091268 -0.032841
v -0.474492 -0.091268 -0.025539
v -0.470980 -0.091268 -0.010153
v -0.470540 -0.091268 -0.002260
v -0.470980 -0.091268 0.005633
v -0.474492 -0.091268 0.021019
v -0.477520 -0.091268 0.028321
v -0.481341 -0.091268 0.035242
v -0.491181 -0.091268 0.047580
v -0.497078 -0.091268 0.052845
v -0.503523 -0.091268 0.057423
v -0.517742 -0.091268 0.064270
v -0.525339 -0.091268 0.066455
v -0.533132 -0.091268 0.067783
v -0.548914 -0.091268 0.067783
v -0.556706 -0.091268 0.066455
v -0.564304 -0.091268 0.064270
v -0.578523 -0.091268 0.057423
v -0.584968 -0.091268 0.052845
v -0.590865 -0.091268 0.047580
v -0.600704 -0.091268 0.035242
v -0.604525 -0.091268 0.028321
v -0.607554 -0.091268 0.021019
v -0.611065 -0.091268 0.005633
v -0.611505 -0.091268 -0.002260
v -0.611065 -0.091268 -0.010153
v -0.607554 -0.091268 -0.025539
v -0.604525 -0.091268 -0.032841
v -0.600704 -0.091268 -0.039762
v -0.590865 -0.091268 -0.052100
v -0.584968 -0.091268 -0.057365
v -0.578523 -0.091268 -0.061943
v -0.564304 -0.091268 -0.068790
v -0.556706 -0.091268 -0.070975
v -0.548914 -0.091268 -0.072303
v -0.486059 -0.095209 0.041572
v -0.485819 -0.094293 0.041764
v -0.485682 -0.092876 0.041872
v -0.471052 -0.084467 0.013710
v -0.470748 -0.081123 0.013780
v -0.469037 -0.077134 0.014170
v -0.571525 -0.095209 -0.065599
v -0.571659 -0.094293 -0.065876
v -0.571734 -0.092876 -0.066033
v -0.597135 -0.084467 -0.047008
v -0.597378 -0.081123 -0.047202
v -0.598751 -0.077134 -0.048296
v -0.510520 -0.095209 0.061079
v -0.510387 -0.094293 0.061356
v -0.510311 -0.092876 0.061513
v -0.541023 -0.095209 -0.072561
v -0.541023 -0.094293 -0.072869
v -0.541023 -0.092876 -0.073043
v -0.541023 -0.095209 0.068041
v -0.541023 -0.094293 0.068349
v -0.541023 -0.092876 0.068523
v -0.571525 -0.095209 0.061079
v -0.571659 -0.094293 0.061356
v -0.571734 -0.092876 0.061513
v -0.510520 -0.095209 -0.065599
v -0.510387 -0.094293 -0.065876
v -0.510311 -0.092876 -0.066033
v -0.595986 -0.095209 0.041572
v -0.596227 -0.094293 0.041764
v -0.596363 -0.092876 0.041872
v -0.486059 -0.095209 -0.046092
v -0.485819 -0.094293 -0.046284
v -0.485682 -0.092876 -0.046392
v -0.609561 -0.095209 0.013383
v -0.609861 -0.094293 0.013452
v -0.610031 -0.092876 0.013491
v -0.472485 -0.095209 -0.017903
v -0.472184 -0.094293 -0.017972
v -0.472014 -0.092876 -0.018011
v -0.609561 -0.095209 -0.017903
v -0.609861 -0.094293 -0.017972
v -0.610031 -0.092876 -0.018011
v -0.483295 -0.077134 0.043776
v -0.484667 -0.081123 0.042682
v -0.484910 -0.084467 0.042488
v -0.472276 -0.094395 0.013431
v -0.471714 -0.092606 0.013559
v -0.471177 -0.090201 0.013682
v -0.573059 -0.077134 -0.068785
v -0.572298 -0.081123 -0.067203
v -0.572163 -0.084467 -0.066923
v -0.596153 -0.094395 -0.046225
v -0.596604 -0.092606 -0.046584
v -0.597035 -0.090201 -0.046928
v -0.508986 -0.077134 0.064265
v -0.509748 -0.081123 0.062683
v -0.509883 -0.084467 0.062403
v -0.541023 -0.077134 -0.076097
v -0.541023 -0.081123 -0.074342
v -0.541023 -0.084467 -0.074030
v -0.541023 -0.077134 0.071577
v -0.541023 -0.081123 0.069822
v -0.541023 -0.084467 0.069510
v -0.573059 -0.077134 0.064265
v -0.572298 -0.081123 0.062683
v -0.572163 -0.084467 0.062403
v -0.508986 -0.077134 -0.068785
v -0.509748 -0.081123 -0.067203
v -0.509883 -0.084467 -0.066923
v -0.598751 -0.077134 0.043776
v -0.597378 -0.081123 0.042682
v -0.597135 -0.084467 0.042488
v -0.483295 -0.077134 -0.048296
v -0.484667 -0.081123 -0.047202
v -0.484910 -0.084467 -0.047008
v -0.613008 -0.077134 0.014170
v -0.611297 -0.081123 0.013780
v -0.610994 -0.084467 0.013710
v -0.469037 -0.077134 -0.018690
v -0.470748 -0.081123 -0.018300
v -0.471052 -0.084467 -0.018230
v -0.613008 -0.077134 -0.018690
v -0.611297 -0.081123 -0.018300
v -0.610994 -0.084467 -0.018230
v -0.601889 -0.087432 -0.040506
v -0.605786 -0.087432 -0.033448
v -0.608874 -0.087432 -0.026001
v -0.469589 -0.087432 0.005790
v -0.469141 -0.087432 -0.002260
v -0.469589 -0.087432 -0.010310
v -0.612456 -0.087432 -0.010310
v -0.612905 -0.087432 -0.002260
v -0.612456 -0.087432 0.005790
v -0.473171 -0.087432 -0.026001
v -0.476259 -0.087432 -0.033448
v -0.480156 -0.087432 -0.040506
v -0.608874 -0.087432 0.021481
v -0.605786 -0.087432 0.028928
v -0.601889 -0.087432 0.035986
v -0.490191 -0.087432 -0.053090
v -0.496205 -0.087432 -0.058460
v -0.502778 -0.087432 -0.063128
v -0.591854 -0.087432 0.048570
v -0.585840 -0.087432 0.053940
v -0.579267 -0.087432 0.058608
v -0.517279 -0.087432 -0.070111
v -0.525027 -0.087432 -0.072340
v -0.532975 -0.087432 -0.073693
v -0.564766 -0.087432 0.065591
v -0.557018 -0.087432 0.067820
v -0.549070 -0.087432 0.069173
v -0.532975 -0.087432 0.069173
v -0.525027 -0.087432 0.067820
v -0.517279 -0.087432 0.065591
v -0.549070 -0.087432 -0.073693
v -0.557018 -0.087432 -0.072340
v -0.564766 -0.087432 -0.070111
v -0.502778 -0.087432 0.058608
v -0.496205 -0.087432 0.053940
v -0.490191 -0.087432 0.048570
v -0.579267 -0.087432 -0.063128
v -0.585840 -0.087432 -0.058460
v -0.591854 -0.087432 -0.053090
v -0.480156 -0.087432 0.035986
v -0.476259 -0.087432 0.028928
v -0.473171 -0.087432 0.021481
v -0.485011 -0.090201 0.042408
v -0.485442 -0.092606 0.042064
v -0.485892 -0.094395 0.041705
v -0.572107 -0.090201 -0.066807
v -0.571868 -0.092606 -0.066311
v -0.571618 -0.094395 -0.065791
v -0.509938 -0.090201 0.062287
v -0.510178 -0.092606 0.061791
v -0.510428 -0.094395 0.061271
v -0.541023 -0.090201 -0.073902
v -0.541023 -0.092605 -0.073351
v -0.541023 -0.094395 -0.072774
v -0.541023 -0.090201 0.069382
v -0.541023 -0.092606 0.068831
v -0.541023 -0.094395 0.068254
v -0.572107 -0.090201 0.062287
v -0.571868 -0.092606 0.061791
v -0.571618 -0.094395 0.061271
v -0.509938 -0.090201 -0.066807
v -0.510178 -0.092606 -0.066311
v -0.510428 -0.094395 -0.065791
v -0.597035 -0.090201 0.042408
v -0.596604 -0.092606 0.042064
v -0.596153 -0.094395 0.041705
v -0.485011 -0.090201 -0.046928
v -0.485442 -0.092606 -0.046584
v -0.485892 -0.094395 -0.046225
v -0.610869 -0.090201 0.013682
v -0.610331 -0.092606 0.013559
v -0.609769 -0.094395 0.013431
v -0.471177 -0.090201 -0.018202
v -0.471714 -0.092606 -0.018079
v -0.472276 -0.094395 -0.017951
v -0.610869 -0.090201 -0.018202
v -0.610331 -0.092606 -0.018079
v -0.609769 -0.094395 -0.017951
v -0.472014 -0.092876 0.013491
v -0.472184 -0.094293 0.013452
v -0.472485 -0.095209 0.013383
v -0.596363 -0.092876 -0.046392
v -0.596227 -0.094293 -0.046284
v -0.595986 -0.095209 -0.046092
v -0.600452 -0.095316 -0.039603
v -0.604257 -0.095316 -0.032712
v -0.607272 -0.095316 -0.025441
v -0.471276 -0.095316 0.005600
v -0.470838 -0.095316 -0.002260
v -0.471276 -0.095316 -0.010120
v -0.610769 -0.095316 -0.010120
v -0.611207 -0.095316 -0.002260
v -0.610769 -0.095316 0.005600
v -0.474773 -0.095316 -0.025441
v -0.477789 -0.095316 -0.032712
v -0.481593 -0.095316 -0.039603
v -0.607272 -0.095316 0.020921
v -0.604257 -0.095316 0.028192
v -0.600452 -0.095316 0.035083
v -0.491392 -0.095316 -0.051890
v -0.497263 -0.095316 -0.057132
v -0.503681 -0.095316 -0.061690
v -0.590654 -0.095316 0.047370
v -0.584782 -0.095316 0.052612
v -0.578364 -0.095316 0.057170
v -0.517840 -0.095316 -0.068509
v -0.525405 -0.095316 -0.070685
v -0.533165 -0.095316 -0.072007
v -0.564205 -0.095316 0.063989
v -0.556640 -0.095316 0.066165
v -0.548880 -0.095316 0.067487
v -0.533165 -0.095316 0.067487
v -0.525405 -0.095316 0.066165
v -0.517840 -0.095316 0.063989
v -0.548880 -0.095316 -0.072007
v -0.556640 -0.095316 -0.070685
v -0.564205 -0.095316 -0.068509
v -0.503681 -0.095316 0.057170
v -0.497263 -0.095316 0.052612
v -0.491392 -0.095316 0.047370
v -0.578364 -0.095316 -0.061690
v -0.584782 -0.095316 -0.057132
v -0.590654 -0.095316 -0.051890
v -0.481593 -0.095316 0.035083
v -0.477789 -0.095316 0.028192
v -0.474773 -0.095316 0.020921
v -0.536711 -0.086673 -0.053127
v -0.530260 -0.086574 -0.049416
v -0.522837 -0.086673 -0.049960
v -0.515068 -0.086673 -0.046219
v -0.510865 -0.086574 -0.040076
v -0.503941 -0.086673 -0.037346
v -0.498565 -0.086673 -0.030604
v -0.497444 -0.086574 -0.023246
v -0.492390 -0.086673 -0.017782
v -0.490472 -0.086673 -0.009376
v -0.492654 -0.086574 -0.002260
v -0.490472 -0.086673 0.004856
v -0.492390 -0.086673 0.013262
v -0.497444 -0.086574 0.018726
v -0.498565 -0.086673 0.026084
v -0.503941 -0.086673 0.032826
v -0.510865 -0.086574 0.035556
v -0.515068 -0.086673 0.041699
v -0.522837 -0.086673 0.045440
v -0.530260 -0.086574 0.044896
v -0.536711 -0.086673 0.048607
v -0.545334 -0.086673 0.048607
v -0.551786 -0.086574 0.044896
v -0.559209 -0.086673 0.045440
v -0.566977 -0.086673 0.041699
v -0.571180 -0.086574 0.035556
v -0.578104 -0.086673 0.032826
v -0.583480 -0.086673 0.026084
v -0.584601 -0.086574 0.018726
v -0.589655 -0.086673 0.013262
v -0.591574 -0.086673 0.004856
v -0.589391 -0.086574 -0.002260
v -0.591574 -0.086673 -0.009376
v -0.589655 -0.086673 -0.017782
v -0.584601 -0.086574 -0.023246
v -0.583480 -0.086673 -0.030604
v -0.578104 -0.086673 -0.037346
v -0.571180 -0.086574 -0.040076
v -0.566977 -0.086673 -0.046219
v -0.559209 -0.086673 -0.049960
v -0.551786 -0.086574 -0.049416
v -0.545334 -0.086673 -0.053127
v -0.510953 -0.089746 -0.064701
v -0.512202 -0.088443 -0.062106
v -0.514474 -0.087451 -0.057390
v -0.541023 -0.087451 -0.063449
v -0.541023 -0.088443 -0.068684
v -0.541023 -0.089746 -0.071564
v -0.486838 -0.089746 -0.045471
v -0.489090 -0.088443 -0.043675
v -0.493183 -0.087451 -0.040411
v -0.473456 -0.089746 -0.017682
v -0.476264 -0.088443 -0.017041
v -0.481367 -0.087451 -0.015876
v -0.473456 -0.089746 0.013162
v -0.476264 -0.088443 0.012521
v -0.481367 -0.087451 0.011356
v -0.486838 -0.089746 0.040951
v -0.489090 -0.088443 0.039155
v -0.493183 -0.087451 0.035891
v -0.510953 -0.089746 0.060181
v -0.512202 -0.088443 0.057586
v -0.514474 -0.087451 0.052870
v -0.541023 -0.089746 0.067044
v -0.541023 -0.088442 0.064164
v -0.541023 -0.087451 0.058929
v -0.571093 -0.089746 0.060181
v -0.569843 -0.088442 0.057586
v -0.567572 -0.087451 0.052870
v -0.595207 -0.089746 0.040951
v -0.592955 -0.088443 0.039155
v -0.588862 -0.087451 0.035891
v -0.608589 -0.089746 0.013162
v -0.605781 -0.088442 0.012521
v -0.600678 -0.087451 0.011356
v -0.608589 -0.089746 -0.017682
v -0.605781 -0.088442 -0.017041
v -0.600678 -0.087451 -0.015876
v -0.595207 -0.089746 -0.045471
v -0.592955 -0.088442 -0.043675
v -0.588862 -0.087451 -0.040411
v -0.571093 -0.089746 -0.064701
v -0.569843 -0.088443 -0.062106
v -0.567572 -0.087451 -0.057390
v -0.541023 0.158887 -0.118423
v -0.541023 0.160274 -0.115354
v -0.541023 0.159179 -0.112755
v -0.490622 0.158887 -0.106919
v -0.491953 0.160274 -0.104155
v -0.493081 0.159179 -0.101813
v -0.450203 0.158887 -0.074686
v -0.452602 0.160274 -0.072773
v -0.454634 0.159179 -0.071153
v -0.427772 0.158887 -0.028109
v -0.430764 0.160274 -0.027426
v -0.433298 0.159179 -0.026848
v -0.427772 0.158887 0.023589
v -0.430764 0.160274 0.022906
v -0.433298 0.159179 0.022328
v -0.450203 0.158887 0.070166
v -0.452602 0.160274 0.068253
v -0.454634 0.159179 0.066633
v -0.490621 0.158887 0.102399
v -0.491953 0.160274 0.099635
v -0.493081 0.159179 0.097293
v -0.541023 0.158887 0.113903
v -0.541023 0.160274 0.110834
v -0.541023 0.159179 0.108235
v -0.591424 0.158887 0.102399
v -0.590092 0.160274 0.099635
v -0.588965 0.159179 0.097293
v -0.631842 0.158887 0.070166
v -0.629443 0.160274 0.068253
v -0.627411 0.159179 0.066633
v -0.654273 0.158887 0.023589
v -0.651282 0.160274 0.022906
v -0.648748 0.159179 0.022328
v -0.654273 0.158887 -0.028109
v -0.651282 0.160274 -0.027426
v -0.648748 0.159179 -0.026848
v -0.631842 0.158887 -0.074686
v -0.629443 0.160274 -0.072773
v -0.627411 0.159179 -0.071153
v -0.591424 0.158887 -0.106919
v -0.590092 0.160274 -0.104155
v -0.588965 0.159179 -0.101813
v -0.740007 -0.008778 0.008958
v -0.740580 -0.009760 -0.002260
v -0.740007 -0.008778 -0.013478
v -0.728833 0.010365 0.024954
v -0.732176 0.004639 0.026646
v -0.735518 -0.001088 0.024397
v -0.728833 0.010365 -0.029474
v -0.732176 0.004639 -0.031166
v -0.735518 -0.001088 -0.028917
v -0.724345 0.018056 0.009516
v -0.723772 0.019037 -0.002260
v -0.724345 0.018056 -0.014036
v -0.696971 -0.034377 -0.022907
v -0.709831 -0.026325 -0.022897
v -0.724063 -0.016671 -0.022886
v -0.686833 -0.015622 -0.023951
v -0.684303 -0.016161 -0.024876
v -0.682502 -0.013767 -0.027468
v -0.696971 -0.034377 0.018387
v -0.709831 -0.026325 0.018377
v -0.724063 -0.016671 0.018366
v -0.686833 -0.015622 0.019431
v -0.684303 -0.016161 0.020356
v -0.682502 -0.013767 0.022948
v -0.672632 -0.048515 -0.025964
v -0.676245 -0.046592 -0.023808
v -0.680370 -0.044232 -0.023032
v -0.716186 0.006581 -0.023714
v -0.706502 -0.001165 -0.023746
v -0.697864 -0.007720 -0.023777
v -0.672632 -0.048515 0.021444
v -0.676245 -0.046592 0.019288
v -0.680370 -0.044232 0.018512
v -0.716186 0.006581 0.019194
v -0.706502 -0.001165 0.019226
v -0.697864 -0.007720 0.019257
v -0.690160 -0.018958 0.025079
v -0.688995 -0.026542 0.026752
v -0.687830 -0.034125 0.024469
v -0.691725 -0.008775 -0.014104
v -0.691925 -0.007475 -0.002260
v -0.691725 -0.008775 0.009584
v -0.686266 -0.044308 0.008974
v -0.686066 -0.045608 -0.002260
v -0.686266 -0.044308 -0.013494
v -0.687830 -0.034125 -0.028989
v -0.688995 -0.026542 -0.031272
v -0.690160 -0.018958 -0.029599
v -0.781761 0.042187 0.008954
v -0.782816 0.041843 -0.002260
v -0.781761 0.042187 -0.013474
v -0.761176 0.048885 0.024923
v -0.767334 0.046881 0.026620
v -0.773492 0.044878 0.024379
v -0.761176 0.048885 -0.029443
v -0.767334 0.046881 -0.031140
v -0.773492 0.044878 -0.028899
v -0.752907 0.051576 0.009499
v -0.751852 0.051919 -0.002260
v -0.752907 0.051576 -0.014019
v -0.751298 0.005804 -0.022872
v -0.762579 0.017997 -0.022869
v -0.771791 0.030538 -0.022868
v -0.750701 0.042009 -0.023660
v -0.743691 0.033090 -0.023663
v -0.735370 0.024039 -0.023672
v -0.751298 0.005804 0.018352
v -0.762579 0.017997 0.018349
v -0.771791 0.030538 0.018348
v -0.750701 0.042009 0.019140
v -0.743691 0.033090 0.019143
v -0.735370 0.024039 0.019152
v -0.783535 0.091721 0.008954
v -0.784523 0.092248 -0.002260
v -0.783535 0.091721 -0.013474
v -0.764268 0.081452 0.024923
v -0.770032 0.084524 0.026620
v -0.775795 0.087596 0.024379
v -0.764268 0.081452 -0.029443
v -0.770032 0.084524 -0.031140
v -0.775795 0.087596 -0.028899
v -0.756528 0.077327 0.009499
v -0.755540 0.076800 -0.002260
v -0.756528 0.077327 -0.014019
v -0.782736 0.055811 0.018348
v -0.784319 0.068032 0.018348
v -0.783534 0.079577 0.018348
v -0.783534 0.079577 -0.022868
v -0.784319 0.068032 -0.022868
v -0.782736 0.055811 -0.022868
v -0.759560 0.058494 -0.023660
v -0.761208 0.065845 -0.023660
v -0.761143 0.072636 -0.023660
v -0.761143 0.072636 0.019140
v -0.761208 0.065845 0.019140
v -0.759560 0.058494 0.019140
v -0.752426 0.121232 0.008954
v -0.752905 0.122240 -0.002260
v -0.752426 0.121232 -0.013474
v -0.743087 0.101576 0.024923
v -0.745881 0.107456 0.026620
v -0.748675 0.113336 0.024379
v -0.743087 0.101576 -0.029443
v -0.745881 0.107456 -0.031140
v -0.748675 0.113336 -0.028899
v -0.739336 0.093679 0.009499
v -0.738857 0.092671 -0.002260
v -0.739336 0.093679 -0.014019
v -0.756400 0.084649 -0.023660
v -0.752087 0.089681 -0.023660
v -0.746798 0.093775 -0.023660
v -0.746798 0.093775 0.019140
v -0.752087 0.089681 0.019140
v -0.756400 0.084649 0.019140
v -0.760620 0.113630 0.018348
v -0.768902 0.107328 0.018348
v -0.775624 0.099450 0.018348
v -0.775624 0.099450 -0.022868
v -0.768902 0.107328 -0.022868
v -0.760620 0.113630 -0.022868
v -0.706386 0.123470 0.008905
v -0.706173 0.124640 -0.002260
v -0.706386 0.123470 -0.013424
v -0.710542 0.100662 0.024734
v -0.709298 0.107485 0.026440
v -0.708055 0.114308 0.024233
v -0.710542 0.100662 -0.029253
v -0.709298 0.107485 -0.030960
v -0.708055 0.114308 -0.028753
v -0.712211 0.091500 0.009405
v -0.712424 0.090330 -0.002260
v -0.712211 0.091500 -0.013925
v -0.740283 0.120972 -0.022866
v -0.729009 0.122058 -0.022855
v -0.717734 0.121657 -0.022826
v -0.719613 0.097401 -0.023591
v -0.727160 0.098503 -0.023639
v -0.734213 0.098283 -0.023657
v -0.740283 0.120972 0.018346
v -0.729009 0.122058 0.018335
v -0.717734 0.121657 0.018306
v -0.719613 0.097401 0.019071
v -0.727160 0.098503 0.019119
v -0.734213 0.098283 0.019137
v -0.676786 0.111903 0.008706
v -0.676575 0.113218 -0.002259
v -0.676786 0.111903 -0.013225
v -0.680914 0.086252 0.023974
v -0.679680 0.093925 0.025719
v -0.678445 0.101599 0.023649
v -0.680914 0.086252 -0.028493
v -0.679680 0.093925 -0.030238
v -0.678445 0.101599 -0.028168
v -0.682572 0.075948 0.009031
v -0.682784 0.074633 -0.002259
v -0.682572 0.075948 -0.013550
v -0.703153 0.091467 -0.023349
v -0.694941 0.087328 -0.023171
v -0.687635 0.083251 -0.022992
v -0.687635 0.083251 0.018473
v -0.694941 0.087328 0.018652
v -0.703153 0.091467 0.018830
v -0.682374 0.110667 0.017943
v -0.689101 0.113941 0.018051
v -0.697390 0.117225 0.018160
v -0.697390 0.117225 -0.022679
v -0.689101 0.113941 -0.022571
v -0.682374 0.110667 -0.022462
v -0.597504 0.101846 -0.119545
v -0.598182 0.089958 -0.120953
v -0.598866 0.077189 -0.122373
v -0.642799 0.101846 -0.083424
v -0.644020 0.089958 -0.084398
v -0.645253 0.077189 -0.085381
v -0.668552 0.101240 -0.037655
v -0.669736 0.090204 -0.039636
v -0.671342 0.078607 -0.038344
v -0.668552 0.101240 0.033135
v -0.669736 0.090204 0.035116
v -0.671342 0.078607 0.033825
v -0.642799 0.101846 0.078904
v -0.644020 0.089958 0.079878
v -0.645253 0.077189 0.080861
v -0.597504 0.101846 0.115025
v -0.598182 0.089958 0.116433
v -0.598866 0.077189 0.117853
v -0.541023 0.101846 0.127917
v -0.541023 0.089958 0.129479
v -0.541023 0.077189 0.131055
v -0.484541 0.101846 0.115025
v -0.483863 0.089958 0.116433
v -0.483179 0.077189 0.117853
v -0.439247 0.101846 0.078904
v -0.438025 0.089958 0.079878
v -0.436793 0.077189 0.080861
v -0.414110 0.101846 0.026707
v -0.412586 0.089958 0.027055
v -0.411050 0.077189 0.027405
v -0.414110 0.101846 -0.031227
v -0.412586 0.089958 -0.031575
v -0.411050 0.077189 -0.031925
v -0.439247 0.101846 -0.083424
v -0.438025 0.089958 -0.084398
v -0.436793 0.077189 -0.085381
v -0.484541 0.101846 -0.119545
v -0.483863 0.089958 -0.120953
v -0.483179 0.077189 -0.122373
v -0.541023 0.011586 -0.142062
v -0.541023 0.029053 -0.140872
v -0.541023 0.046518 -0.139149
v -0.636493 0.062841 -0.097727
v -0.625198 0.062841 -0.107812
v -0.612852 0.062841 -0.116580
v -0.556137 0.062841 -0.136424
v -0.571064 0.062841 -0.133881
v -0.585616 0.062841 -0.129696
v -0.668857 0.063474 -0.047548
v -0.662776 0.063024 -0.061071
v -0.655355 0.062863 -0.074122
v -0.676454 0.059004 0.012420
v -0.677174 0.057516 -0.002260
v -0.676454 0.059004 -0.016939
v -0.655355 0.062863 0.069602
v -0.662776 0.063024 0.056551
v -0.668857 0.063474 0.043028
v -0.612852 0.062841 0.112060
v -0.625198 0.062841 0.103292
v -0.636493 0.062841 0.093207
v -0.556137 0.062841 0.131904
v -0.571064 0.062841 0.129361
v -0.585616 0.062841 0.125176
v -0.496429 0.062841 0.125176
v -0.510981 0.062841 0.129361
v -0.525908 0.062841 0.131904
v -0.445553 0.062841 0.093207
v -0.456848 0.062841 0.103292
v -0.469193 0.062841 0.112060
v -0.413586 0.062841 0.042330
v -0.419386 0.062841 0.056317
v -0.426705 0.062841 0.069573
v -0.406859 0.062841 -0.017379
v -0.406016 0.062841 -0.002260
v -0.406859 0.062841 0.012859
v -0.426705 0.062841 -0.074093
v -0.419386 0.062841 -0.060837
v -0.413586 0.062841 -0.046850
v -0.469193 0.062841 -0.116580
v -0.456848 0.062841 -0.107812
v -0.445553 0.062841 -0.097727
v -0.525908 0.062841 -0.136424
v -0.510981 0.062841 -0.133881
v -0.496429 0.062841 -0.129696
v -0.678311 0.077598 -0.022875
v -0.676277 0.075434 -0.023713
v -0.675092 0.072034 -0.026214
v -0.674284 0.106334 -0.022431
v -0.672298 0.106192 -0.023224
v -0.670577 0.107977 -0.025534
v -0.678311 0.077598 0.018356
v -0.676277 0.075434 0.019194
v -0.675092 0.072034 0.021695
v -0.674284 0.106334 0.017912
v -0.672298 0.106192 0.018705
v -0.670577 0.107977 0.021015
v -0.634456 -0.041721 -0.095691
v -0.637523 -0.031274 -0.098758
v -0.639337 -0.019028 -0.100572
v -0.623402 -0.041721 -0.105561
v -0.626106 -0.031274 -0.108952
v -0.627706 -0.019028 -0.110957
v -0.611320 -0.041721 -0.114141
v -0.613628 -0.031274 -0.117814
v -0.614992 -0.019028 -0.119986
v -0.473653 0.125499 -0.109482
v -0.474789 0.136972 -0.107674
v -0.476088 0.146981 -0.105607
v -0.462074 0.125499 -0.101259
v -0.463405 0.136972 -0.099590
v -0.464927 0.146981 -0.097681
v -0.451480 0.125499 -0.091800
v -0.452990 0.136972 -0.090290
v -0.454717 0.146981 -0.088564
v -0.433803 0.125499 -0.069633
v -0.435611 0.136972 -0.068497
v -0.437678 0.146981 -0.067198
v -0.426938 0.125499 -0.057200
v -0.428862 0.136972 -0.056274
v -0.431062 0.146981 -0.055214
v -0.421498 0.125499 -0.044082
v -0.423513 0.136972 -0.043376
v -0.425818 0.146981 -0.042570
v -0.415189 0.125499 -0.016440
v -0.417310 0.136972 -0.016201
v -0.419737 0.146981 -0.015927
v -0.414398 0.125499 -0.002260
v -0.416534 0.136972 -0.002260
v -0.418975 0.146981 -0.002260
v -0.415189 0.125499 0.011920
v -0.417310 0.136972 0.011681
v -0.419737 0.146981 0.011408
v -0.421498 0.125499 0.039562
v -0.423513 0.136972 0.038856
v -0.425818 0.146981 0.038050
v -0.426938 0.125499 0.052680
v -0.428862 0.136972 0.051754
v -0.431062 0.146981 0.050694
v -0.433803 0.125499 0.065113
v -0.435611 0.136972 0.063977
v -0.437678 0.146981 0.062678
v -0.451480 0.125499 0.087280
v -0.452990 0.136972 0.085770
v -0.454717 0.146981 0.084044
v -0.462074 0.125499 0.096739
v -0.463405 0.136972 0.095070
v -0.464927 0.146981 0.093161
v -0.473653 0.125499 0.104962
v -0.474789 0.136972 0.103154
v -0.476088 0.146981 0.101087
v -0.499197 0.125499 0.117264
v -0.499903 0.136972 0.115248
v -0.500709 0.146981 0.112944
v -0.512846 0.125499 0.121190
v -0.513321 0.136972 0.119108
v -0.513865 0.146981 0.116728
v -0.526846 0.125499 0.123574
v -0.527085 0.136972 0.121453
v -0.527359 0.146981 0.119026
v -0.555199 0.125499 0.123574
v -0.554960 0.136972 0.121453
v -0.554686 0.146981 0.119026
v -0.569199 0.125499 0.121190
v -0.568724 0.136972 0.119108
v -0.568181 0.146981 0.116728
v -0.582848 0.125499 0.117264
v -0.582143 0.136972 0.115248
v -0.581336 0.146981 0.112944
v -0.608393 0.125499 0.104962
v -0.607257 0.136972 0.103154
v -0.605957 0.146981 0.101087
v -0.619972 0.125499 0.096739
v -0.618640 0.136972 0.095070
v -0.617118 0.146981 0.093161
v -0.630565 0.125499 0.087280
v -0.629055 0.136972 0.085770
v -0.627329 0.146981 0.084044
v -0.648256 0.125495 0.065120
v -0.646439 0.136971 0.063978
v -0.644368 0.146981 0.062678
v -0.655213 0.125469 0.052733
v -0.653220 0.136962 0.051763
v -0.650988 0.146980 0.050696
v -0.660865 0.125447 0.039697
v -0.658635 0.136961 0.038882
v -0.656240 0.146980 0.038053
v -0.667027 0.126964 0.011947
v -0.664792 0.137372 0.011706
v -0.662316 0.147031 0.011411
v -0.667619 0.127578 -0.002260
v -0.665512 0.137552 -0.002260
v -0.663070 0.147054 -0.002260
v -0.667027 0.126964 -0.016467
v -0.664792 0.137372 -0.016226
v -0.662316 0.147031 -0.015931
v -0.660865 0.125447 -0.044217
v -0.658635 0.136961 -0.043402
v -0.656240 0.146980 -0.042573
v -0.655213 0.125469 -0.057253
v -0.653220 0.136962 -0.056283
v -0.650988 0.146980 -0.055216
v -0.648256 0.125495 -0.069640
v -0.646439 0.136971 -0.068498
v -0.644368 0.146981 -0.067198
v -0.630565 0.125499 -0.091800
v -0.629055 0.136972 -0.090290
v -0.627329 0.146981 -0.088564
v -0.619972 0.125499 -0.101259
v -0.618640 0.136972 -0.099590
v -0.617118 0.146981 -0.097681
v -0.608393 0.125499 -0.109482
v -0.607257 0.136972 -0.107674
v -0.605957 0.146981 -0.105607
v -0.526099 0.077189 -0.134729
v -0.526275 0.089958 -0.133163
v -0.526450 0.101846 -0.131610
v -0.511361 0.077189 -0.132218
v -0.511711 0.089958 -0.130682
v -0.512059 0.101846 -0.129159
v -0.496992 0.077189 -0.128086
v -0.497513 0.089958 -0.126598
v -0.498029 0.101846 -0.125123
v -0.461562 -0.097775 0.025543
v -0.465179 -0.097775 0.034265
v -0.469742 -0.097775 0.042530
v -0.461916 -0.099450 0.025419
v -0.465516 -0.099450 0.034102
v -0.470060 -0.099450 0.042331
v -0.462876 -0.100436 0.025083
v -0.466433 -0.100436 0.033660
v -0.470921 -0.100436 0.041789
v -0.586945 -0.019028 -0.133493
v -0.571960 -0.019028 -0.137803
v -0.556588 -0.019028 -0.140422
v -0.586098 -0.031274 -0.131072
v -0.571389 -0.031274 -0.135302
v -0.556300 -0.031274 -0.137873
v -0.584665 -0.041721 -0.126977
v -0.570424 -0.041721 -0.131074
v -0.555815 -0.041721 -0.133562
v -0.470101 0.077189 -0.115135
v -0.470939 0.089958 -0.113801
v -0.471771 0.101846 -0.112478
v -0.457911 0.077189 -0.106479
v -0.458894 0.089958 -0.105246
v -0.459868 0.101846 -0.104025
v -0.446759 0.077189 -0.096521
v -0.447873 0.089958 -0.095406
v -0.448978 0.101846 -0.094302
v -0.428149 0.077189 -0.073185
v -0.429484 0.089958 -0.072347
v -0.430807 0.101846 -0.071515
v -0.420923 0.077189 -0.060097
v -0.422343 0.089958 -0.059413
v -0.423751 0.101846 -0.058735
v -0.415196 0.077189 -0.046287
v -0.416683 0.089958 -0.045766
v -0.418158 0.101846 -0.045250
v -0.408554 0.077189 -0.017188
v -0.410120 0.089958 -0.017011
v -0.411673 0.101846 -0.016836
v -0.407722 0.077189 -0.002260
v -0.409298 0.089958 -0.002260
v -0.410861 0.101846 -0.002260
v -0.408554 0.077189 0.012668
v -0.410120 0.089958 0.012491
v -0.411673 0.101846 0.012316
v -0.415196 0.077189 0.041767
v -0.416683 0.089958 0.041246
v -0.418158 0.101846 0.040730
v -0.420923 0.077189 0.055577
v -0.422343 0.089958 0.054893
v -0.423751 0.101846 0.054215
v -0.428149 0.077189 0.068665
v -0.429484 0.089958 0.067827
v -0.430807 0.101846 0.066995
v -0.446759 0.077189 0.092001
v -0.447873 0.089958 0.090886
v -0.448978 0.101846 0.089782
v -0.457911 0.077189 0.101959
v -0.458894 0.089958 0.100726
v -0.459868 0.101846 0.099505
v -0.470101 0.077189 0.110615
v -0.470939 0.089958 0.109281
v -0.471771 0.101846 0.107958
v -0.496992 0.077189 0.123566
v -0.497513 0.089958 0.122078
v -0.498029 0.101846 0.120603
v -0.511361 0.077189 0.127698
v -0.511711 0.089958 0.126162
v -0.512059 0.101846 0.124639
v -0.526099 0.077189 0.130209
v -0.526275 0.089958 0.128643
v -0.526450 0.101846 0.127090
v -0.555946 0.077189 0.130209
v -0.555770 0.089958 0.128643
v -0.555595 0.101846 0.127090
v -0.570685 0.077189 0.127698
v -0.570334 0.089958 0.126162
v -0.569986 0.101846 0.124639
v -0.585053 0.077189 0.123566
v -0.584533 0.089958 0.122078
v -0.584016 0.101846 0.120603
v -0.611945 0.077189 0.110615
v -0.611106 0.089958 0.109281
v -0.610275 0.101846 0.107958
v -0.624134 0.077189 0.101959
v -0.623152 0.089958 0.100726
v -0.622177 0.101846 0.099505
v -0.635286 0.077189 0.092001
v -0.634172 0.089958 0.090886
v -0.633067 0.101846 0.089782
v -0.653907 0.077206 0.068743
v -0.652570 0.089962 0.067934
v -0.651252 0.101843 0.067074
v -0.661212 0.077320 0.056200
v -0.659770 0.089994 0.055750
v -0.658405 0.101822 0.054847
v -0.667115 0.077662 0.044012
v -0.665557 0.090074 0.044290
v -0.664232 0.101729 0.042998
v -0.667115 0.077662 -0.048531
v -0.665557 0.090074 -0.048810
v -0.664232 0.101729 -0.047518
v -0.661212 0.077320 -0.060720
v -0.659770 0.089994 -0.060270
v -0.658405 0.101822 -0.059367
v -0.653907 0.077206 -0.073263
v -0.652570 0.089962 -0.072454
v -0.651252 0.101843 -0.071594
v -0.581336 0.146981 -0.117464
v -0.568181 0.146981 -0.121248
v -0.554686 0.146981 -0.123546
v -0.582143 0.136972 -0.119768
v -0.568724 0.136972 -0.123628
v -0.554960 0.136972 -0.125973
v -0.582848 0.125499 -0.121784
v -0.569199 0.125499 -0.125710
v -0.555199 0.125499 -0.128095
v -0.526846 0.125499 -0.128095
v -0.527085 0.136972 -0.125973
v -0.527359 0.146981 -0.123546
v -0.512846 0.125499 -0.125710
v -0.513321 0.136972 -0.123628
v -0.513865 0.146981 -0.121248
v -0.499197 0.125499 -0.121784
v -0.499903 0.136972 -0.119768
v -0.500709 0.146981 -0.117464
v -0.526230 -0.041721 -0.133562
v -0.525745 -0.031274 -0.137873
v -0.525458 -0.019028 -0.140422
v -0.511622 -0.041721 -0.131074
v -0.510657 -0.031274 -0.135302
v -0.510086 -0.019028 -0.137803
v -0.497380 -0.041721 -0.126977
v -0.495947 -0.031274 -0.131072
v -0.495100 -0.019028 -0.133493
v -0.586233 0.046518 -0.131458
v -0.571480 0.046518 -0.135702
v -0.556346 0.046518 -0.138280
v -0.586803 0.029053 -0.133085
v -0.571863 0.029053 -0.137382
v -0.556539 0.029053 -0.139992
v -0.587195 0.011586 -0.134208
v -0.572128 0.011586 -0.138541
v -0.556672 0.011586 -0.141174
v -0.470725 -0.041721 -0.114141
v -0.468418 -0.031274 -0.117814
v -0.467053 -0.019028 -0.119986
v -0.458643 -0.041721 -0.105561
v -0.455939 -0.031274 -0.108952
v -0.454339 -0.019028 -0.110957
v -0.447589 -0.041721 -0.095691
v -0.444522 -0.031274 -0.098758
v -0.442708 -0.019028 -0.100572
v -0.429144 -0.041721 -0.072561
v -0.425471 -0.031274 -0.074868
v -0.423299 -0.019028 -0.076233
v -0.421981 -0.041721 -0.059588
v -0.418073 -0.031274 -0.061469
v -0.415762 -0.019028 -0.062583
v -0.416304 -0.041721 -0.045899
v -0.412210 -0.031274 -0.047331
v -0.409788 -0.019028 -0.048179
v -0.409721 -0.041721 -0.017056
v -0.405410 -0.031274 -0.017542
v -0.402861 -0.019028 -0.017829
v -0.408896 -0.041721 -0.002260
v -0.404559 -0.031274 -0.002260
v -0.401993 -0.019028 -0.002260
v -0.409721 -0.041721 0.012536
v -0.405411 -0.031274 0.013022
v -0.402861 -0.019028 0.013309
v -0.416304 -0.041721 0.041379
v -0.412210 -0.031274 0.042811
v -0.409788 -0.019028 0.043659
v -0.421981 -0.041721 0.055068
v -0.418073 -0.031274 0.056949
v -0.415762 -0.019028 0.058063
v -0.429144 -0.041721 0.068041
v -0.425471 -0.031274 0.070348
v -0.423299 -0.019028 0.071713
v -0.447589 -0.041721 0.091171
v -0.444522 -0.031274 0.094238
v -0.442708 -0.019028 0.096052
v -0.458643 -0.041721 0.101041
v -0.455939 -0.031274 0.104432
v -0.454339 -0.019028 0.106437
v -0.470725 -0.041721 0.109621
v -0.468418 -0.031274 0.113294
v -0.467053 -0.019028 0.115466
v -0.497380 -0.041721 0.122457
v -0.495947 -0.031274 0.126552
v -0.495100 -0.019028 0.128973
v -0.511622 -0.041721 0.126554
v -0.510657 -0.031274 0.130782
v -0.510086 -0.019028 0.133283
v -0.526230 -0.041721 0.129042
v -0.525745 -0.031274 0.133353
v -0.525458 -0.019028 0.135902
v -0.555815 -0.041721 0.129042
v -0.556300 -0.031274 0.133353
v -0.556588 -0.019028 0.135902
v -0.570424 -0.041721 0.126554
v -0.571389 -0.031274 0.130782
v -0.571960 -0.019028 0.133283
v -0.584665 -0.041721 0.122457
v -0.586098 -0.031274 0.126552
v -0.586945 -0.019028 0.128973
v -0.611320 -0.041721 0.109621
v -0.613628 -0.031274 0.113294
v -0.614992 -0.019028 0.115466
v -0.623402 -0.041721 0.101041
v -0.626106 -0.031274 0.104432
v -0.627706 -0.019028 0.106437
v -0.634456 -0.041721 0.091171
v -0.637523 -0.031274 0.094238
v -0.639337 -0.019028 0.096052
v -0.652930 -0.041731 0.068127
v -0.656592 -0.031283 0.070462
v -0.658770 -0.019045 0.071797
v -0.660293 -0.041802 0.055756
v -0.664111 -0.031346 0.057861
v -0.666471 -0.019162 0.058733
v -0.666483 -0.041954 0.043833
v -0.670258 -0.031506 0.046037
v -0.672838 -0.019510 0.046066
v -0.697662 -0.013760 -0.029571
v -0.697418 -0.021049 -0.031248
v -0.697173 -0.028338 -0.028972
v -0.707256 -0.006866 -0.029537
v -0.708166 -0.013745 -0.031219
v -0.709076 -0.020625 -0.028953
v -0.717971 0.001313 -0.029503
v -0.720125 -0.005045 -0.031190
v -0.722278 -0.011403 -0.028933
v -0.666483 -0.041954 -0.048353
v -0.670258 -0.031506 -0.050557
v -0.672838 -0.019510 -0.050586
v -0.660293 -0.041802 -0.060276
v -0.664111 -0.031346 -0.062381
v -0.666471 -0.019162 -0.063253
v -0.652930 -0.041731 -0.072647
v -0.656592 -0.031283 -0.074982
v -0.658770 -0.019045 -0.076317
v -0.635286 0.077189 -0.096521
v -0.634172 0.089958 -0.095406
v -0.633067 0.101846 -0.094302
v -0.624134 0.077189 -0.106479
v -0.623152 0.089958 -0.105246
v -0.622177 0.101846 -0.104025
v -0.611945 0.077189 -0.115135
v -0.611106 0.089958 -0.113801
v -0.610275 0.101846 -0.112478
v -0.508204 -0.069126 -0.096045
v -0.518914 -0.069126 -0.099125
v -0.529899 -0.069126 -0.100996
v -0.505273 -0.064301 -0.104421
v -0.516939 -0.064301 -0.107777
v -0.528906 -0.064301 -0.109815
v -0.502220 -0.058123 -0.113147
v -0.514882 -0.058123 -0.116789
v -0.527871 -0.058123 -0.119002
v -0.470763 -0.069126 -0.072518
v -0.479075 -0.069126 -0.079940
v -0.488161 -0.069126 -0.086392
v -0.464487 -0.064301 -0.078793
v -0.473542 -0.064301 -0.086878
v -0.483439 -0.064301 -0.093907
v -0.457950 -0.058123 -0.085330
v -0.467779 -0.058123 -0.094105
v -0.478521 -0.058123 -0.101734
v -0.447237 -0.069126 -0.035075
v -0.451506 -0.069126 -0.045369
v -0.456892 -0.069126 -0.055125
v -0.438860 -0.064301 -0.038006
v -0.443510 -0.064301 -0.049219
v -0.449378 -0.064301 -0.059846
v -0.430135 -0.058123 -0.041060
v -0.435182 -0.058123 -0.053230
v -0.441550 -0.058123 -0.064765
v -0.442287 -0.069126 0.008866
v -0.441667 -0.069126 -0.002260
v -0.442287 -0.069126 -0.013386
v -0.433468 -0.064301 0.009860
v -0.432792 -0.064301 -0.002260
v -0.433468 -0.064301 -0.014380
v -0.424281 -0.058123 0.010895
v -0.423548 -0.058123 -0.002260
v -0.424281 -0.058123 -0.015415
v -0.456892 -0.069126 0.050605
v -0.451506 -0.069126 0.040849
v -0.447237 -0.069126 0.030555
v -0.449378 -0.064301 0.055326
v -0.443510 -0.064301 0.044699
v -0.438860 -0.064301 0.033486
v -0.441550 -0.058123 0.060245
v -0.435182 -0.058123 0.048710
v -0.430135 -0.058123 0.036540
v -0.488161 -0.069126 0.081872
v -0.479075 -0.069126 0.075420
v -0.470763 -0.069126 0.067998
v -0.483439 -0.064301 0.089387
v -0.473542 -0.064301 0.082358
v -0.464487 -0.064301 0.074273
v -0.478521 -0.058123 0.097214
v -0.467779 -0.058123 0.089585
v -0.457950 -0.058123 0.080810
v -0.529899 -0.069126 0.096476
v -0.518914 -0.069126 0.094605
v -0.508204 -0.069126 0.091525
v -0.528906 -0.064301 0.105295
v -0.516939 -0.064301 0.103257
v -0.505273 -0.064301 0.099901
v -0.527871 -0.058123 0.114482
v -0.514882 -0.058123 0.112269
v -0.502220 -0.058123 0.108627
v -0.573841 -0.069126 0.091525
v -0.563131 -0.069126 0.094605
v -0.552146 -0.069126 0.096476
v -0.576772 -0.064301 0.099901
v -0.565106 -0.064301 0.103257
v -0.553140 -0.064301 0.105295
v -0.579826 -0.058123 0.108627
v -0.567163 -0.058123 0.112269
v -0.554174 -0.058123 0.114482
v -0.611283 -0.069126 0.067998
v -0.602970 -0.069126 0.075420
v -0.593885 -0.069126 0.081872
v -0.617558 -0.064301 0.074273
v -0.608503 -0.064301 0.082358
v -0.598606 -0.064301 0.089387
v -0.624095 -0.058123 0.080810
v -0.614267 -0.058123 0.089585
v -0.603524 -0.058123 0.097214
v -0.634835 -0.069138 0.030562
v -0.630549 -0.069129 0.040851
v -0.625154 -0.069126 0.050605
v -0.643401 -0.064396 0.033541
v -0.638612 -0.064328 0.044719
v -0.632677 -0.064304 0.055329
v -0.652575 -0.058395 0.036766
v -0.647084 -0.058199 0.048792
v -0.640523 -0.058132 0.060255
v -0.639773 -0.069190 -0.013393
v -0.640377 -0.069208 -0.002260
v -0.639773 -0.069190 0.008873
v -0.648689 -0.064813 -0.014433
v -0.649241 -0.064956 -0.002260
v -0.648689 -0.064813 0.009913
v -0.658063 -0.059928 -0.015522
v -0.658372 -0.060418 -0.002260
v -0.658063 -0.059928 0.011002
v -0.625154 -0.069126 -0.055125
v -0.630549 -0.069129 -0.045371
v -0.634835 -0.069138 -0.035082
v -0.632677 -0.064304 -0.059849
v -0.638612 -0.064328 -0.049239
v -0.643401 -0.064396 -0.038061
v -0.640523 -0.058132 -0.064775
v -0.647084 -0.058199 -0.053312
v -0.652575 -0.058395 -0.041286
v -0.593885 -0.069126 -0.086392
v -0.602970 -0.069126 -0.079940
v -0.611283 -0.069126 -0.072518
v -0.598606 -0.064301 -0.093907
v -0.608503 -0.064301 -0.086878
v -0.617558 -0.064301 -0.078793
v -0.603524 -0.058123 -0.101734
v -0.614267 -0.058123 -0.094105
v -0.624095 -0.058123 -0.085330
v -0.552146 -0.069126 -0.100996
v -0.563132 -0.069126 -0.099125
v -0.573841 -0.069126 -0.096045
v -0.553140 -0.064301 -0.109815
v -0.565106 -0.064301 -0.107777
v -0.576772 -0.064301 -0.104421
v -0.554174 -0.058123 -0.119002
v -0.567163 -0.058123 -0.116789
v -0.579826 -0.058123 -0.113147
v -0.541023 -0.101513 -0.002260
v -0.541023 -0.101513 -0.043283
v -0.533650 -0.101513 -0.034563
v -0.523223 -0.101513 -0.039221
v -0.520364 -0.101513 -0.028165
v -0.508950 -0.101513 -0.027837
v -0.511171 -0.101513 -0.016636
v -0.501028 -0.101513 -0.011389
v -0.507889 -0.101513 -0.002260
v -0.501028 -0.101513 0.006869
v -0.511171 -0.101513 0.012116
v -0.508950 -0.101513 0.023317
v -0.520364 -0.101513 0.023645
v -0.523223 -0.101513 0.034701
v -0.533650 -0.101513 0.030043
v -0.541023 -0.101513 0.038763
v -0.548396 -0.101513 0.030043
v -0.558822 -0.101513 0.034701
v -0.561681 -0.101513 0.023645
v -0.573096 -0.101513 0.023317
v -0.570875 -0.101513 0.012116
v -0.581017 -0.101513 0.006869
v -0.574156 -0.101513 -0.002260
v -0.581017 -0.101513 -0.011389
v -0.570875 -0.101513 -0.016636
v -0.573096 -0.101513 -0.027837
v -0.561681 -0.101513 -0.028165
v -0.558822 -0.101513 -0.039221
v -0.548396 -0.101513 -0.034563
v -0.600551 -0.097775 -0.061787
v -0.593508 -0.097775 -0.068075
v -0.585810 -0.097775 -0.073542
v -0.600286 -0.099450 -0.061522
v -0.593275 -0.099450 -0.067782
v -0.585611 -0.099450 -0.073224
v -0.599566 -0.100436 -0.060802
v -0.592640 -0.100436 -0.066986
v -0.585070 -0.100436 -0.072363
v -0.481494 -0.097775 0.057267
v -0.488537 -0.097775 0.063555
v -0.496235 -0.097775 0.069022
v -0.481759 -0.099450 0.057002
v -0.488771 -0.099450 0.063262
v -0.496434 -0.099450 0.068704
v -0.482479 -0.100436 0.056282
v -0.489405 -0.100436 0.062466
v -0.496976 -0.100436 0.067843
v -0.568828 -0.097775 -0.081720
v -0.559755 -0.097775 -0.084330
v -0.550447 -0.097775 -0.085915
v -0.568704 -0.099450 -0.081366
v -0.559671 -0.099450 -0.083964
v -0.550405 -0.099450 -0.085543
v -0.568368 -0.100436 -0.080406
v -0.559445 -0.100436 -0.082972
v -0.550291 -0.100436 -0.084532
v -0.513217 -0.097775 0.077200
v -0.522291 -0.097775 0.079810
v -0.531598 -0.097775 0.081395
v -0.513341 -0.099450 0.076846
v -0.522374 -0.099450 0.079444
v -0.531640 -0.099450 0.081023
v -0.513677 -0.100436 0.075886
v -0.522601 -0.100436 0.078452
v -0.531754 -0.100436 0.080012
v -0.550447 -0.097775 0.081395
v -0.559755 -0.097775 0.079810
v -0.568828 -0.097775 0.077200
v -0.550405 -0.099450 0.081023
v -0.559671 -0.099450 0.079444
v -0.568704 -0.099450 0.076846
v -0.550291 -0.100436 0.080012
v -0.559445 -0.100436 0.078452
v -0.568368 -0.100436 0.075886
v -0.531598 -0.097775 -0.085915
v -0.522291 -0.097775 -0.084330
v -0.513217 -0.097775 -0.081720
v -0.531640 -0.099450 -0.085543
v -0.522374 -0.099450 -0.083964
v -0.513341 -0.099450 -0.081366
v -0.531754 -0.100436 -0.084532
v -0.522601 -0.100436 -0.082972
v -0.513677 -0.100436 -0.080406
v -0.585810 -0.097775 0.069022
v -0.593508 -0.097775 0.063555
v -0.600551 -0.097775 0.057267
v -0.585611 -0.099450 0.068704
v -0.593275 -0.099450 0.063262
v -0.600286 -0.099450 0.057002
v -0.585070 -0.100436 0.067843
v -0.592640 -0.100436 0.062466
v -0.599566 -0.100436 0.056282
v -0.496235 -0.097775 -0.073542
v -0.488537 -0.097775 -0.068075
v -0.481494 -0.097775 -0.061787
v -0.496434 -0.099450 -0.073224
v -0.488771 -0.099450 -0.067782
v -0.481759 -0.099450 -0.061522
v -0.496976 -0.100436 -0.072363
v -0.489405 -0.100436 -0.066986
v -0.482479 -0.100436 -0.060802
v -0.612303 -0.097775 0.042530
v -0.616867 -0.097775 0.034265
v -0.620484 -0.097775 0.025543
v -0.611986 -0.099450 0.042331
v -0.616529 -0.099450 0.034102
v -0.620130 -0.099450 0.025419
v -0.611124 -0.100436 0.041789
v -0.615612 -0.100436 0.033660
v -0.619169 -0.100436 0.025083
v -0.469742 -0.097775 -0.047050
v -0.465179 -0.097775 -0.038785
v -0.461562 -0.097775 -0.030063
v -0.470060 -0.099450 -0.046851
v -0.465516 -0.099450 -0.038622
v -0.461916 -0.099450 -0.029939
v -0.470921 -0.100436 -0.046309
v -0.466433 -0.100436 -0.038180
v -0.462876 -0.100436 -0.029603
v -0.624678 -0.097775 0.007167
v -0.625203 -0.097775 -0.002260
v -0.624678 -0.097775 -0.011687
v -0.624305 -0.099450 0.007125
v -0.624828 -0.099450 -0.002260
v -0.624305 -0.099450 -0.011645
v -0.623294 -0.100436 0.007011
v -0.623811 -0.100436 -0.002260
v -0.623294 -0.100436 -0.011531
v -0.457368 -0.097775 -0.011687
v -0.456842 -0.097775 -0.002260
v -0.457368 -0.097775 0.007167
v -0.457740 -0.099450 -0.011645
v -0.457217 -0.099450 -0.002260
v -0.457740 -0.099450 0.007125
v -0.458751 -0.100436 -0.011531
v -0.458235 -0.100436 -0.002260
v -0.458751 -0.100436 0.007011
v -0.620484 -0.097775 -0.030063
v -0.616867 -0.097775 -0.038785
v -0.612303 -0.097775 -0.047050
v -0.620130 -0.099450 -0.029939
v -0.616529 -0.099450 -0.038622
v -0.611986 -0.099450 -0.046851
v -0.619169 -0.100436 -0.029603
v -0.615612 -0.100436 -0.038180
v -0.611124 -0.100436 -0.046309
v -0.623687 -0.074772 -0.031184
v -0.619924 -0.074772 -0.040257
v -0.615177 -0.074772 -0.048856
v -0.621468 -0.076269 -0.030408
v -0.617807 -0.076269 -0.039237
v -0.613186 -0.076269 -0.047605
v -0.620651 -0.077763 -0.030122
v -0.617026 -0.077763 -0.038861
v -0.612453 -0.077763 -0.047144
v -0.453995 -0.074772 -0.012067
v -0.453449 -0.074772 -0.002260
v -0.453995 -0.074772 0.007547
v -0.456331 -0.076269 -0.011804
v -0.455799 -0.076269 -0.002260
v -0.456331 -0.076269 0.007284
v -0.457191 -0.077763 -0.011707
v -0.456665 -0.077763 -0.002260
v -0.457191 -0.077763 0.007187
v -0.628050 -0.074772 0.007547
v -0.628597 -0.074772 -0.002260
v -0.628050 -0.074772 -0.012067
v -0.625714 -0.076269 0.007284
v -0.626246 -0.076269 -0.002260
v -0.625714 -0.076269 -0.011804
v -0.624854 -0.077763 0.007187
v -0.625380 -0.077763 -0.002260
v -0.624854 -0.077763 -0.011707
v -0.466869 -0.074772 -0.048856
v -0.462121 -0.074772 -0.040257
v -0.458359 -0.074772 -0.031184
v -0.468859 -0.076269 -0.047605
v -0.464239 -0.076269 -0.039237
v -0.460577 -0.076269 -0.030408
v -0.469592 -0.077763 -0.047144
v -0.465019 -0.077763 -0.038861
v -0.461394 -0.077763 -0.030122
v -0.615177 -0.074772 0.044336
v -0.619924 -0.074772 0.035737
v -0.623687 -0.074772 0.026664
v -0.613186 -0.076269 0.043085
v -0.617807 -0.076269 0.034717
v -0.621468 -0.076269 0.025888
v -0.612453 -0.077763 0.042624
v -0.617026 -0.077763 0.034341
v -0.620651 -0.077763 0.025602
v -0.494429 -0.074772 -0.076415
v -0.486421 -0.074772 -0.070728
v -0.479095 -0.074772 -0.064186
v -0.495680 -0.076269 -0.074425
v -0.487887 -0.076269 -0.068891
v -0.480757 -0.076269 -0.062524
v -0.496141 -0.077763 -0.073692
v -0.488426 -0.077763 -0.068214
v -0.481369 -0.077763 -0.061912
v -0.587616 -0.074772 0.071895
v -0.595624 -0.074772 0.066208
v -0.602951 -0.074772 0.059666
v -0.586366 -0.076269 0.069905
v -0.594159 -0.076269 0.064371
v -0.601289 -0.076269 0.058004
v -0.585905 -0.077763 0.069172
v -0.593619 -0.077763 0.063694
v -0.600676 -0.077763 0.057392
v -0.531218 -0.074772 -0.089288
v -0.521536 -0.074772 -0.087638
v -0.512096 -0.074772 -0.084923
v -0.531481 -0.076269 -0.086952
v -0.522059 -0.076269 -0.085347
v -0.512872 -0.076269 -0.082705
v -0.531578 -0.077763 -0.086092
v -0.522251 -0.077763 -0.084503
v -0.513159 -0.077763 -0.081887
v -0.550827 -0.074772 0.084768
v -0.560510 -0.074772 0.083118
v -0.569949 -0.074772 0.080403
v -0.550564 -0.076269 0.082432
v -0.559987 -0.076269 0.080827
v -0.569173 -0.076269 0.078185
v -0.550467 -0.077763 0.081572
v -0.559794 -0.077763 0.079983
v -0.568887 -0.077763 0.077367
v -0.512096 -0.074772 0.080403
v -0.521536 -0.074772 0.083118
v -0.531218 -0.074772 0.084768
v -0.512872 -0.076269 0.078185
v -0.522059 -0.076269 0.080827
v -0.531481 -0.076269 0.082432
v -0.513159 -0.077763 0.077367
v -0.522251 -0.077763 0.079983
v -0.531578 -0.077763 0.081572
v -0.569949 -0.074772 -0.084923
v -0.560510 -0.074772 -0.087638
v -0.550827 -0.074772 -0.089288
v -0.569173 -0.076269 -0.082705
v -0.559987 -0.076269 -0.085347
v -0.550564 -0.076269 -0.086952
v -0.568887 -0.077763 -0.081887
v -0.559794 -0.077763 -0.084503
v -0.550467 -0.077763 -0.086092
v -0.479095 -0.074772 0.059666
v -0.486421 -0.074772 0.066208
v -0.494429 -0.074772 0.071895
v -0.480757 -0.076269 0.058004
v -0.487887 -0.076269 0.064371
v -0.495680 -0.076269 0.069905
v -0.481369 -0.077763 0.057392
v -0.488426 -0.077763 0.063694
v -0.496141 -0.077763 0.069172
v -0.602951 -0.074772 -0.064186
v -0.595624 -0.074772 -0.070728
v -0.587616 -0.074772 -0.076415
v -0.601289 -0.076269 -0.062524
v -0.594159 -0.076269 -0.068891
v -0.586366 -0.076269 -0.074425
v -0.600676 -0.077763 -0.061912
v -0.593619 -0.077763 -0.068214
v -0.585905 -0.077763 -0.073692
v -0.458359 -0.074772 0.026664
v -0.462121 -0.074772 0.035737
v -0.466869 -0.074772 0.044336
v -0.460577 -0.076269 0.025888
v -0.464239 -0.076269 0.034717
v -0.468859 -0.076269 0.043085
v -0.461394 -0.077763 0.025602
v -0.465019 -0.077763 0.034341
v -0.469592 -0.077763 0.042624
v -0.620534 -0.083280 -0.030081
v -0.616915 -0.083280 -0.038808
v -0.612348 -0.083280 -0.047079
v -0.620534 -0.087355 -0.030081
v -0.616915 -0.087355 -0.038808
v -0.612348 -0.087355 -0.047079
v -0.620534 -0.091530 -0.030081
v -0.616915 -0.091530 -0.038808
v -0.612348 -0.091530 -0.047079
v -0.457314 -0.083280 -0.011693
v -0.456789 -0.083280 -0.002260
v -0.457314 -0.083280 0.007173
v -0.457314 -0.087355 -0.011693
v -0.456789 -0.087355 -0.002260
v -0.457314 -0.087355 0.007173
v -0.457314 -0.091530 -0.011693
v -0.456789 -0.091530 -0.002260
v -0.457314 -0.091530 0.007173
v -0.624731 -0.083280 0.007173
v -0.625257 -0.083280 -0.002260
v -0.624731 -0.083280 -0.011693
v -0.624731 -0.087355 0.007173
v -0.625257 -0.087355 -0.002260
v -0.624731 -0.087355 -0.011693
v -0.624731 -0.091530 0.007173
v -0.625257 -0.091530 -0.002260
v -0.624731 -0.091530 -0.011693
v -0.469697 -0.083280 -0.047079
v -0.465130 -0.083280 -0.038808
v -0.461511 -0.083280 -0.030081
v -0.469697 -0.087355 -0.047079
v -0.465130 -0.087355 -0.038808
v -0.461511 -0.087355 -0.030081
v -0.469697 -0.091530 -0.047079
v -0.465130 -0.091530 -0.038808
v -0.461511 -0.091530 -0.030081
v -0.612348 -0.083280 0.042559
v -0.616915 -0.083280 0.034288
v -0.620534 -0.083280 0.025561
v -0.612348 -0.087355 0.042559
v -0.616915 -0.087355 0.034288
v -0.620534 -0.087355 0.025561
v -0.612348 -0.091530 0.042559
v -0.616915 -0.091530 0.034288
v -0.620534 -0.091530 0.025561
v -0.496206 -0.083280 -0.073587
v -0.488504 -0.083280 -0.068117
v -0.481456 -0.083280 -0.061825
v -0.496206 -0.087355 -0.073587
v -0.488504 -0.087355 -0.068117
v -0.481456 -0.087355 -0.061824
v -0.496206 -0.091530 -0.073587
v -0.488504 -0.091530 -0.068117
v -0.481456 -0.091530 -0.061824
v -0.585839 -0.083280 0.069067
v -0.593542 -0.083280 0.063597
v -0.600589 -0.083280 0.057305
v -0.585839 -0.087355 0.069067
v -0.593542 -0.087355 0.063597
v -0.600589 -0.087355 0.057304
v -0.585839 -0.091530 0.069067
v -0.593542 -0.091530 0.063597
v -0.600589 -0.091530 0.057304
v -0.531592 -0.083280 -0.085969
v -0.522279 -0.083280 -0.084382
v -0.513199 -0.083280 -0.081771
v -0.531592 -0.087355 -0.085969
v -0.522279 -0.087355 -0.084382
v -0.513199 -0.087355 -0.081771
v -0.531592 -0.091530 -0.085969
v -0.522279 -0.091530 -0.084382
v -0.513199 -0.091530 -0.081771
v -0.550453 -0.083280 0.081449
v -0.559767 -0.083280 0.079862
v -0.568846 -0.083280 0.077251
v -0.550453 -0.087355 0.081449
v -0.559767 -0.087355 0.079862
v -0.568846 -0.087355 0.077251
v -0.550453 -0.091530 0.081449
v -0.559767 -0.091530 0.079862
v -0.568846 -0.091530 0.077251
v -0.513199 -0.083280 0.077251
v -0.522279 -0.083280 0.079862
v -0.531592 -0.083280 0.081449
v -0.513199 -0.087355 0.077251
v -0.522279 -0.087355 0.079862
v -0.531592 -0.087355 0.081449
v -0.513199 -0.091530 0.077251
v -0.522279 -0.091530 0.079862
v -0.531592 -0.091530 0.081449
v -0.568846 -0.083280 -0.081771
v -0.559767 -0.083280 -0.084382
v -0.550453 -0.083280 -0.085969
v -0.568846 -0.087355 -0.081771
v -0.559767 -0.087355 -0.084382
v -0.550453 -0.087355 -0.085969
v -0.568846 -0.091530 -0.081771
v -0.559767 -0.091530 -0.084382
v -0.550453 -0.091530 -0.085969
v -0.481456 -0.083280 0.057304
v -0.488504 -0.083280 0.063597
v -0.496206 -0.083280 0.069067
v -0.481456 -0.087355 0.057304
v -0.488504 -0.087355 0.063597
v -0.496206 -0.087355 0.069067
v -0.481456 -0.091530 0.057304
v -0.488504 -0.091530 0.063597
v -0.496206 -0.091530 0.069067
v -0.600589 -0.083280 -0.061824
v -0.593542 -0.083280 -0.068117
v -0.585839 -0.083280 -0.073587
v -0.600589 -0.087355 -0.061824
v -0.593542 -0.087355 -0.068117
v -0.585839 -0.087355 -0.073587
v -0.600589 -0.091530 -0.061824
v -0.593542 -0.091530 -0.068117
v -0.585839 -0.091530 -0.073587
v -0.461511 -0.083280 0.025561
v -0.465130 -0.083280 0.034288
v -0.469697 -0.083280 0.042559
v -0.461511 -0.087355 0.025561
v -0.465130 -0.087355 0.034288
v -0.469697 -0.087355 0.042559
v -0.461511 -0.091530 0.025561
v -0.465130 -0.091530 0.034288
v -0.469697 -0.091530 0.042559
v -0.519479 -0.101504 -0.062741
v -0.526969 -0.101504 -0.063833
v -0.534191 -0.101504 -0.066099
v -0.517118 -0.101446 -0.070330
v -0.525034 -0.101446 -0.072310
v -0.533025 -0.101446 -0.073961
v -0.515423 -0.101287 -0.075386
v -0.523791 -0.101287 -0.077756
v -0.532359 -0.101287 -0.079252
v -0.495371 -0.101504 -0.047404
v -0.501645 -0.101504 -0.051638
v -0.507169 -0.101504 -0.056813
v -0.489951 -0.101446 -0.053218
v -0.496224 -0.101446 -0.058436
v -0.502707 -0.101446 -0.063390
v -0.486230 -0.101287 -0.057037
v -0.492741 -0.101287 -0.062803
v -0.499811 -0.101287 -0.067868
v -0.480304 -0.101504 -0.023126
v -0.484121 -0.101504 -0.029663
v -0.486852 -0.101504 -0.036722
v -0.472899 -0.101446 -0.026012
v -0.476287 -0.101446 -0.033435
v -0.479978 -0.101446 -0.040712
v -0.467889 -0.101287 -0.027839
v -0.471254 -0.101287 -0.035859
v -0.475426 -0.101287 -0.043490
v -0.477264 -0.101504 0.005285
v -0.477866 -0.101504 -0.002260
v -0.477264 -0.101504 -0.009805
v -0.469340 -0.101446 0.005898
v -0.469171 -0.101446 -0.002260
v -0.469340 -0.101446 -0.010418
v -0.464033 -0.101287 0.006426
v -0.463585 -0.101287 -0.002260
v -0.464033 -0.101287 -0.010946
v -0.486852 -0.101504 0.032202
v -0.484121 -0.101504 0.025143
v -0.480304 -0.101504 0.018606
v -0.479978 -0.101446 0.036192
v -0.476287 -0.101446 0.028915
v -0.472899 -0.101446 0.021492
v -0.475426 -0.101287 0.038970
v -0.471254 -0.101287 0.031339
v -0.467889 -0.101287 0.023319
v -0.507169 -0.101504 0.052293
v -0.501645 -0.101504 0.047118
v -0.495371 -0.101504 0.042884
v -0.502707 -0.101446 0.058870
v -0.496224 -0.101446 0.053916
v -0.489951 -0.101446 0.048698
v -0.499811 -0.101287 0.063348
v -0.492741 -0.101287 0.058283
v -0.486230 -0.101287 0.052517
v -0.534191 -0.101504 0.061579
v -0.526969 -0.101504 0.059313
v -0.519479 -0.101504 0.058221
v -0.533025 -0.101446 0.069441
v -0.525034 -0.101446 0.067790
v -0.517118 -0.101446 0.065810
v -0.532359 -0.101287 0.074732
v -0.523791 -0.101287 0.073236
v -0.515423 -0.101287 0.070866
v -0.562566 -0.101504 0.058221
v -0.555076 -0.101504 0.059313
v -0.547854 -0.101504 0.061579
v -0.564927 -0.101446 0.065810
v -0.557011 -0.101446 0.067790
v -0.549020 -0.101446 0.069441
v -0.566622 -0.101287 0.070866
v -0.558254 -0.101287 0.073236
v -0.549686 -0.101287 0.074732
v -0.586675 -0.101504 0.042884
v -0.580400 -0.101504 0.047118
v -0.574877 -0.101504 0.052293
v -0.592094 -0.101446 0.048698
v -0.585821 -0.101446 0.053916
v -0.579338 -0.101446 0.058870
v -0.595816 -0.101287 0.052517
v -0.589304 -0.101287 0.058283
v -0.582234 -0.101287 0.063348
v -0.601741 -0.101504 0.018606
v -0.597925 -0.101504 0.025143
v -0.595194 -0.101504 0.032202
v -0.609146 -0.101446 0.021492
v -0.605759 -0.101446 0.028915
v -0.602067 -0.101446 0.036192
v -0.614156 -0.101287 0.023319
v -0.610792 -0.101287 0.031339
v -0.606619 -0.101287 0.038970
v -0.604781 -0.101504 -0.009805
v -0.604179 -0.101504 -0.002260
v -0.604781 -0.101504 0.005285
v -0.612706 -0.101446 -0.010418
v -0.612874 -0.101446 -0.002260
v -0.612706 -0.101446 0.005898
v -0.618012 -0.101287 -0.010946
v -0.618460 -0.101287 -0.002260
v -0.618012 -0.101287 0.006426
v -0.595194 -0.101504 -0.036722
v -0.597925 -0.101504 -0.029663
v -0.601741 -0.101504 -0.023126
v -0.602067 -0.101446 -0.040712
v -0.605759 -0.101446 -0.033435
v -0.609146 -0.101446 -0.026012
v -0.606619 -0.101287 -0.043490
v -0.610792 -0.101287 -0.035859
v -0.614156 -0.101287 -0.027839
v -0.574877 -0.101504 -0.056813
v -0.580400 -0.101504 -0.051638
v -0.586675 -0.101504 -0.047404
v -0.579338 -0.101446 -0.063390
v -0.585821 -0.101446 -0.058436
v -0.592094 -0.101446 -0.053218
v -0.582234 -0.101287 -0.067868
v -0.589304 -0.101287 -0.062803
v -0.595816 -0.101287 -0.057037
v -0.547854 -0.101504 -0.066099
v -0.555076 -0.101504 -0.063833
v -0.562566 -0.101504 -0.062741
v -0.549020 -0.101446 -0.073961
v -0.557011 -0.101446 -0.072310
v -0.564927 -0.101446 -0.070330
v -0.549686 -0.101287 -0.079252
v -0.558254 -0.101287 -0.077756
v -0.566622 -0.101287 -0.075386
v -0.624980 -0.034995 -0.086215
v -0.615047 -0.034995 -0.095084
v -0.604190 -0.034995 -0.102794
v -0.627638 -0.024565 -0.088873
v -0.617391 -0.024565 -0.098023
v -0.606190 -0.024565 -0.105977
v -0.628804 -0.010678 -0.090039
v -0.618419 -0.010678 -0.099312
v -0.607067 -0.010678 -0.107373
v -0.482124 0.131161 -0.096000
v -0.472001 0.131161 -0.088811
v -0.462739 0.131161 -0.080541
v -0.483022 0.143323 -0.094571
v -0.473053 0.143323 -0.087492
v -0.463932 0.143323 -0.079348
v -0.483392 0.151164 -0.093982
v -0.473487 0.151164 -0.086947
v -0.464424 0.151164 -0.078856
v -0.447284 0.131161 -0.061162
v -0.441283 0.131161 -0.050292
v -0.436526 0.131161 -0.038823
v -0.448713 0.143323 -0.060264
v -0.442803 0.143323 -0.049560
v -0.438119 0.143323 -0.038266
v -0.449302 0.151164 -0.059894
v -0.443430 0.151164 -0.049258
v -0.438776 0.151164 -0.038036
v -0.431011 0.131161 -0.014657
v -0.430320 0.131161 -0.002260
v -0.431011 0.131161 0.010137
v -0.432688 0.143323 -0.014468
v -0.432007 0.143323 -0.002260
v -0.432688 0.143323 0.009948
v -0.433379 0.151164 -0.014390
v -0.432703 0.151164 -0.002260
v -0.433379 0.151164 0.009870
v -0.436526 0.131161 0.034303
v -0.441283 0.131161 0.045772
v -0.447284 0.131161 0.056642
v -0.438119 0.143323 0.033746
v -0.442803 0.143323 0.045040
v -0.448713 0.143323 0.055744
v -0.438776 0.151164 0.033516
v -0.443430 0.151164 0.044738
v -0.449302 0.151164 0.055374
v -0.462739 0.131161 0.076021
v -0.472001 0.131161 0.084291
v -0.482124 0.131161 0.091480
v -0.463932 0.143323 0.074828
v -0.473053 0.143323 0.082972
v -0.483022 0.143323 0.090051
v -0.464424 0.151164 0.074336
v -0.473487 0.151164 0.082427
v -0.483392 0.151164 0.089462
v -0.504456 0.131161 0.102235
v -0.516389 0.131161 0.105667
v -0.528629 0.131161 0.107752
v -0.505014 0.143323 0.100642
v -0.516764 0.143323 0.104022
v -0.528818 0.143323 0.106075
v -0.505244 0.151164 0.099985
v -0.516919 0.151164 0.103344
v -0.528896 0.151164 0.105384
v -0.553416 0.131161 0.107752
v -0.565656 0.131161 0.105667
v -0.577589 0.131161 0.102235
v -0.553227 0.143323 0.106075
v -0.565281 0.143323 0.104022
v -0.577031 0.143323 0.100642
v -0.553150 0.151164 0.105384
v -0.565126 0.151164 0.103343
v -0.576802 0.151164 0.099985
v -0.599922 0.131161 0.091480
v -0.610045 0.131161 0.084291
v -0.619306 0.131161 0.076021
v -0.599024 0.143323 0.090051
v -0.608993 0.143323 0.082972
v -0.618113 0.143323 0.074828
v -0.598653 0.151164 0.089462
v -0.608559 0.151164 0.082427
v -0.617621 0.151164 0.074336
v -0.634761 0.131161 0.056642
v -0.640762 0.131161 0.045772
v -0.645519 0.131161 0.034303
v -0.633332 0.143323 0.055744
v -0.639242 0.143323 0.045040
v -0.643926 0.143323 0.033746
v -0.632743 0.151164 0.055374
v -0.638615 0.151164 0.044738
v -0.643269 0.151164 0.033516
v -0.651035 0.131161 0.010137
v -0.651725 0.131161 -0.002260
v -0.651035 0.131161 -0.014657
v -0.649358 0.143323 0.009948
v -0.650038 0.143323 -0.002260
v -0.649358 0.143323 -0.014468
v -0.648666 0.151164 0.009870
v -0.649342 0.151164 -0.002260
v -0.648666 0.151164 -0.014390
v -0.645519 0.131161 -0.038823
v -0.640762 0.131161 -0.050292
v -0.634761 0.131161 -0.061162
v -0.643926 0.143323 -0.038266
v -0.639242 0.143323 -0.049560
v -0.633332 0.143323 -0.060264
v -0.643269 0.151164 -0.038036
v -0.638615 0.151164 -0.049258
v -0.632743 0.151164 -0.059894
v -0.619306 0.131161 -0.080541
v -0.610045 0.131161 -0.088811
v -0.599922 0.131161 -0.096000
v -0.618113 0.143323 -0.079348
v -0.608993 0.143323 -0.087492
v -0.599024 0.143323 -0.094571
v -0.617621 0.151164 -0.078856
v -0.608559 0.151164 -0.086947
v -0.598653 0.151164 -0.093982
v -0.527339 0.033122 -0.123725
v -0.513825 0.033122 -0.121423
v -0.500650 0.033122 -0.117633
v -0.527644 0.061202 -0.121011
v -0.514432 0.061202 -0.118761
v -0.501552 0.061202 -0.115056
v -0.528002 0.089073 -0.117841
v -0.515142 0.089073 -0.115650
v -0.502606 0.089073 -0.112044
v -0.474671 -0.095209 0.020956
v -0.474380 -0.094293 0.021058
v -0.474216 -0.092876 0.021116
v -0.477691 -0.095209 0.028239
v -0.477414 -0.094293 0.028373
v -0.477257 -0.092876 0.028448
v -0.481502 -0.095209 0.035141
v -0.481241 -0.094293 0.035305
v -0.481093 -0.092876 0.035397
v -0.582025 -0.010678 -0.119433
v -0.581481 -0.024565 -0.117876
v -0.580239 -0.034995 -0.114329
v -0.568645 -0.010678 -0.123281
v -0.568278 -0.024565 -0.121674
v -0.567442 -0.034995 -0.118010
v -0.554920 -0.010678 -0.125619
v -0.554735 -0.024565 -0.123981
v -0.554315 -0.034995 -0.120246
v -0.475992 0.033122 -0.105759
v -0.464815 0.033122 -0.097821
v -0.454590 0.033122 -0.088690
v -0.477445 0.061202 -0.103447
v -0.466518 0.061202 -0.095686
v -0.456520 0.061202 -0.086760
v -0.479142 0.089073 -0.100745
v -0.468507 0.089073 -0.093192
v -0.458776 0.089073 -0.084504
v -0.437526 0.033122 -0.067293
v -0.430900 0.033122 -0.055292
v -0.425648 0.033122 -0.042629
v -0.439838 0.061202 -0.065841
v -0.433360 0.061202 -0.054108
v -0.428226 0.061202 -0.041727
v -0.442539 0.089073 -0.064143
v -0.436234 0.089073 -0.052723
v -0.431237 0.089073 -0.040674
v -0.419558 0.033122 -0.015948
v -0.418796 0.033122 -0.002260
v -0.419558 0.033122 0.011428
v -0.422272 0.061202 -0.015642
v -0.421526 0.061202 -0.002260
v -0.422272 0.061202 0.011122
v -0.425442 0.089073 -0.015285
v -0.424716 0.089073 -0.002260
v -0.425442 0.089073 0.010765
v -0.425648 0.033122 0.038109
v -0.430900 0.033122 0.050772
v -0.437526 0.033122 0.062773
v -0.428226 0.061202 0.037207
v -0.433360 0.061202 0.049588
v -0.439838 0.061202 0.061321
v -0.431237 0.089073 0.036154
v -0.436234 0.089073 0.048203
v -0.442539 0.089073 0.059623
v -0.454590 0.033122 0.084170
v -0.464815 0.033122 0.093301
v -0.475992 0.033122 0.101239
v -0.456520 0.061202 0.082240
v -0.466518 0.061202 0.091166
v -0.477445 0.061202 0.098927
v -0.458776 0.089073 0.079984
v -0.468507 0.089073 0.088672
v -0.479142 0.089073 0.096225
v -0.500650 0.033122 0.113113
v -0.513825 0.033122 0.116902
v -0.527339 0.033122 0.119205
v -0.501552 0.061202 0.110536
v -0.514432 0.061202 0.114241
v -0.527644 0.061202 0.116491
v -0.502606 0.089073 0.107524
v -0.515142 0.089073 0.111130
v -0.528002 0.089073 0.113321
v -0.554707 0.033122 0.119205
v -0.568221 0.033122 0.116902
v -0.581395 0.033122 0.113113
v -0.554401 0.061202 0.116491
v -0.567613 0.061202 0.114241
v -0.580494 0.061202 0.110536
v -0.554044 0.089073 0.113321
v -0.566903 0.089073 0.111130
v -0.579440 0.089073 0.107524
v -0.606053 0.033122 0.101239
v -0.617230 0.033122 0.093301
v -0.627456 0.033122 0.084170
v -0.604600 0.061202 0.098927
v -0.615528 0.061202 0.091166
v -0.625525 0.061202 0.082240
v -0.602903 0.089073 0.096225
v -0.613539 0.089073 0.088672
v -0.623269 0.089073 0.079984
v -0.644519 0.033122 0.062773
v -0.651145 0.033122 0.050772
v -0.656397 0.033122 0.038109
v -0.642207 0.061202 0.061321
v -0.648685 0.061202 0.049588
v -0.653820 0.061202 0.037207
v -0.639506 0.089073 0.059623
v -0.645811 0.089073 0.048203
v -0.650808 0.089073 0.036154
v -0.662487 0.033122 0.011428
v -0.663250 0.033122 -0.002260
v -0.662487 0.033122 -0.015948
v -0.659774 0.061202 0.011122
v -0.660519 0.061202 -0.002260
v -0.659774 0.061202 -0.015642
v -0.656603 0.089073 0.010765
v -0.657329 0.089073 -0.002260
v -0.656603 0.089073 -0.015285
v -0.656397 0.033122 -0.042629
v -0.651145 0.033122 -0.055292
v -0.644519 0.033122 -0.067293
v -0.653820 0.061202 -0.041727
v -0.648685 0.061202 -0.054108
v -0.642207 0.061202 -0.065841
v -0.650808 0.089073 -0.040674
v -0.645811 0.089073 -0.052723
v -0.639506 0.089073 -0.064143
v -0.576802 0.151164 -0.104505
v -0.577031 0.143323 -0.105162
v -0.577589 0.131161 -0.106755
v -0.565126 0.151164 -0.107864
v -0.565281 0.143323 -0.108542
v -0.565656 0.131161 -0.110187
v -0.553150 0.151164 -0.109904
v -0.553227 0.143323 -0.110595
v -0.553416 0.131161 -0.112272
v -0.528629 0.131161 -0.112272
v -0.516389 0.131161 -0.110187
v -0.504456 0.131161 -0.106755
v -0.528818 0.143323 -0.110595
v -0.516764 0.143323 -0.108542
v -0.505014 0.143323 -0.105162
v -0.528896 0.151164 -0.109904
v -0.516919 0.151164 -0.107863
v -0.505244 0.151164 -0.104505
v -0.527731 -0.034995 -0.120246
v -0.514604 -0.034995 -0.118010
v -0.501806 -0.034995 -0.114329
v -0.527310 -0.024565 -0.123981
v -0.513767 -0.024565 -0.121674
v -0.500565 -0.024565 -0.117876
v -0.527125 -0.010678 -0.125619
v -0.513400 -0.010678 -0.123281
v -0.500020 -0.010678 -0.119433
v -0.579440 0.089073 -0.112044
v -0.580494 0.061202 -0.115056
v -0.581395 0.033122 -0.117633
v -0.566903 0.089073 -0.115650
v -0.567613 0.061202 -0.118761
v -0.568221 0.033122 -0.121422
v -0.554044 0.089073 -0.117841
v -0.554401 0.061202 -0.121011
v -0.554707 0.033122 -0.123725
v -0.477855 -0.034995 -0.102794
v -0.466998 -0.034995 -0.095084
v -0.457065 -0.034995 -0.086215
v -0.475855 -0.024565 -0.105977
v -0.464655 -0.024565 -0.098023
v -0.454407 -0.024565 -0.088873
v -0.474978 -0.010678 -0.107373
v -0.463627 -0.010678 -0.099312
v -0.453241 -0.010678 -0.090039
v -0.440490 -0.034995 -0.065431
v -0.434054 -0.034995 -0.053773
v -0.428953 -0.034995 -0.041473
v -0.437308 -0.024565 -0.067431
v -0.430668 -0.024565 -0.055404
v -0.425405 -0.024565 -0.042714
v -0.435912 -0.010678 -0.068308
v -0.429182 -0.010678 -0.056120
v -0.423849 -0.010678 -0.043259
v -0.423037 -0.034995 -0.015556
v -0.422296 -0.034995 -0.002260
v -0.423037 -0.034995 0.011036
v -0.419302 -0.024565 -0.015976
v -0.418538 -0.024565 -0.002260
v -0.419302 -0.024565 0.011456
v -0.417664 -0.010678 -0.016161
v -0.416889 -0.010678 -0.002260
v -0.417664 -0.010678 0.011641
v -0.428953 -0.034995 0.036953
v -0.434054 -0.034995 0.049253
v -0.440490 -0.034995 0.060911
v -0.425405 -0.024565 0.038194
v -0.430668 -0.024565 0.050884
v -0.437308 -0.024565 0.062911
v -0.423849 -0.010678 0.038739
v -0.429182 -0.010678 0.051600
v -0.435912 -0.010678 0.063788
v -0.457065 -0.034995 0.081695
v -0.466998 -0.034995 0.090564
v -0.477855 -0.034995 0.098274
v -0.454407 -0.024565 0.084353
v -0.464655 -0.024565 0.093503
v -0.475855 -0.024565 0.101457
v -0.453241 -0.010678 0.085519
v -0.463627 -0.010678 0.094792
v -0.474978 -0.010678 0.102853
v -0.501806 -0.034995 0.109809
v -0.514604 -0.034995 0.113490
v -0.527731 -0.034995 0.115726
v -0.500565 -0.024565 0.113356
v -0.513767 -0.024565 0.117154
v -0.527310 -0.024565 0.119461
v -0.500020 -0.010678 0.114913
v -0.513400 -0.010678 0.118761
v -0.527125 -0.010678 0.121099
v -0.554315 -0.034995 0.115726
v -0.567442 -0.034995 0.113490
v -0.580239 -0.034995 0.109809
v -0.554735 -0.024565 0.119461
v -0.568278 -0.024565 0.117154
v -0.581481 -0.024565 0.113356
v -0.554920 -0.010678 0.121099
v -0.568645 -0.010678 0.118761
v -0.582025 -0.010678 0.114913
v -0.604190 -0.034995 0.098274
v -0.615047 -0.034995 0.090564
v -0.624980 -0.034995 0.081695
v -0.606190 -0.024565 0.101457
v -0.617391 -0.024565 0.093503
v -0.627638 -0.024565 0.084353
v -0.607067 -0.010678 0.102853
v -0.618419 -0.010678 0.094792
v -0.628804 -0.010678 0.085519
v -0.641555 -0.034995 0.060911
v -0.647991 -0.034995 0.049253
v -0.653093 -0.034995 0.036953
v -0.644738 -0.024565 0.062911
v -0.651378 -0.024565 0.050884
v -0.656640 -0.024565 0.038194
v -0.646134 -0.010678 0.063788
v -0.652863 -0.010678 0.051600
v -0.658197 -0.010678 0.038739
v -0.659008 -0.034995 0.011036
v -0.659749 -0.034995 -0.002260
v -0.659008 -0.034995 -0.015556
v -0.662743 -0.024565 0.011456
v -0.663508 -0.024565 -0.002260
v -0.662743 -0.024565 -0.015976
v -0.664382 -0.010678 0.011641
v -0.665156 -0.010678 -0.002260
v -0.664382 -0.010678 -0.016161
v -0.653093 -0.034995 -0.041473
v -0.647991 -0.034995 -0.053773
v -0.641555 -0.034995 -0.065431
v -0.656640 -0.024565 -0.042714
v -0.651378 -0.024565 -0.055404
v -0.644738 -0.024565 -0.067431
v -0.658197 -0.010678 -0.043259
v -0.652863 -0.010678 -0.056120
v -0.646134 -0.010678 -0.068308
v -0.627456 0.033122 -0.088690
v -0.617230 0.033122 -0.097821
v -0.606053 0.033122 -0.105759
v -0.625525 0.061202 -0.086760
v -0.615528 0.061202 -0.095686
v -0.604600 0.061202 -0.103447
v -0.623269 0.089073 -0.084504
v -0.613539 0.089073 -0.093192
v -0.602903 0.089073 -0.100745
v -0.512848 -0.066234 -0.082774
v -0.509811 -0.059299 -0.091455
v -0.506637 -0.051670 -0.100523
v -0.522042 -0.066234 -0.085418
v -0.519996 -0.059299 -0.094385
v -0.517858 -0.051670 -0.103751
v -0.531473 -0.066234 -0.087025
v -0.530444 -0.059299 -0.096164
v -0.529368 -0.051670 -0.105711
v -0.480705 -0.066234 -0.062576
v -0.474201 -0.059299 -0.069079
v -0.467408 -0.051670 -0.075873
v -0.487841 -0.066234 -0.068948
v -0.482107 -0.059299 -0.076138
v -0.476117 -0.051670 -0.083649
v -0.495641 -0.066234 -0.074487
v -0.490748 -0.059299 -0.082275
v -0.485636 -0.051670 -0.090410
v -0.460508 -0.066234 -0.030432
v -0.451827 -0.059299 -0.033469
v -0.442758 -0.051670 -0.036642
v -0.464173 -0.066234 -0.039269
v -0.455887 -0.059299 -0.043259
v -0.447231 -0.051670 -0.047428
v -0.468797 -0.066234 -0.047644
v -0.461009 -0.059299 -0.052537
v -0.452875 -0.051670 -0.057649
v -0.456258 -0.066234 0.007292
v -0.447119 -0.059299 0.008322
v -0.437572 -0.051670 0.009398
v -0.455726 -0.066234 -0.002260
v -0.446529 -0.059299 -0.002260
v -0.436922 -0.051670 -0.002260
v -0.456258 -0.066234 -0.011812
v -0.447119 -0.059299 -0.012842
v -0.437572 -0.051670 -0.013918
v -0.468797 -0.066234 0.043124
v -0.461009 -0.059299 0.048017
v -0.452875 -0.051670 0.053129
v -0.464173 -0.066234 0.034749
v -0.455887 -0.059299 0.038739
v -0.447231 -0.051670 0.042908
v -0.460508 -0.066234 0.025912
v -0.451827 -0.059299 0.028949
v -0.442758 -0.051670 0.032122
v -0.495641 -0.066234 0.069967
v -0.490748 -0.059299 0.077755
v -0.485636 -0.051670 0.085890
v -0.487841 -0.066234 0.064428
v -0.482107 -0.059299 0.071618
v -0.476117 -0.051670 0.079129
v -0.480705 -0.066234 0.058056
v -0.474201 -0.059299 0.064559
v -0.467408 -0.051670 0.071353
v -0.531473 -0.066234 0.082505
v -0.530444 -0.059299 0.091644
v -0.529368 -0.051670 0.101191
v -0.522042 -0.066234 0.080898
v -0.519996 -0.059299 0.089865
v -0.517858 -0.051670 0.099231
v -0.512848 -0.066234 0.078254
v -0.509811 -0.059299 0.086935
v -0.506637 -0.051670 0.096003
v -0.569197 -0.066234 0.078254
v -0.572235 -0.059299 0.086935
v -0.575408 -0.051670 0.096003
v -0.560003 -0.066234 0.080898
v -0.562050 -0.059299 0.089865
v -0.564187 -0.051670 0.099231
v -0.550572 -0.066234 0.082505
v -0.551602 -0.059299 0.091644
v -0.552677 -0.051670 0.101191
v -0.601341 -0.066234 0.058056
v -0.607844 -0.059299 0.064559
v -0.614638 -0.051670 0.071353
v -0.594204 -0.066234 0.064428
v -0.599939 -0.059299 0.071618
v -0.605928 -0.051670 0.079129
v -0.586405 -0.066234 0.069967
v -0.591298 -0.059299 0.077755
v -0.596409 -0.051670 0.085890
v -0.621537 -0.066234 0.025912
v -0.630219 -0.059299 0.028949
v -0.639287 -0.051670 0.032122
v -0.617873 -0.066234 0.034749
v -0.626159 -0.059299 0.038739
v -0.634814 -0.051670 0.042908
v -0.613248 -0.066234 0.043124
v -0.621036 -0.059299 0.048017
v -0.629171 -0.051670 0.053129
v -0.625787 -0.066234 -0.011812
v -0.634927 -0.059299 -0.012842
v -0.644474 -0.051670 -0.013918
v -0.626320 -0.066234 -0.002260
v -0.635516 -0.059299 -0.002260
v -0.645123 -0.051670 -0.002260
v -0.625787 -0.066234 0.007292
v -0.634927 -0.059299 0.008322
v -0.644474 -0.051670 0.009398
v -0.613248 -0.066234 -0.047644
v -0.621036 -0.059299 -0.052537
v -0.629171 -0.051670 -0.057649
v -0.617873 -0.066234 -0.039269
v -0.626159 -0.059299 -0.043259
v -0.634814 -0.051670 -0.047428
v -0.621537 -0.066234 -0.030432
v -0.630219 -0.059299 -0.033469
v -0.639287 -0.051670 -0.036642
v -0.586405 -0.066234 -0.074487
v -0.591298 -0.059299 -0.082275
v -0.596409 -0.051670 -0.090410
v -0.594204 -0.066234 -0.068948
v -0.599939 -0.059299 -0.076138
v -0.605928 -0.051670 -0.083649
v -0.601341 -0.066234 -0.062576
v -0.607844 -0.059299 -0.069079
v -0.614638 -0.051670 -0.075873
v -0.550572 -0.066234 -0.087025
v -0.551602 -0.059299 -0.096164
v -0.552677 -0.051670 -0.105711
v -0.560003 -0.066234 -0.085418
v -0.562050 -0.059299 -0.094385
v -0.564187 -0.051670 -0.103751
v -0.569197 -0.066234 -0.082774
v -0.572235 -0.059299 -0.091455
v -0.575408 -0.051670 -0.100523
v -0.541023 -0.085719 -0.002260
v -0.541023 -0.086243 -0.041745
v -0.548137 -0.086080 -0.033428
v -0.558155 -0.086243 -0.037835
v -0.560955 -0.086080 -0.027255
v -0.571893 -0.086243 -0.026879
v -0.569826 -0.086080 -0.016131
v -0.579518 -0.086243 -0.011046
v -0.572992 -0.086080 -0.002260
v -0.579518 -0.086243 0.006526
v -0.569826 -0.086080 0.011611
v -0.571893 -0.086243 0.022359
v -0.560955 -0.086080 0.022735
v -0.558155 -0.086243 0.033315
v -0.548137 -0.086080 0.028908
v -0.541023 -0.086243 0.037225
v -0.533909 -0.086080 0.028908
v -0.523891 -0.086243 0.033315
v -0.521090 -0.086080 0.022735
v -0.510152 -0.086243 0.022359
v -0.512219 -0.086080 0.011611
v -0.502527 -0.086243 0.006526
v -0.509053 -0.086080 -0.002260
v -0.502527 -0.086243 -0.011046
v -0.512219 -0.086080 -0.016131
v -0.510152 -0.086243 -0.026879
v -0.521090 -0.086080 -0.027255
v -0.523891 -0.086243 -0.037835
v -0.533909 -0.086080 -0.033428
v -0.590730 -0.095209 -0.051966
v -0.590948 -0.094293 -0.052184
v -0.591071 -0.092876 -0.052307
v -0.584850 -0.095209 -0.057217
v -0.585042 -0.094293 -0.057458
v -0.585150 -0.092876 -0.057594
v -0.578422 -0.095209 -0.061782
v -0.578585 -0.094293 -0.062043
v -0.578678 -0.092876 -0.062190
v -0.491315 -0.095209 0.047446
v -0.491097 -0.094293 0.047664
v -0.490974 -0.092876 0.047787
v -0.497196 -0.095209 0.052697
v -0.497004 -0.094293 0.052938
v -0.496895 -0.092876 0.053074
v -0.503624 -0.095209 0.057262
v -0.503460 -0.094293 0.057523
v -0.503367 -0.092876 0.057670
v -0.564241 -0.095209 -0.068611
v -0.564343 -0.094293 -0.068902
v -0.564400 -0.092876 -0.069066
v -0.556664 -0.095209 -0.070790
v -0.556733 -0.094293 -0.071091
v -0.556772 -0.092876 -0.071261
v -0.548892 -0.095209 -0.072114
v -0.548927 -0.094293 -0.072420
v -0.548946 -0.092876 -0.072594
v -0.517804 -0.095209 0.064091
v -0.517703 -0.094293 0.064382
v -0.517645 -0.092876 0.064546
v -0.525381 -0.095209 0.066270
v -0.525313 -0.094293 0.066571
v -0.525274 -0.092876 0.066741
v -0.533153 -0.095209 0.067594
v -0.533119 -0.094293 0.067900
v -0.533099 -0.092876 0.068074
v -0.548892 -0.095209 0.067594
v -0.548927 -0.094293 0.067900
v -0.548946 -0.092876 0.068074
v -0.556664 -0.095209 0.066270
v -0.556733 -0.094293 0.066571
v -0.556772 -0.092876 0.066741
v -0.564241 -0.095209 0.064091
v -0.564343 -0.094293 0.064382
v -0.564400 -0.092876 0.064546
v -0.533153 -0.095209 -0.072114
v -0.533119 -0.094293 -0.072420
v -0.533099 -0.092876 -0.072594
v -0.525381 -0.095209 -0.070790
v -0.525313 -0.094293 -0.071091
v -0.525274 -0.092876 -0.071261
v -0.517804 -0.095209 -0.068611
v -0.517703 -0.094293 -0.068902
v -0.517645 -0.092876 -0.069066
v -0.578422 -0.095209 0.057262
v -0.578585 -0.094293 0.057523
v -0.578678 -0.092876 0.057670
v -0.584850 -0.095209 0.052697
v -0.585042 -0.094293 0.052938
v -0.585150 -0.092876 0.053074
v -0.590730 -0.095209 0.047446
v -0.590948 -0.094293 0.047664
v -0.591071 -0.092876 0.047787
v -0.503624 -0.095209 -0.061782
v -0.503460 -0.094293 -0.062043
v -0.503367 -0.092876 -0.062190
v -0.497196 -0.095209 -0.057217
v -0.497004 -0.094293 -0.057458
v -0.496895 -0.092876 -0.057594
v -0.491315 -0.095209 -0.051966
v -0.491097 -0.094293 -0.052184
v -0.490974 -0.092876 -0.052307
v -0.600544 -0.095209 0.035141
v -0.600804 -0.094293 0.035305
v -0.600952 -0.092876 0.035397
v -0.604354 -0.095209 0.028239
v -0.604632 -0.094293 0.028373
v -0.604789 -0.092876 0.028448
v -0.607374 -0.095209 0.020956
v -0.607665 -0.094293 0.021058
v -0.607830 -0.092876 0.021116
v -0.481502 -0.095209 -0.039661
v -0.481241 -0.094293 -0.039825
v -0.481093 -0.092876 -0.039917
v -0.477691 -0.095209 -0.032759
v -0.477414 -0.094293 -0.032893
v -0.477257 -0.092876 -0.032968
v -0.474671 -0.095209 -0.025476
v -0.474380 -0.094293 -0.025578
v -0.474216 -0.092876 -0.025636
v -0.610877 -0.095209 0.005612
v -0.611183 -0.094293 0.005646
v -0.611356 -0.092876 0.005666
v -0.611315 -0.095209 -0.002260
v -0.611623 -0.094293 -0.002260
v -0.611798 -0.092876 -0.002260
v -0.610877 -0.095209 -0.010132
v -0.611183 -0.094293 -0.010166
v -0.611356 -0.092876 -0.010186
v -0.471169 -0.095209 -0.010132
v -0.470863 -0.094293 -0.010166
v -0.470689 -0.092876 -0.010186
v -0.470730 -0.095209 -0.002260
v -0.470422 -0.094293 -0.002260
v -0.470248 -0.092876 -0.002260
v -0.471169 -0.095209 0.005612
v -0.470863 -0.094293 0.005646
v -0.470689 -0.092876 0.005666
v -0.607374 -0.095209 -0.025476
v -0.607665 -0.094293 -0.025578
v -0.607830 -0.092876 -0.025636
v -0.604354 -0.095209 -0.032759
v -0.604632 -0.094293 -0.032893
v -0.604789 -0.092876 -0.032968
v -0.600544 -0.095209 -0.039661
v -0.600804 -0.094293 -0.039825
v -0.600952 -0.092876 -0.039917
v -0.610712 -0.077134 -0.026644
v -0.609056 -0.081123 -0.026065
v -0.608762 -0.084467 -0.025962
v -0.607540 -0.077134 -0.034293
v -0.605959 -0.081123 -0.033532
v -0.605678 -0.084467 -0.033397
v -0.603538 -0.077134 -0.041542
v -0.602052 -0.081123 -0.040608
v -0.601788 -0.084467 -0.040443
v -0.467655 -0.077134 -0.010528
v -0.469399 -0.081123 -0.010331
v -0.469708 -0.084467 -0.010296
v -0.467194 -0.077134 -0.002260
v -0.468949 -0.081123 -0.002260
v -0.469260 -0.084467 -0.002260
v -0.467655 -0.077134 0.006008
v -0.469399 -0.081123 0.005811
v -0.469708 -0.084467 0.005776
v -0.614390 -0.077134 0.006008
v -0.612647 -0.081123 0.005811
v -0.612337 -0.084467 0.005776
v -0.614851 -0.077134 -0.002260
v -0.613096 -0.081123 -0.002260
v -0.612785 -0.084467 -0.002260
v -0.614390 -0.077134 -0.010528
v -0.612647 -0.081123 -0.010331
v -0.612337 -0.084467 -0.010296
v -0.478508 -0.077134 -0.041542
v -0.479994 -0.081123 -0.040608
v -0.480257 -0.084467 -0.040443
v -0.474505 -0.077134 -0.034293
v -0.476086 -0.081123 -0.033532
v -0.476367 -0.084467 -0.033397
v -0.471333 -0.077134 -0.026644
v -0.472990 -0.081123 -0.026065
v -0.473284 -0.084467 -0.025962
v -0.603538 -0.077134 0.037022
v -0.602052 -0.081123 0.036088
v -0.601788 -0.084467 0.035923
v -0.607540 -0.077134 0.029773
v -0.605959 -0.081123 0.029012
v -0.605678 -0.084467 0.028877
v -0.610712 -0.077134 0.022124
v -0.609056 -0.081123 0.021545
v -0.608762 -0.084467 0.021442
v -0.501743 -0.077134 -0.064776
v -0.502676 -0.081123 -0.063290
v -0.502842 -0.084467 -0.063027
v -0.494991 -0.077134 -0.059982
v -0.496085 -0.081123 -0.058610
v -0.496279 -0.084467 -0.058366
v -0.488815 -0.077134 -0.054466
v -0.490056 -0.081123 -0.053226
v -0.490276 -0.084467 -0.053005
v -0.580303 -0.077134 0.060256
v -0.579369 -0.081123 0.058770
v -0.579204 -0.084467 0.058507
v -0.587054 -0.077134 0.055462
v -0.585960 -0.081123 0.054090
v -0.585766 -0.084467 0.053846
v -0.593231 -0.077134 0.049946
v -0.591990 -0.081123 0.048706
v -0.591770 -0.084467 0.048485
v -0.532757 -0.077134 -0.075628
v -0.532954 -0.081123 -0.073884
v -0.532988 -0.084467 -0.073575
v -0.524594 -0.077134 -0.074238
v -0.524985 -0.081123 -0.072527
v -0.525054 -0.084467 -0.072223
v -0.516636 -0.077134 -0.071949
v -0.517216 -0.081123 -0.070292
v -0.517319 -0.084467 -0.069998
v -0.549288 -0.077134 0.071108
v -0.549092 -0.081123 0.069364
v -0.549057 -0.084467 0.069055
v -0.557451 -0.077134 0.069718
v -0.557061 -0.081123 0.068007
v -0.556991 -0.084467 0.067703
v -0.565409 -0.077134 0.067429
v -0.564829 -0.081123 0.065772
v -0.564727 -0.084467 0.065478
v -0.516636 -0.077134 0.067429
v -0.517216 -0.081123 0.065772
v -0.517319 -0.084467 0.065478
v -0.524594 -0.077134 0.069718
v -0.524985 -0.081123 0.068007
v -0.525054 -0.084467 0.067703
v -0.532757 -0.077134 0.071108
v -0.532954 -0.081123 0.069364
v -0.532988 -0.084467 0.069055
v -0.565409 -0.077134 -0.071949
v -0.564829 -0.081123 -0.070292
v -0.564727 -0.084467 -0.069998
v -0.557451 -0.077134 -0.074238
v -0.557061 -0.081123 -0.072527
v -0.556991 -0.084467 -0.072223
v -0.549288 -0.077134 -0.075628
v -0.549092 -0.081123 -0.073884
v -0.549057 -0.084467 -0.073575
v -0.488815 -0.077134 0.049946
v -0.490056 -0.081123 0.048706
v -0.490276 -0.084467 0.048485
v -0.494991 -0.077134 0.055462
v -0.496085 -0.081123 0.054090
v -0.496279 -0.084467 0.053846
v -0.501742 -0.077134 0.060256
v -0.502676 -0.081123 0.058770
v -0.502842 -0.084467 0.058507
v -0.593231 -0.077134 -0.054466
v -0.591990 -0.081123 -0.053226
v -0.591770 -0.084467 -0.053005
v -0.587054 -0.077134 -0.059982
v -0.585960 -0.081123 -0.058610
v -0.585766 -0.084467 -0.058366
v -0.580303 -0.077134 -0.064776
v -0.579369 -0.081123 -0.063290
v -0.579204 -0.084467 -0.063027
v -0.471333 -0.077134 0.022124
v -0.472990 -0.081123 0.021545
v -0.473284 -0.084467 0.021442
v -0.474505 -0.077134 0.029773
v -0.476086 -0.081123 0.029012
v -0.476367 -0.084467 0.028877
v -0.478508 -0.077134 0.037022
v -0.479994 -0.081123 0.036088
v -0.480257 -0.084467 0.035923
v -0.608641 -0.090201 -0.025919
v -0.608120 -0.092606 -0.025737
v -0.607576 -0.094395 -0.025547
v -0.605563 -0.090201 -0.033341
v -0.605066 -0.092606 -0.033102
v -0.604547 -0.094395 -0.032852
v -0.601679 -0.090201 -0.040374
v -0.601213 -0.092606 -0.040081
v -0.600725 -0.094395 -0.039775
v -0.469836 -0.090201 -0.010282
v -0.470383 -0.092606 -0.010220
v -0.470956 -0.094395 -0.010156
v -0.469389 -0.090201 -0.002260
v -0.469940 -0.092606 -0.002260
v -0.470516 -0.094395 -0.002260
v -0.469836 -0.090201 0.005762
v -0.470383 -0.092606 0.005700
v -0.470956 -0.094395 0.005636
v -0.612210 -0.090201 0.005762
v -0.611662 -0.092606 0.005700
v -0.611089 -0.094395 0.005636
v -0.612657 -0.090201 -0.002260
v -0.612105 -0.092606 -0.002260
v -0.611529 -0.094395 -0.002260
v -0.612210 -0.090201 -0.010282
v -0.611662 -0.092606 -0.010220
v -0.611089 -0.094395 -0.010156
v -0.480366 -0.090201 -0.040374
v -0.480833 -0.092606 -0.040081
v -0.481321 -0.094395 -0.039775
v -0.476483 -0.090201 -0.033341
v -0.476979 -0.092606 -0.033102
v -0.477498 -0.094395 -0.032852
v -0.473405 -0.090201 -0.025919
v -0.473925 -0.092606 -0.025737
v -0.474469 -0.094395 -0.025547
v -0.601679 -0.090201 0.035854
v -0.601213 -0.092606 0.035561
v -0.600725 -0.094395 0.035255
v -0.605563 -0.090201 0.028821
v -0.605066 -0.092606 0.028582
v -0.604547 -0.094395 0.028332
v -0.608641 -0.090201 0.021399
v -0.608120 -0.092606 0.021217
v -0.607576 -0.094395 0.021027
v -0.502910 -0.090201 -0.062918
v -0.503203 -0.092606 -0.062451
v -0.503510 -0.094395 -0.061963
v -0.496359 -0.090201 -0.058266
v -0.496703 -0.092606 -0.057835
v -0.497062 -0.094395 -0.057384
v -0.490366 -0.090201 -0.052915
v -0.490756 -0.092606 -0.052525
v -0.491164 -0.094395 -0.052117
v -0.579135 -0.090201 0.058398
v -0.578842 -0.092606 0.057931
v -0.578535 -0.094395 0.057443
v -0.585686 -0.090201 0.053746
v -0.585342 -0.092606 0.053315
v -0.584983 -0.094395 0.052864
v -0.591679 -0.090201 0.048395
v -0.591289 -0.092606 0.048005
v -0.590882 -0.094395 0.047597
v -0.533003 -0.090201 -0.073447
v -0.533065 -0.092606 -0.072899
v -0.533129 -0.094395 -0.072327
v -0.525083 -0.090201 -0.072098
v -0.525205 -0.092606 -0.071561
v -0.525333 -0.094395 -0.070999
v -0.517361 -0.090201 -0.069877
v -0.517543 -0.092606 -0.069357
v -0.517734 -0.094395 -0.068813
v -0.549042 -0.090201 0.068927
v -0.548981 -0.092606 0.068379
v -0.548916 -0.094395 0.067807
v -0.556963 -0.090201 0.067578
v -0.556840 -0.092606 0.067041
v -0.556712 -0.094395 0.066479
v -0.564684 -0.090201 0.065357
v -0.564502 -0.092606 0.064837
v -0.564312 -0.094395 0.064293
v -0.517361 -0.090201 0.065357
v -0.517543 -0.092606 0.064837
v -0.517734 -0.094395 0.064293
v -0.525083 -0.090201 0.067578
v -0.525205 -0.092606 0.067041
v -0.525333 -0.094395 0.066479
v -0.533003 -0.090201 0.068927
v -0.533065 -0.092606 0.068379
v -0.533129 -0.094395 0.067807
v -0.564684 -0.090201 -0.069877
v -0.564502 -0.092606 -0.069357
v -0.564312 -0.094395 -0.068813
v -0.556963 -0.090201 -0.072098
v -0.556840 -0.092606 -0.071561
v -0.556712 -0.094395 -0.070999
v -0.549042 -0.090201 -0.073447
v -0.548981 -0.092606 -0.072899
v -0.548916 -0.094395 -0.072327
v -0.490366 -0.090201 0.048395
v -0.490756 -0.092606 0.048005
v -0.491164 -0.094395 0.047597
v -0.496359 -0.090201 0.053746
v -0.496703 -0.092606 0.053315
v -0.497062 -0.094395 0.052864
v -0.502910 -0.090201 0.058398
v -0.503203 -0.092606 0.057931
v -0.503510 -0.094395 0.057443
v -0.591679 -0.090201 -0.052915
v -0.591289 -0.092606 -0.052525
v -0.590882 -0.094395 -0.052117
v -0.585686 -0.090201 -0.058266
v -0.585342 -0.092606 -0.057835
v -0.584983 -0.094395 -0.057384
v -0.579135 -0.090201 -0.062918
v -0.578842 -0.092606 -0.062451
v -0.578535 -0.094395 -0.061963
v -0.473405 -0.090201 0.021399
v -0.473925 -0.092606 0.021217
v -0.474469 -0.094395 0.021027
v -0.476483 -0.090201 0.028821
v -0.476979 -0.092606 0.028582
v -0.477498 -0.094395 0.028332
v -0.480366 -0.090201 0.035854
v -0.480833 -0.092606 0.035561
v -0.481321 -0.094395 0.035255
v -0.520827 -0.087396 -0.058981
v -0.519103 -0.088428 -0.064685
v -0.518136 -0.089744 -0.067637
v -0.527834 -0.087348 -0.060043
v -0.526358 -0.088413 -0.066508
v -0.525617 -0.089742 -0.069756
v -0.534608 -0.087396 -0.062127
v -0.533686 -0.088428 -0.068014
v -0.533277 -0.089744 -0.071093
v -0.498216 -0.087396 -0.044602
v -0.494188 -0.088428 -0.048993
v -0.492036 -0.089744 -0.051233
v -0.504069 -0.087348 -0.048598
v -0.499934 -0.088413 -0.053783
v -0.497857 -0.089742 -0.056388
v -0.509268 -0.087396 -0.053415
v -0.505883 -0.088428 -0.058319
v -0.504178 -0.089744 -0.060916
v -0.484084 -0.087396 -0.021835
v -0.478550 -0.088428 -0.024044
v -0.475639 -0.089744 -0.025128
v -0.487623 -0.087348 -0.027976
v -0.481649 -0.088413 -0.030853
v -0.478647 -0.089742 -0.032299
v -0.490217 -0.087396 -0.034571
v -0.485040 -0.088428 -0.037521
v -0.482377 -0.089744 -0.039121
v -0.481229 -0.087396 0.004808
v -0.475285 -0.088428 0.005219
v -0.472192 -0.089744 0.005505
v -0.481754 -0.087348 -0.002260
v -0.475122 -0.088413 -0.002260
v -0.471791 -0.089742 -0.002260
v -0.481229 -0.087396 -0.009328
v -0.475285 -0.088428 -0.009739
v -0.472192 -0.089744 -0.010025
v -0.490217 -0.087396 0.030051
v -0.485040 -0.088428 0.033001
v -0.482377 -0.089744 0.034601
v -0.487623 -0.087348 0.023456
v -0.481649 -0.088413 0.026333
v -0.478647 -0.089742 0.027779
v -0.484084 -0.087396 0.017315
v -0.478550 -0.088428 0.019524
v -0.475639 -0.089744 0.020608
v -0.509268 -0.087396 0.048895
v -0.505883 -0.088428 0.053799
v -0.504178 -0.089744 0.056396
v -0.504069 -0.087348 0.044078
v -0.499934 -0.088413 0.049263
v -0.497857 -0.089742 0.051868
v -0.498216 -0.087396 0.040082
v -0.494188 -0.088428 0.044473
v -0.492036 -0.089744 0.046713
v -0.534608 -0.087396 0.057607
v -0.533686 -0.088428 0.063494
v -0.533277 -0.089744 0.066573
v -0.527834 -0.087348 0.055523
v -0.526358 -0.088413 0.061988
v -0.525617 -0.089742 0.065236
v -0.520827 -0.087396 0.054461
v -0.519103 -0.088428 0.060165
v -0.518136 -0.089744 0.063117
v -0.561219 -0.087396 0.054461
v -0.562942 -0.088428 0.060165
v -0.563910 -0.089744 0.063117
v -0.554211 -0.087348 0.055523
v -0.555687 -0.088413 0.061988
v -0.556428 -0.089742 0.065236
v -0.547437 -0.087396 0.057607
v -0.548359 -0.088428 0.063494
v -0.548768 -0.089744 0.066573
v -0.583829 -0.087396 0.040082
v -0.587857 -0.088428 0.044473
v -0.590009 -0.089744 0.046713
v -0.577976 -0.087348 0.044078
v -0.582111 -0.088413 0.049263
v -0.584188 -0.089742 0.051868
v -0.572777 -0.087396 0.048895
v -0.576162 -0.088428 0.053799
v -0.577867 -0.089744 0.056396
v -0.597961 -0.087396 0.017315
v -0.603495 -0.088428 0.019524
v -0.606407 -0.089744 0.020608
v -0.594422 -0.087348 0.023456
v -0.600397 -0.088413 0.026333
v -0.603399 -0.089742 0.027779
v -0.591828 -0.087396 0.030051
v -0.597005 -0.088428 0.033001
v -0.599668 -0.089744 0.034601
v -0.600816 -0.087396 -0.009328
v -0.606760 -0.088428 -0.009739
v -0.609854 -0.089744 -0.010025
v -0.600291 -0.087348 -0.002260
v -0.606923 -0.088413 -0.002260
v -0.610255 -0.089742 -0.002260
v -0.600816 -0.087396 0.004808
v -0.606760 -0.088428 0.005219
v -0.609854 -0.089744 0.005505
v -0.591828 -0.087396 -0.034571
v -0.597005 -0.088428 -0.037521
v -0.599668 -0.089744 -0.039121
v -0.594422 -0.087348 -0.027976
v -0.600397 -0.088413 -0.030853
v -0.603399 -0.089742 -0.032299
v -0.597961 -0.087396 -0.021835
v -0.603495 -0.088428 -0.024044
v -0.606407 -0.089744 -0.025128
v -0.572777 -0.087396 -0.053415
v -0.576162 -0.088428 -0.058319
v -0.577867 -0.089744 -0.060916
v -0.577976 -0.087348 -0.048598
v -0.582111 -0.088413 -0.053783
v -0.584188 -0.089742 -0.056388
v -0.583829 -0.087396 -0.044602
v -0.587857 -0.088428 -0.048993
v -0.590009 -0.089744 -0.051233
v -0.547437 -0.087396 -0.062127
v -0.548359 -0.088428 -0.068014
v -0.548768 -0.089744 -0.071093
v -0.554211 -0.087348 -0.060043
v -0.555687 -0.088413 -0.066508
v -0.556428 -0.089742 -0.069756
v -0.561219 -0.087396 -0.058981
v -0.562942 -0.088428 -0.064685
v -0.563910 -0.089744 -0.067637
v -0.502657 0.158887 -0.111897
v -0.515177 0.158887 -0.115498
v -0.528019 0.158887 -0.117685
v -0.503671 0.160274 -0.109001
v -0.515860 0.160274 -0.112507
v -0.528363 0.160274 -0.114636
v -0.504529 0.159179 -0.106548
v -0.516438 0.159179 -0.109973
v -0.528654 0.159179 -0.112054
v -0.458887 0.158887 -0.084393
v -0.468604 0.158887 -0.093070
v -0.479226 0.158887 -0.100613
v -0.461057 0.160274 -0.082224
v -0.470517 0.160274 -0.090671
v -0.480858 0.160274 -0.098015
v -0.462894 0.159179 -0.080386
v -0.472138 0.159179 -0.088639
v -0.482241 0.159179 -0.095814
v -0.431385 0.158887 -0.040622
v -0.436375 0.158887 -0.052656
v -0.442672 0.158887 -0.064060
v -0.434281 0.160274 -0.039609
v -0.439139 0.160274 -0.051324
v -0.445270 0.160274 -0.062428
v -0.436734 0.159179 -0.038750
v -0.441481 0.159179 -0.050197
v -0.447470 0.159179 -0.061045
v -0.425598 0.158887 0.010747
v -0.424873 0.158887 -0.002260
v -0.425598 0.158887 -0.015267
v -0.428647 0.160274 0.010403
v -0.427941 0.160274 -0.002260
v -0.428647 0.160274 -0.014923
v -0.431229 0.159179 0.010112
v -0.430540 0.159179 -0.002260
v -0.431229 0.159179 -0.014632
v -0.442672 0.158887 0.059540
v -0.436375 0.158887 0.048136
v -0.431385 0.158887 0.036102
v -0.445270 0.160274 0.057908
v -0.439139 0.160274 0.046804
v -0.434281 0.160274 0.035089
v -0.447470 0.159179 0.056525
v -0.441481 0.159179 0.045677
v -0.436734 0.159179 0.034230
v -0.479226 0.158887 0.096093
v -0.468604 0.158887 0.088550
v -0.458887 0.158887 0.079873
v -0.480858 0.160274 0.093495
v -0.470517 0.160274 0.086151
v -0.461057 0.160274 0.077704
v -0.482241 0.159179 0.091294
v -0.472138 0.159179 0.084119
v -0.462894 0.159179 0.075866
v -0.528019 0.158887 0.113165
v -0.515177 0.158887 0.110978
v -0.502657 0.158887 0.107377
v -0.528363 0.160274 0.110116
v -0.515860 0.160274 0.107987
v -0.503671 0.160274 0.104481
v -0.528654 0.159179 0.107534
v -0.516438 0.159179 0.105453
v -0.504529 0.159179 0.102028
v -0.579388 0.158887 0.107377
v -0.566868 0.158887 0.110978
v -0.554026 0.158887 0.113165
v -0.578375 0.160274 0.104481
v -0.566186 0.160274 0.107987
v -0.553683 0.160274 0.110116
v -0.577516 0.159179 0.102028
v -0.565607 0.159179 0.105453
v -0.553392 0.159179 0.107534
v -0.623158 0.158887 0.079873
v -0.613441 0.158887 0.088550
v -0.602820 0.158887 0.096093
v -0.620989 0.160274 0.077704
v -0.611528 0.160274 0.086151
v -0.601187 0.160274 0.093495
v -0.619151 0.159179 0.075866
v -0.609908 0.159179 0.084119
v -0.599805 0.159179 0.091294
v -0.650661 0.158887 0.036102
v -0.645670 0.158887 0.048136
v -0.639373 0.158887 0.059540
v -0.647765 0.160274 0.035089
v -0.642906 0.160274 0.046804
v -0.636776 0.160274 0.057908
v -0.645311 0.159179 0.034230
v -0.640564 0.159179 0.045677
v -0.634575 0.159179 0.056525
v -0.656448 0.158887 -0.015267
v -0.657173 0.158887 -0.002260
v -0.656448 0.158887 0.010747
v -0.653399 0.160274 -0.014923
v -0.654104 0.160274 -0.002260
v -0.653399 0.160274 0.010403
v -0.650816 0.159179 -0.014632
v -0.651506 0.159179 -0.002260
v -0.650816 0.159179 0.010112
v -0.639373 0.158887 -0.064060
v -0.645670 0.158887 -0.052656
v -0.650661 0.158887 -0.040622
v -0.636776 0.160274 -0.062428
v -0.642906 0.160274 -0.051324
v -0.647765 0.160274 -0.039609
v -0.634575 0.159179 -0.061045
v -0.640564 0.159179 -0.050197
v -0.645311 0.159179 -0.038750
v -0.602820 0.158887 -0.100613
v -0.613441 0.158887 -0.093070
v -0.623158 0.158887 -0.084393
v -0.601187 0.160274 -0.098015
v -0.611528 0.160274 -0.090671
v -0.620989 0.160274 -0.082224
v -0.599805 0.159179 -0.095814
v -0.609908 0.159179 -0.088639
v -0.619151 0.159179 -0.080386
v -0.554026 0.158887 -0.117685
v -0.566868 0.158887 -0.115498
v -0.579388 0.158887 -0.111897
v -0.553683 0.160274 -0.114636
v -0.566186 0.160274 -0.112507
v -0.578375 0.160274 -0.109001
v -0.553392 0.159179 -0.112054
v -0.565607 0.159179 -0.109973
v -0.577516 0.159179 -0.106548
v -0.738979 0.019908 -0.029456
v -0.743334 0.014922 -0.031151
v -0.747689 0.009936 -0.028906
v -0.747970 0.029671 -0.029447
v -0.753135 0.025544 -0.031143
v -0.758300 0.021417 -0.028901
v -0.755479 0.039410 -0.029444
v -0.761246 0.036274 -0.031140
v -0.767013 0.033137 -0.028899
v -0.696845 -0.038126 -0.013490
v -0.696804 -0.039376 -0.002260
v -0.696845 -0.038126 0.008970
v -0.710299 -0.029863 -0.013486
v -0.710455 -0.031043 -0.002260
v -0.710299 -0.029863 0.008966
v -0.725171 -0.019941 -0.013482
v -0.725540 -0.021031 -0.002260
v -0.725171 -0.019941 0.008962
v -0.697990 -0.003972 0.009568
v -0.698032 -0.002722 -0.002260
v -0.697990 -0.003972 -0.014088
v -0.706034 0.002373 0.009550
v -0.705878 0.003552 -0.002260
v -0.706034 0.002373 -0.014070
v -0.715078 0.009851 0.009531
v -0.714709 0.010941 -0.002260
v -0.715078 0.009851 -0.014051
v -0.697173 -0.028338 0.024452
v -0.697418 -0.021049 0.026728
v -0.697662 -0.013760 0.025051
v -0.709076 -0.020625 0.024433
v -0.708166 -0.013745 0.026699
v -0.707256 -0.006866 0.025017
v -0.722278 -0.011403 0.024413
v -0.720125 -0.005045 0.026670
v -0.717971 0.001313 0.024983
v -0.675072 -0.041149 0.028245
v -0.677843 -0.031989 0.030799
v -0.680389 -0.022302 0.029251
v -0.678099 -0.039869 0.025574
v -0.680333 -0.031605 0.027952
v -0.682511 -0.023188 0.026308
v -0.681837 -0.037771 0.024615
v -0.683609 -0.029956 0.026914
v -0.685373 -0.022121 0.025247
v -0.683981 -0.008732 0.011522
v -0.684507 -0.007155 -0.002260
v -0.683981 -0.008732 -0.016042
v -0.685447 -0.011832 0.010208
v -0.685842 -0.010405 -0.002260
v -0.685447 -0.011832 -0.014728
v -0.687743 -0.011593 0.009670
v -0.688048 -0.010252 -0.002260
v -0.687743 -0.011593 -0.014190
v -0.671403 -0.052694 -0.015030
v -0.671070 -0.053972 -0.002260
v -0.671403 -0.052694 0.010510
v -0.675142 -0.050675 -0.013993
v -0.674794 -0.052005 -0.002260
v -0.675142 -0.050675 0.009473
v -0.679464 -0.048230 -0.013558
v -0.679165 -0.049559 -0.002260
v -0.679464 -0.048230 0.009038
v -0.680389 -0.022302 -0.033771
v -0.677843 -0.031989 -0.035319
v -0.675072 -0.041149 -0.032765
v -0.682511 -0.023188 -0.030828
v -0.680333 -0.031605 -0.032472
v -0.678099 -0.039869 -0.030094
v -0.685373 -0.022121 -0.029767
v -0.683609 -0.029956 -0.031434
v -0.681837 -0.037771 -0.029135
v -0.785995 0.055434 -0.013474
v -0.787082 0.055308 -0.002260
v -0.785995 0.055434 0.008954
v -0.787569 0.068340 -0.013474
v -0.788653 0.068442 -0.002260
v -0.787569 0.068340 0.008954
v -0.786683 0.080553 -0.013474
v -0.787732 0.080878 -0.002260
v -0.786683 0.080553 0.008954
v -0.753538 0.003240 -0.013476
v -0.754284 0.002385 -0.002260
v -0.753538 0.003240 0.008956
v -0.765235 0.015875 -0.013475
v -0.766120 0.015168 -0.002260
v -0.765235 0.015875 0.008955
v -0.774757 0.028925 -0.013474
v -0.775745 0.028387 -0.002260
v -0.774757 0.028925 0.008954
v -0.733130 0.026604 0.009506
v -0.732384 0.027459 -0.002260
v -0.733130 0.026604 -0.014026
v -0.741035 0.035212 0.009501
v -0.740150 0.035920 -0.002260
v -0.741035 0.035212 -0.014021
v -0.747735 0.043622 0.009499
v -0.746747 0.044160 -0.002260
v -0.747735 0.043622 -0.014019
v -0.747689 0.009936 0.024386
v -0.743334 0.014922 0.026631
v -0.738979 0.019908 0.024936
v -0.758300 0.021417 0.024381
v -0.753135 0.025544 0.026623
v -0.747970 0.029671 0.024927
v -0.767013 0.033137 0.024379
v -0.761246 0.036274 0.026620
v -0.755479 0.039410 0.024924
v -0.753696 0.082568 0.009499
v -0.752795 0.081874 -0.002260
v -0.753696 0.082568 -0.014019
v -0.749723 0.087200 0.009499
v -0.748935 0.086372 -0.002260
v -0.749723 0.087200 -0.014019
v -0.744854 0.090983 0.009499
v -0.744206 0.090052 -0.002260
v -0.744854 0.090983 -0.014019
v -0.756300 0.058871 0.009499
v -0.755214 0.058997 -0.002260
v -0.756300 0.058871 -0.014019
v -0.757957 0.065537 0.009499
v -0.756874 0.065435 -0.002260
v -0.757957 0.065537 -0.014019
v -0.757995 0.071660 0.009499
v -0.756945 0.071335 -0.002260
v -0.757995 0.071660 -0.014019
v -0.777485 0.056419 0.024379
v -0.771148 0.057153 0.026620
v -0.764811 0.057886 0.024923
v -0.779083 0.067537 0.024379
v -0.772763 0.066938 0.026620
v -0.766444 0.066340 0.024923
v -0.778461 0.078004 0.024379
v -0.772339 0.076106 0.026620
v -0.766216 0.074209 0.024923
v -0.764811 0.057886 -0.029443
v -0.771148 0.057153 -0.031140
v -0.777485 0.056419 -0.028899
v -0.766444 0.066340 -0.029443
v -0.772763 0.066938 -0.031140
v -0.779083 0.067537 -0.028899
v -0.766216 0.074209 -0.029443
v -0.772339 0.076106 -0.031140
v -0.778461 0.078004 -0.028899
v -0.735588 0.103423 -0.029440
v -0.737248 0.109627 -0.031137
v -0.738908 0.115831 -0.028896
v -0.727579 0.103840 -0.029419
v -0.728085 0.110280 -0.031118
v -0.728590 0.116721 -0.028881
v -0.719187 0.102896 -0.029363
v -0.718674 0.109529 -0.031064
v -0.718160 0.116161 -0.028837
v -0.771268 0.096096 0.024379
v -0.766012 0.092049 0.026620
v -0.760755 0.088002 0.024923
v -0.765093 0.103330 0.024379
v -0.760495 0.098505 0.026620
v -0.755897 0.093679 0.024923
v -0.757488 0.109132 0.024379
v -0.753709 0.103702 0.026620
v -0.749929 0.098273 0.024923
v -0.760755 0.088002 -0.029443
v -0.766012 0.092049 -0.031140
v -0.771268 0.096096 -0.028899
v -0.755897 0.093679 -0.029443
v -0.760495 0.098505 -0.031140
v -0.765093 0.103330 -0.028899
v -0.749929 0.098273 -0.029443
v -0.753709 0.103702 -0.031140
v -0.757488 0.109132 -0.028899
v -0.778327 0.101531 -0.013474
v -0.779228 0.102225 -0.002260
v -0.778327 0.101531 0.008954
v -0.771267 0.109810 -0.013474
v -0.772055 0.110637 -0.002260
v -0.771267 0.109810 0.008954
v -0.762564 0.116422 -0.013474
v -0.763211 0.117353 -0.002260
v -0.762564 0.116422 0.008954
v -0.703963 0.087845 0.009321
v -0.704234 0.086637 -0.002260
v -0.703963 0.087845 -0.013840
v -0.695762 0.083586 0.009219
v -0.696036 0.082338 -0.002260
v -0.695762 0.083586 -0.013738
v -0.688375 0.079396 0.009116
v -0.688622 0.078111 -0.002259
v -0.688375 0.079396 -0.013635
v -0.741137 0.124163 -0.013473
v -0.741422 0.125226 -0.002260
v -0.741137 0.124163 0.008953
v -0.729270 0.125370 -0.013468
v -0.729356 0.126474 -0.002260
v -0.729270 0.125370 0.008948
v -0.717470 0.125068 -0.013453
v -0.717382 0.126205 -0.002260
v -0.717470 0.125068 0.008933
v -0.733359 0.095092 0.009497
v -0.733075 0.094028 -0.002260
v -0.733359 0.095092 -0.014017
v -0.726900 0.095191 0.009487
v -0.726813 0.094087 -0.002260
v -0.726900 0.095191 -0.014007
v -0.719877 0.093990 0.009459
v -0.719965 0.092853 -0.002260
v -0.719877 0.093990 -0.013979
v -0.738908 0.115831 0.024376
v -0.737248 0.109627 0.026617
v -0.735588 0.103423 0.024920
v -0.728590 0.116721 0.024361
v -0.728085 0.110280 0.026598
v -0.727579 0.103840 0.024899
v -0.718160 0.116161 0.024317
v -0.718674 0.109529 0.026544
v -0.719187 0.102896 0.024843
v -0.698695 0.111389 0.024101
v -0.700271 0.104346 0.026278
v -0.701847 0.097302 0.024562
v -0.690424 0.107912 0.023942
v -0.692021 0.100635 0.026081
v -0.693618 0.093358 0.024355
v -0.683566 0.104455 0.023782
v -0.685004 0.096959 0.025883
v -0.686443 0.089463 0.024147
v -0.701847 0.097303 -0.029082
v -0.700271 0.104346 -0.030797
v -0.698695 0.111389 -0.028621
v -0.693618 0.093358 -0.028874
v -0.692021 0.100635 -0.030600
v -0.690424 0.107912 -0.028461
v -0.686443 0.089463 -0.028666
v -0.685004 0.096959 -0.030402
v -0.683566 0.104455 -0.028301
v -0.696579 0.120847 -0.013379
v -0.696309 0.122054 -0.002260
v -0.696579 0.120847 0.008860
v -0.688280 0.117684 -0.013325
v -0.688006 0.118931 -0.002260
v -0.688280 0.117684 0.008806
v -0.681634 0.114522 -0.013270
v -0.681387 0.115807 -0.002259
v -0.681634 0.114522 0.008751
v -0.639873 0.011586 -0.101107
v -0.639032 0.029053 -0.100266
v -0.637813 0.046518 -0.099047
v -0.628178 0.011586 -0.111549
v -0.627436 0.029053 -0.110619
v -0.626362 0.046518 -0.109272
v -0.615395 0.011586 -0.120627
v -0.614762 0.029053 -0.119620
v -0.613846 0.046518 -0.118161
v -0.584016 0.101846 -0.125123
v -0.569986 0.101846 -0.129159
v -0.555595 0.101846 -0.131610
v -0.584533 0.089958 -0.126598
v -0.570334 0.089958 -0.130682
v -0.555770 0.089958 -0.133163
v -0.585053 0.077189 -0.128086
v -0.570685 0.077189 -0.132218
v -0.555946 0.077189 -0.134729
v -0.673536 0.011240 -0.048599
v -0.672118 0.029054 -0.048089
v -0.670507 0.046867 -0.047579
v -0.667147 0.011461 -0.062975
v -0.665985 0.029054 -0.062413
v -0.664433 0.046644 -0.061692
v -0.659410 0.011571 -0.076644
v -0.658392 0.029053 -0.076006
v -0.656933 0.046533 -0.075092
v -0.680976 0.012696 0.013456
v -0.679201 0.029056 0.013312
v -0.677572 0.045418 0.013076
v -0.681794 0.013405 -0.002260
v -0.680043 0.029057 -0.002260
v -0.678396 0.044711 -0.002260
v -0.680976 0.012696 -0.017976
v -0.679201 0.029056 -0.017832
v -0.677572 0.045418 -0.017596
v -0.659410 0.011571 0.072124
v -0.658392 0.029053 0.071486
v -0.656933 0.046533 0.070572
v -0.667147 0.011461 0.058455
v -0.665985 0.029054 0.057893
v -0.664433 0.046644 0.057172
v -0.673536 0.011240 0.044079
v -0.672118 0.029054 0.043569
v -0.670507 0.046867 0.043059
v -0.615395 0.011586 0.116107
v -0.614762 0.029053 0.115100
v -0.613846 0.046518 0.113641
v -0.628178 0.011586 0.107029
v -0.627436 0.029053 0.106099
v -0.626362 0.046518 0.104752
v -0.639873 0.011586 0.096587
v -0.639032 0.029053 0.095746
v -0.637813 0.046518 0.094527
v -0.556672 0.011586 0.136654
v -0.556539 0.029053 0.135472
v -0.556346 0.046518 0.133760
v -0.572128 0.011586 0.134021
v -0.571863 0.029053 0.132862
v -0.571480 0.046518 0.131182
v -0.587195 0.011586 0.129688
v -0.586803 0.029053 0.128565
v -0.586233 0.046518 0.126938
v -0.494850 0.011586 0.129688
v -0.495243 0.029053 0.128565
v -0.495812 0.046518 0.126938
v -0.509917 0.011586 0.134021
v -0.510182 0.029053 0.132862
v -0.510565 0.046518 0.131182
v -0.525373 0.011586 0.136654
v -0.525506 0.029053 0.135472
v -0.525699 0.046518 0.133760
v -0.442173 0.011586 0.096587
v -0.443014 0.029053 0.095746
v -0.444232 0.046518 0.094527
v -0.453867 0.011586 0.107029
v -0.454609 0.029053 0.106099
v -0.455683 0.046518 0.104752
v -0.466650 0.011586 0.116107
v -0.467283 0.029053 0.115100
v -0.468200 0.046518 0.113641
v -0.409074 0.011586 0.043909
v -0.410196 0.029053 0.043516
v -0.411823 0.046518 0.042947
v -0.415080 0.011586 0.058391
v -0.416151 0.029053 0.057875
v -0.417704 0.046518 0.057127
v -0.422658 0.011586 0.072116
v -0.423665 0.029053 0.071483
v -0.425124 0.046518 0.070566
v -0.402109 0.011586 -0.017914
v -0.403291 0.029053 -0.017781
v -0.405003 0.046518 -0.017588
v -0.401236 0.011586 -0.002260
v -0.402426 0.029053 -0.002260
v -0.404149 0.046518 -0.002260
v -0.402109 0.011586 0.013394
v -0.403291 0.029053 0.013261
v -0.405003 0.046518 0.013068
v -0.422658 0.011586 -0.076636
v -0.423665 0.029053 -0.076003
v -0.425124 0.046518 -0.075086
v -0.415080 0.011586 -0.062911
v -0.416151 0.029053 -0.062395
v -0.417704 0.046518 -0.061647
v -0.409074 0.011586 -0.048429
v -0.410196 0.029053 -0.048036
v -0.411823 0.046518 -0.047467
v -0.466650 0.011586 -0.120627
v -0.467283 0.029053 -0.119620
v -0.468200 0.046518 -0.118161
v -0.453867 0.011586 -0.111549
v -0.454609 0.029053 -0.110619
v -0.455683 0.046518 -0.109272
v -0.442173 0.011586 -0.101107
v -0.443014 0.029053 -0.100266
v -0.444232 0.046518 -0.099047
v -0.525373 0.011586 -0.141174
v -0.525506 0.029053 -0.139992
v -0.525699 0.046518 -0.138280
v -0.509917 0.011586 -0.138541
v -0.510182 0.029053 -0.137382
v -0.510565 0.046518 -0.135702
v -0.494850 0.011586 -0.134208
v -0.495243 0.029053 -0.133085
v -0.495812 0.046518 -0.131458
v -0.673655 0.080577 -0.032306
v -0.675262 0.082460 -0.029485
v -0.677385 0.084115 -0.028526
v -0.672302 0.090420 -0.033991
v -0.674129 0.090924 -0.031229
v -0.676278 0.091980 -0.030276
v -0.671224 0.100005 -0.031851
v -0.673084 0.099314 -0.029149
v -0.675182 0.099835 -0.028221
v -0.677385 0.084115 0.024007
v -0.675262 0.082460 0.024966
v -0.673655 0.080577 0.027786
v -0.676278 0.091980 0.025757
v -0.674129 0.090924 0.026710
v -0.672302 0.090420 0.029472
v -0.675182 0.099835 0.023702
v -0.673084 0.099314 0.024629
v -0.671224 0.100005 0.027332
v -0.673736 0.110360 0.008744
v -0.671881 0.110395 0.009202
v -0.670493 0.112583 0.010358
v -0.673556 0.111699 -0.002259
v -0.671768 0.111773 -0.002260
v -0.670537 0.114011 -0.002260
v -0.673736 0.110360 -0.013263
v -0.671881 0.110395 -0.013721
v -0.670493 0.112583 -0.014878
v -0.676251 0.067009 0.010816
v -0.676972 0.071110 0.009538
v -0.678895 0.073557 0.009050
v -0.676691 0.065435 -0.002260
v -0.677226 0.069684 -0.002260
v -0.679092 0.072212 -0.002259
v -0.676251 0.067009 -0.015335
v -0.676972 0.071110 -0.014057
v -0.678895 0.073557 -0.013568
vn -0.0000 -0.9019 -0.4320
vn -0.0000 0.4660 -0.8848
vn 0.1875 -0.9019 -0.3893
vn 0.3839 0.4660 -0.7972
vn 0.3378 -0.9019 -0.2694
vn 0.6918 0.4660 -0.5517
vn 0.4212 -0.9019 -0.0961
vn 0.8626 0.4660 -0.1969
vn 0.4212 -0.9019 0.0961
vn 0.8626 0.4660 0.1969
vn 0.3378 -0.9019 0.2694
vn 0.6918 0.4660 0.5517
vn 0.1875 -0.9019 0.3893
vn 0.3839 0.4660 0.7972
vn -0.0000 -0.9019 0.4320
vn -0.0000 0.4660 0.8848
vn -0.1875 -0.9019 0.3893
vn -0.3839 0.4660 0.7972
vn -0.3378 -0.9019 0.2694
vn -0.6917 0.4660 0.5517
vn -0.4186 -0.9031 0.0961
vn -0.8620 0.4671 0.1969
vn -0.4186 -0.9031 -0.0961
vn -0.8620 0.4671 -0.1969
vn -0.3378 -0.9019 -0.2694
vn -0.6917 0.4660 -0.5517
vn -0.1875 -0.9019 -0.3893
vn -0.3839 0.4660 -0.7972
vn -0.4291 0.1478 -0.8911
vn -0.7725 0.1483 -0.6175
vn -0.9381 0.2343 -0.2550
vn -0.9381 0.2343 0.2550
vn -0.7725 0.1483 0.6175
vn -0.4291 0.1478 0.8911
vn -0.0000 0.1478 0.9890
vn 0.4291 0.1478 0.8911
vn 0.7732 0.1478 0.6166
vn 0.9642 0.1478 0.2201
vn 0.9642 0.1478 -0.2201
vn 0.7732 0.1478 -0.6166
vn 0.4291 0.1478 -0.8911
vn -0.0000 0.1478 -0.9890
vn -0.4337 -0.0276 -0.9006
vn -0.7806 -0.0272 -0.6244
vn -0.9527 0.0655 -0.2967
vn -0.9527 0.0655 0.2967
vn -0.7806 -0.0272 0.6244
vn -0.4337 -0.0276 0.9006
vn -0.0000 -0.0276 0.9996
vn 0.4337 -0.0276 0.9006
vn 0.7815 -0.0276 0.6233
vn 0.9746 -0.0276 0.2224
vn 0.9746 -0.0276 -0.2224
vn 0.7815 -0.0276 -0.6233
vn 0.4337 -0.0276 -0.9006
vn -0.0000 -0.0276 -0.9996
vn -0.0000 -0.6632 -0.7484
vn 0.3247 -0.6632 -0.6743
vn 0.5851 -0.6632 -0.4666
vn 0.7296 -0.6632 -0.1665
vn 0.7296 -0.6632 0.1665
vn 0.5851 -0.6632 0.4666
vn 0.3247 -0.6632 0.6743
vn -0.0000 -0.6632 0.7484
vn -0.3247 -0.6632 0.6743
vn -0.5839 -0.6635 0.4678
vn -0.6103 -0.7420 0.2775
vn -0.6103 -0.7420 -0.2775
vn -0.5839 -0.6635 -0.4678
vn -0.3247 -0.6632 -0.6743
vn -0.0000 -1.0000 -0.0007
vn 0.0003 -1.0000 -0.0006
vn 0.0005 -1.0000 -0.0004
vn 0.0006 -1.0000 -0.0001
vn 0.0006 -1.0000 0.0001
vn 0.0005 -1.0000 0.0004
vn 0.0003 -1.0000 0.0006
vn -0.0000 -1.0000 0.0007
vn -0.0003 -1.0000 0.0006
vn -0.0005 -1.0000 0.0004
vn -0.0006 -1.0000 0.0001
vn -0.0006 -1.0000 -0.0001
vn -0.0005 -1.0000 -0.0004
vn -0.0003 -1.0000 -0.0006
vn 0.7815 -0.0284 0.6232
vn 0.9745 -0.0284 0.2224
vn -0.4337 -0.0284 -0.9006
vn -0.7815 -0.0284 -0.6232
vn 0.4337 -0.0284 0.9006
vn -0.0000 -0.0284 -0.9996
vn -0.0000 -0.0284 0.9996
vn -0.4337 -0.0284 0.9006
vn 0.4337 -0.0284 -0.9006
vn -0.7815 -0.0284 0.6232
vn 0.7815 -0.0284 -0.6232
vn -0.9745 -0.0284 0.2224
vn 0.9745 -0.0284 -0.2224
vn -0.9745 -0.0284 -0.2224
vn 0.7818 -0.0103 0.6235
vn -0.4339 -0.0103 -0.9009
vn 0.4339 -0.0103 0.9009
vn -0.0000 -0.0103 -0.9999
vn -0.0000 -0.0103 0.9999
vn -0.4339 -0.0103 0.9009
vn 0.4339 -0.0103 -0.9009
vn -0.7818 -0.0103 0.6235
vn 0.7818 -0.0103 -0.6235
vn -0.9749 -0.0103 0.2225
vn 0.9749 -0.0103 -0.2225
vn -0.9749 -0.0103 -0.2225
vn 0.9749 -0.0103 0.2225
vn -0.7818 -0.0103 -0.6235
vn -0.0000 -0.9833 -0.1820
vn 0.0790 -0.9833 -0.1640
vn 0.1423 -0.9833 -0.1135
vn 0.1775 -0.9833 -0.0405
vn 0.1775 -0.9833 0.0405
vn 0.1423 -0.9833 0.1135
vn 0.0790 -0.9833 0.1640
vn -0.0000 -0.9833 0.1820
vn -0.0790 -0.9833 0.1640
vn -0.1423 -0.9833 0.1135
vn -0.1775 -0.9833 0.0405
vn -0.1775 -0.9833 -0.0405
vn -0.1423 -0.9833 -0.1135
vn -0.0790 -0.9833 -0.1640
vn -0.0000 0.7154 0.6987
vn -0.0000 0.2959 0.9552
vn -0.3032 0.7154 0.6295
vn -0.4145 0.2959 0.8606
vn -0.5463 0.7154 0.4357
vn -0.7468 0.2959 0.5956
vn -0.6812 0.7154 0.1555
vn -0.9313 0.2959 0.2126
vn -0.6812 0.7154 -0.1555
vn -0.9313 0.2959 -0.2126
vn -0.5463 0.7154 -0.4357
vn -0.7468 0.2959 -0.5956
vn -0.3032 0.7154 -0.6295
vn -0.4145 0.2959 -0.8606
vn -0.0000 0.7154 -0.6987
vn -0.0000 0.2959 -0.9552
vn 0.3032 0.7154 -0.6295
vn 0.4145 0.2959 -0.8606
vn 0.5463 0.7154 -0.4357
vn 0.7468 0.2959 -0.5956
vn 0.6812 0.7154 -0.1555
vn 0.9313 0.2959 -0.2126
vn 0.6812 0.7154 0.1555
vn 0.9313 0.2959 0.2126
vn 0.5463 0.7154 0.4357
vn 0.7468 0.2959 0.5956
vn 0.3032 0.7154 0.6295
vn 0.4145 0.2959 0.8606
vn 0.4300 -0.1329 0.8930
vn 0.7749 -0.1329 0.6180
vn 0.9663 -0.1329 0.2205
vn 0.9663 -0.1329 -0.2205
vn 0.7749 -0.1329 -0.6180
vn 0.4300 -0.1329 -0.8930
vn -0.0000 -0.1329 -0.9911
vn -0.4300 -0.1329 -0.8930
vn -0.7749 -0.1329 -0.6180
vn -0.9663 -0.1329 -0.2205
vn -0.9663 -0.1329 0.2205
vn -0.7749 -0.1329 0.6180
vn -0.4300 -0.1329 0.8930
vn -0.0000 -0.1329 0.9911
vn 0.4335 -0.0395 0.9003
vn 0.7812 -0.0395 0.6230
vn 0.9742 -0.0395 0.2223
vn 0.9742 -0.0395 -0.2223
vn 0.7812 -0.0395 -0.6230
vn 0.4335 -0.0395 -0.9003
vn -0.0000 -0.0395 -0.9992
vn -0.4335 -0.0395 -0.9003
vn -0.7812 -0.0395 -0.6230
vn -0.9742 -0.0395 -0.2223
vn -0.9742 -0.0395 0.2223
vn -0.7812 -0.0395 0.6230
vn -0.4335 -0.0395 0.9003
vn -0.0000 -0.0395 0.9992
vn -0.0000 0.6540 0.7565
vn -0.3282 0.6540 0.6816
vn -0.5914 0.6540 0.4717
vn -0.7375 0.6540 0.1683
vn -0.7375 0.6540 -0.1683
vn -0.5914 0.6540 -0.4717
vn -0.3282 0.6540 -0.6816
vn -0.0000 0.6540 -0.7565
vn 0.3282 0.6540 -0.6816
vn 0.5914 0.6540 -0.4717
vn 0.7375 0.6540 -0.1683
vn 0.7375 0.6540 0.1683
vn 0.5914 0.6540 0.4717
vn 0.3282 0.6540 0.6816
vn -0.0000 0.9974 -0.0717
vn 0.0311 0.9974 -0.0646
vn 0.0561 0.9974 -0.0447
vn 0.0699 0.9974 -0.0160
vn 0.0699 0.9974 0.0160
vn 0.0561 0.9974 0.0447
vn 0.0311 0.9974 0.0646
vn -0.0000 0.9974 0.0717
vn -0.0311 0.9974 0.0646
vn -0.0561 0.9974 0.0447
vn -0.0699 0.9974 0.0160
vn -0.0699 0.9974 -0.0160
vn -0.0561 0.9974 -0.0447
vn -0.0311 0.9974 -0.0646
vn -0.7816 0.0245 -0.6233
vn -0.9746 0.0245 -0.2225
vn 0.4338 0.0245 0.9007
vn 0.7816 0.0245 0.6233
vn -0.4338 0.0245 -0.9007
vn -0.0000 0.0245 0.9997
vn -0.0000 0.0245 -0.9997
vn 0.4338 0.0245 -0.9007
vn -0.4338 0.0245 0.9007
vn 0.7816 0.0245 -0.6233
vn -0.7816 0.0245 0.6233
vn 0.9746 0.0245 -0.2225
vn -0.9746 0.0245 0.2225
vn 0.9746 0.0245 0.2225
vn -0.3993 -0.8598 -0.3184
vn 0.2216 -0.8598 0.4601
vn -0.2216 -0.8598 -0.4601
vn -0.0000 -0.8598 0.5107
vn -0.0000 -0.8598 -0.5107
vn 0.2216 -0.8598 -0.4601
vn -0.2216 -0.8598 0.4601
vn 0.3993 -0.8598 -0.3184
vn -0.3993 -0.8598 0.3184
vn 0.4979 -0.8598 -0.1137
vn -0.4979 -0.8598 0.1137
vn 0.4979 -0.8598 0.1136
vn -0.4978 -0.8598 -0.1137
vn 0.3993 -0.8598 0.3184
vn -0.0000 0.4082 -0.9129
vn 0.3961 0.4082 -0.8225
vn 0.7137 0.4082 -0.5692
vn 0.8900 0.4082 -0.2031
vn 0.8900 0.4082 0.2031
vn 0.7137 0.4082 0.5692
vn 0.3961 0.4082 0.8225
vn -0.0000 0.4082 0.9129
vn -0.3961 0.4082 0.8225
vn -0.7137 0.4082 0.5692
vn -0.8900 0.4082 0.2031
vn -0.8900 0.4082 -0.2031
vn -0.7137 0.4082 -0.5692
vn -0.3961 0.4082 -0.8225
vn -0.5485 -0.6637 0.5085
vn -0.5485 -0.6637 -0.5085
vn 0.5765 0.6346 0.5147
vn 0.5765 0.6346 -0.5147
vn -0.4536 -0.7552 -0.4732
vn 0.5081 0.7255 -0.4641
vn -0.4536 -0.7552 0.4732
vn 0.5081 0.7255 0.4641
vn -0.7948 -0.3407 0.5022
vn -0.7948 -0.3407 -0.5022
vn 0.7585 0.4020 0.5128
vn 0.7585 0.4020 -0.5128
vn -0.8012 0.3214 0.5047
vn -0.8012 0.3214 -0.5047
vn 0.7934 -0.3118 0.5228
vn 0.7934 -0.3118 -0.5228
vn -0.2949 0.8113 0.5048
vn -0.2949 0.8113 -0.5048
vn 0.2873 -0.8032 0.5218
vn 0.2873 -0.8032 -0.5218
vn 0.1865 0.8261 0.5318
vn 0.1866 0.8261 -0.5318
vn -0.2760 -0.7954 0.5396
vn -0.2760 -0.7954 -0.5396
vn 0.3897 0.7282 0.5638
vn 0.3897 0.7282 -0.5638
vn -0.4282 -0.7081 0.5615
vn -0.4282 -0.7081 -0.5615
vn -0.4310 0.1159 -0.8949
vn -0.7759 0.1155 -0.6202
vn -0.9673 0.0477 -0.2492
vn -0.9673 0.0477 0.2492
vn -0.7759 0.1155 0.6202
vn -0.4310 0.1159 0.8949
vn -0.0000 0.1159 0.9933
vn 0.4310 0.1159 0.8949
vn 0.7766 0.1159 0.6193
vn 0.9684 0.1159 0.2210
vn 0.9684 0.1159 -0.2210
vn 0.7766 0.1159 -0.6193
vn 0.4310 0.1159 -0.8949
vn -0.0000 0.1159 -0.9933
vn 0.0842 -0.6632 -0.7437
vn 0.1665 -0.6632 -0.7296
vn 0.2468 -0.6632 -0.7065
vn 0.2918 0.4660 -0.8353
vn 0.1969 0.4660 -0.8626
vn 0.0995 0.4660 -0.8792
vn -0.4150 0.2918 -0.8618
vn -0.4242 0.2099 -0.8809
vn -0.4277 0.1689 -0.8880
vn -0.7478 0.2918 -0.5964
vn -0.7643 0.2100 -0.6097
vn -0.7702 0.1691 -0.6149
vn 0.3985 -0.6632 -0.6335
vn 0.4666 -0.6632 -0.5851
vn 0.5289 -0.6632 -0.5295
vn 0.6253 0.4660 -0.6259
vn 0.5517 0.4660 -0.6918
vn 0.4711 0.4660 -0.7489
vn -0.9303 0.2987 -0.2131
vn -0.9484 0.2293 -0.2189
vn -0.9520 0.2083 -0.2243
vn 0.6339 -0.6632 -0.3979
vn 0.6743 -0.6632 -0.3247
vn 0.7063 -0.6632 -0.2475
vn 0.8350 0.4660 -0.2926
vn 0.7972 0.4660 -0.3839
vn 0.7494 0.4660 -0.4704
vn -0.9303 0.2987 0.2131
vn -0.9484 0.2293 0.2189
vn -0.9520 0.2083 0.2243
vn 0.7437 -0.6632 -0.0834
vn 0.7484 -0.6632 -0.0000
vn 0.7437 -0.6632 0.0834
vn 0.8793 0.4660 0.0986
vn 0.8848 0.4660 -0.0000
vn 0.8793 0.4660 -0.0986
vn -0.7478 0.2918 0.5964
vn -0.7643 0.2100 0.6097
vn -0.7702 0.1691 0.6149
vn 0.7063 -0.6632 0.2475
vn 0.6743 -0.6632 0.3247
vn 0.6339 -0.6632 0.3979
vn 0.7494 0.4660 0.4704
vn 0.7972 0.4660 0.3839
vn 0.8350 0.4660 0.2926
vn -0.4150 0.2918 0.8618
vn -0.4242 0.2099 0.8809
vn -0.4277 0.1689 0.8880
vn 0.5289 -0.6632 0.5295
vn 0.4666 -0.6632 0.5851
vn 0.3985 -0.6632 0.6335
vn 0.4711 0.4660 0.7489
vn 0.5517 0.4660 0.6918
vn 0.6253 0.4660 0.6259
vn -0.0000 0.2918 0.9565
vn -0.0000 0.2099 0.9777
vn -0.0000 0.1689 0.9856
vn 0.2468 -0.6632 0.7065
vn 0.1665 -0.6632 0.7296
vn 0.0842 -0.6632 0.7437
vn 0.0995 0.4660 0.8792
vn 0.1969 0.4660 0.8626
vn 0.2918 0.4660 0.8353
vn 0.4150 0.2918 0.8618
vn 0.4242 0.2099 0.8809
vn 0.4277 0.1689 0.8880
vn -0.0842 -0.6632 0.7437
vn -0.1665 -0.6632 0.7296
vn -0.2468 -0.6632 0.7065
vn -0.2918 0.4660 0.8353
vn -0.1969 0.4660 0.8626
vn -0.0995 0.4660 0.8792
vn 0.7478 0.2918 0.5964
vn 0.7644 0.2099 0.6096
vn 0.7706 0.1689 0.6145
vn -0.3985 -0.6632 0.6335
vn -0.4666 -0.6632 0.5851
vn -0.5289 -0.6632 0.5295
vn -0.6253 0.4660 0.6259
vn -0.5517 0.4660 0.6918
vn -0.4711 0.4660 0.7489
vn 0.9325 0.2918 0.2128
vn 0.9532 0.2099 0.2176
vn 0.9609 0.1689 0.2193
vn -0.6249 -0.6657 0.4077
vn -0.6476 -0.6731 0.3571
vn -0.6509 -0.6913 0.3137
vn -0.8346 0.4667 0.2927
vn -0.7970 0.4663 0.3839
vn -0.7493 0.4661 0.4704
vn 0.9325 0.2918 -0.2128
vn 0.9532 0.2099 -0.2176
vn 0.9609 0.1689 -0.2193
vn -0.5005 -0.8556 0.1320
vn -0.4667 -0.8844 -0.0000
vn -0.5005 -0.8556 -0.1320
vn -0.8786 0.4673 -0.0986
vn -0.8841 0.4674 -0.0000
vn -0.8786 0.4673 0.0986
vn 0.7478 0.2918 -0.5964
vn 0.7644 0.2099 -0.6096
vn 0.7706 0.1689 -0.6145
vn -0.6509 -0.6913 -0.3137
vn -0.6476 -0.6731 -0.3571
vn -0.6249 -0.6657 -0.4077
vn -0.7493 0.4661 -0.4704
vn -0.7970 0.4663 -0.3839
vn -0.8346 0.4667 -0.2927
vn 0.4150 0.2918 -0.8618
vn 0.4242 0.2099 -0.8809
vn 0.4277 0.1689 -0.8880
vn -0.5289 -0.6632 -0.5295
vn -0.4666 -0.6632 -0.5851
vn -0.3985 -0.6632 -0.6335
vn -0.4711 0.4660 -0.7489
vn -0.5517 0.4660 -0.6918
vn -0.6253 0.4660 -0.6259
vn -0.4314 0.1059 -0.8959
vn -0.4324 0.0830 -0.8979
vn -0.4335 0.0421 -0.9002
vn -0.2468 -0.6632 -0.7065
vn -0.1665 -0.6632 -0.7296
vn -0.0842 -0.6632 -0.7437
vn -0.0995 0.4660 -0.8792
vn -0.1969 0.4660 -0.8626
vn -0.2918 0.4660 -0.8353
vn -0.0000 0.1689 -0.9856
vn -0.0000 0.2099 -0.9777
vn -0.0000 0.2918 -0.9565
vn -0.7771 0.1058 -0.6204
vn -0.7788 0.0831 -0.6217
vn -0.7806 0.0423 -0.6236
vn -0.9701 0.0876 -0.2262
vn -0.9685 0.0964 -0.2294
vn -0.9652 0.0904 -0.2452
vn -0.9701 0.0876 0.2262
vn -0.9685 0.0964 0.2294
vn -0.9652 0.0904 0.2452
vn -0.7771 0.1058 0.6204
vn -0.7788 0.0831 0.6217
vn -0.7806 0.0423 0.6236
vn -0.4314 0.1059 0.8959
vn -0.4324 0.0830 0.8979
vn -0.4335 0.0421 0.9002
vn -0.0000 0.1059 0.9944
vn -0.0000 0.0830 0.9965
vn -0.0000 0.0421 0.9991
vn 0.4314 0.1059 0.8959
vn 0.4324 0.0830 0.8979
vn 0.4335 0.0421 0.9002
vn 0.7774 0.1059 0.6200
vn 0.7791 0.0830 0.6213
vn 0.7811 0.0421 0.6229
vn 0.9694 0.1059 0.2213
vn 0.9716 0.0830 0.2218
vn 0.9741 0.0421 0.2223
vn 0.9694 0.1059 -0.2213
vn 0.9716 0.0830 -0.2218
vn 0.9741 0.0421 -0.2223
vn 0.7774 0.1059 -0.6200
vn 0.7791 0.0830 -0.6213
vn 0.7811 0.0421 -0.6229
vn 0.4314 0.1059 -0.8959
vn 0.4324 0.0830 -0.8979
vn 0.4335 0.0421 -0.9002
vn -0.0000 -0.4836 -0.8753
vn -0.0000 -0.2946 -0.9556
vn -0.0000 -0.1382 -0.9904
vn 0.5266 0.1478 -0.8372
vn 0.6166 0.1478 -0.7732
vn 0.6990 0.1478 -0.6997
vn 0.8377 0.1478 -0.5258
vn 0.8911 0.1478 -0.4291
vn 0.9334 0.1478 -0.3271
vn 0.9829 0.1478 -0.1103
vn 0.9890 0.1478 -0.0000
vn 0.9829 0.1478 0.1103
vn 0.9334 0.1478 0.3271
vn 0.8911 0.1478 0.4291
vn 0.8377 0.1478 0.5258
vn 0.6990 0.1478 0.6997
vn 0.6166 0.1478 0.7732
vn 0.5266 0.1478 0.8372
vn 0.3262 0.1478 0.9337
vn 0.2201 0.1478 0.9642
vn 0.1112 0.1478 0.9827
vn -0.1112 0.1478 0.9827
vn -0.2201 0.1478 0.9642
vn -0.3262 0.1478 0.9337
vn -0.5266 0.1478 0.8372
vn -0.6166 0.1478 0.7732
vn -0.6990 0.1478 0.6997
vn -0.8325 0.1516 0.5328
vn -0.8775 0.1630 0.4511
vn -0.9112 0.1897 0.3656
vn -0.9657 0.2389 0.1020
vn -0.9743 0.2251 -0.0000
vn -0.9657 0.2389 -0.1020
vn -0.9112 0.1897 -0.3656
vn -0.8775 0.1630 -0.4511
vn -0.8325 0.1516 -0.5328
vn -0.6990 0.1478 -0.6997
vn -0.6166 0.1478 -0.7732
vn -0.5266 0.1478 -0.8372
vn -0.1112 0.1478 -0.9827
vn -0.2201 0.1478 -0.9642
vn -0.3262 0.1478 -0.9337
vn 0.1112 0.1478 -0.9827
vn 0.2201 0.1478 -0.9642
vn 0.3262 0.1478 -0.9337
vn -0.0000 0.1203 -0.9927
vn -0.0000 0.1264 -0.9920
vn -0.0000 0.1356 -0.9908
vn 0.4297 -0.1382 -0.8923
vn 0.4146 -0.2946 -0.8610
vn 0.3798 -0.4836 -0.7886
vn 0.7743 -0.1382 -0.6175
vn 0.7471 -0.2946 -0.5958
vn 0.6843 -0.4836 -0.5458
vn 0.9656 -0.1382 -0.2204
vn 0.9317 -0.2946 -0.2126
vn 0.8534 -0.4836 -0.1948
vn 0.9656 -0.1382 0.2204
vn 0.9317 -0.2946 0.2126
vn 0.8534 -0.4836 0.1948
vn 0.7743 -0.1382 0.6175
vn 0.7471 -0.2946 0.5958
vn 0.6843 -0.4836 0.5458
vn 0.4297 -0.1382 0.8923
vn 0.4146 -0.2946 0.8610
vn 0.3798 -0.4836 0.7886
vn -0.0000 -0.1382 0.9904
vn -0.0000 -0.2946 0.9556
vn -0.0000 -0.4836 0.8753
vn -0.4297 -0.1382 0.8923
vn -0.4146 -0.2946 0.8610
vn -0.3798 -0.4836 0.7886
vn -0.7730 -0.1379 0.6192
vn -0.7456 -0.2946 0.5977
vn -0.6828 -0.4838 0.5474
vn -0.9095 -0.0811 0.4077
vn -0.8555 -0.2801 0.4356
vn -0.7639 -0.5077 0.3983
vn -0.9095 -0.0811 -0.4077
vn -0.8555 -0.2801 -0.4356
vn -0.7639 -0.5077 -0.3983
vn -0.7730 -0.1379 -0.6192
vn -0.7456 -0.2946 -0.5977
vn -0.6828 -0.4838 -0.5474
vn -0.4297 -0.1382 -0.8923
vn -0.4146 -0.2946 -0.8610
vn -0.3798 -0.4836 -0.7886
vn 0.1124 -0.0276 -0.9933
vn 0.2224 -0.0276 -0.9746
vn 0.3297 -0.0276 -0.9437
vn -0.1124 -0.0276 -0.9933
vn -0.2224 -0.0276 -0.9746
vn -0.3297 -0.0276 -0.9437
vn 0.5322 -0.0276 -0.8461
vn 0.6233 -0.0276 -0.7815
vn 0.7065 -0.0276 -0.7072
vn 0.8467 -0.0276 -0.5314
vn 0.9006 -0.0276 -0.4337
vn 0.9434 -0.0276 -0.3306
vn 0.9934 -0.0276 -0.1114
vn 0.9996 -0.0276 -0.0000
vn 0.9934 -0.0276 0.1114
vn 0.9434 -0.0276 0.3306
vn 0.9006 -0.0276 0.4337
vn 0.8467 -0.0276 0.5314
vn 0.7065 -0.0276 0.7072
vn 0.6233 -0.0276 0.7815
vn 0.5322 -0.0276 0.8461
vn 0.3297 -0.0276 0.9437
vn 0.2224 -0.0276 0.9746
vn 0.1124 -0.0276 0.9933
vn -0.1124 -0.0276 0.9933
vn -0.2224 -0.0276 0.9746
vn -0.3297 -0.0276 0.9437
vn -0.5322 -0.0276 0.8461
vn -0.6233 -0.0276 0.7815
vn -0.7065 -0.0276 0.7072
vn -0.8407 -0.0243 0.5409
vn -0.8856 -0.0144 0.4642
vn -0.9213 0.0100 0.3886
vn -0.9831 0.1286 0.1305
vn -0.9907 0.1359 -0.0000
vn -0.9831 0.1286 -0.1305
vn -0.9213 0.0100 -0.3886
vn -0.8856 -0.0144 -0.4642
vn -0.8407 -0.0243 -0.5409
vn -0.7065 -0.0276 -0.7072
vn -0.6233 -0.0276 -0.7815
vn -0.5322 -0.0276 -0.8461
vn 0.0486 -0.9018 -0.4293
vn 0.0961 -0.9018 -0.4212
vn 0.1425 -0.9018 -0.4079
vn 0.2301 -0.9018 -0.3657
vn 0.2694 -0.9018 -0.3378
vn 0.3054 -0.9018 -0.3057
vn 0.3660 -0.9018 -0.2297
vn 0.3893 -0.9018 -0.1875
vn 0.4077 -0.9018 -0.1429
vn 0.4294 -0.9018 -0.0482
vn 0.4321 -0.9018 -0.0000
vn 0.4294 -0.9018 0.0482
vn 0.4077 -0.9018 0.1429
vn 0.3893 -0.9018 0.1875
vn 0.3660 -0.9018 0.2297
vn 0.3054 -0.9018 0.3057
vn 0.2694 -0.9018 0.3378
vn 0.2301 -0.9018 0.3657
vn 0.1425 -0.9018 0.4079
vn 0.0961 -0.9018 0.4212
vn 0.0486 -0.9018 0.4293
vn -0.0486 -0.9018 0.4293
vn -0.0961 -0.9018 0.4212
vn -0.1425 -0.9018 0.4079
vn -0.2301 -0.9018 0.3657
vn -0.2694 -0.9018 0.3378
vn -0.3054 -0.9018 0.3057
vn -0.3658 -0.9019 0.2297
vn -0.3887 -0.9021 0.1875
vn -0.4063 -0.9025 0.1429
vn -0.4258 -0.9035 0.0481
vn -0.4281 -0.9037 -0.0000
vn -0.4258 -0.9035 -0.0481
vn -0.4063 -0.9025 -0.1429
vn -0.3887 -0.9021 -0.1875
vn -0.3658 -0.9019 -0.2297
vn -0.3054 -0.9018 -0.3057
vn -0.2694 -0.9018 -0.3378
vn -0.2301 -0.9018 -0.3657
vn -0.1425 -0.9018 -0.4079
vn -0.0961 -0.9018 -0.4212
vn -0.0486 -0.9018 -0.4293
vn 0.2675 -0.7874 -0.5554
vn 0.2249 -0.8552 -0.4670
vn 0.1978 -0.8900 -0.4107
vn -0.0000 -0.8900 -0.4559
vn -0.0000 -0.8552 -0.5184
vn -0.0000 -0.7874 -0.6164
vn 0.4819 -0.7874 -0.3843
vn 0.4053 -0.8552 -0.3232
vn 0.3564 -0.8900 -0.2842
vn 0.6010 -0.7874 -0.1372
vn 0.5054 -0.8552 -0.1153
vn 0.4445 -0.8900 -0.1014
vn 0.6010 -0.7874 0.1372
vn 0.5054 -0.8552 0.1153
vn 0.4445 -0.8900 0.1014
vn 0.4819 -0.7874 0.3843
vn 0.4053 -0.8552 0.3232
vn 0.3564 -0.8900 0.2842
vn 0.2675 -0.7874 0.5554
vn 0.2249 -0.8552 0.4670
vn 0.1978 -0.8900 0.4107
vn -0.0000 -0.7874 0.6164
vn -0.0000 -0.8552 0.5184
vn -0.0000 -0.8900 0.4559
vn -0.2675 -0.7874 0.5554
vn -0.2249 -0.8552 0.4670
vn -0.1978 -0.8900 0.4107
vn -0.4811 -0.7876 0.3849
vn -0.4049 -0.8553 0.3234
vn -0.3563 -0.8901 0.2843
vn -0.5098 -0.8426 0.1738
vn -0.4565 -0.8810 0.1242
vn -0.4274 -0.8982 0.1024
vn -0.5098 -0.8426 -0.1738
vn -0.4565 -0.8810 -0.1242
vn -0.4274 -0.8982 -0.1024
vn -0.4811 -0.7876 -0.3849
vn -0.4049 -0.8553 -0.3234
vn -0.3563 -0.8901 -0.2843
vn -0.2675 -0.7874 -0.5554
vn -0.2249 -0.8552 -0.4670
vn -0.1978 -0.8900 -0.4107
vn 0.0205 -0.9833 -0.1806
vn 0.0404 -0.9834 -0.1770
vn 0.0599 -0.9833 -0.1716
vn 0.0969 -0.9833 -0.1538
vn 0.1132 -0.9834 -0.1419
vn 0.1284 -0.9833 -0.1287
vn 0.1540 -0.9833 -0.0966
vn 0.1635 -0.9834 -0.0788
vn 0.1715 -0.9833 -0.0602
vn 0.1806 -0.9833 -0.0202
vn 0.1815 -0.9834 -0.0000
vn 0.1806 -0.9833 0.0202
vn 0.1715 -0.9833 0.0602
vn 0.1635 -0.9834 0.0788
vn 0.1540 -0.9833 0.0966
vn 0.1284 -0.9833 0.1287
vn 0.1132 -0.9834 0.1419
vn 0.0969 -0.9833 0.1538
vn 0.0599 -0.9833 0.1716
vn 0.0404 -0.9834 0.1770
vn 0.0205 -0.9833 0.1806
vn -0.0205 -0.9833 0.1806
vn -0.0404 -0.9834 0.1770
vn -0.0599 -0.9833 0.1716
vn -0.0969 -0.9833 0.1538
vn -0.1132 -0.9834 0.1419
vn -0.1284 -0.9833 0.1287
vn -0.1540 -0.9833 0.0966
vn -0.1635 -0.9834 0.0788
vn -0.1715 -0.9833 0.0602
vn -0.1806 -0.9833 0.0202
vn -0.1815 -0.9834 -0.0000
vn -0.1806 -0.9833 -0.0202
vn -0.1715 -0.9833 -0.0602
vn -0.1635 -0.9834 -0.0788
vn -0.1540 -0.9833 -0.0966
vn -0.1284 -0.9833 -0.1287
vn -0.1132 -0.9834 -0.1419
vn -0.0969 -0.9833 -0.1538
vn -0.0599 -0.9833 -0.1716
vn -0.0404 -0.9834 -0.1770
vn -0.0205 -0.9833 -0.1806
vn 0.7762 -0.1197 0.6190
vn 0.6840 -0.4843 0.5455
vn 0.3926 -0.8648 0.3131
vn 0.9332 -0.2893 0.2130
vn 0.6995 -0.6965 0.1597
vn 0.4715 -0.8753 0.1076
vn -0.4308 -0.1197 -0.8945
vn -0.3796 -0.4843 -0.7882
vn -0.2179 -0.8648 -0.4525
vn -0.7484 -0.2893 -0.5968
vn -0.5610 -0.6965 -0.4474
vn -0.3781 -0.8753 -0.3015
vn 0.4308 -0.1197 0.8945
vn 0.3796 -0.4843 0.7882
vn 0.2179 -0.8648 0.4525
vn -0.0000 -0.1197 -0.9928
vn -0.0000 -0.4843 -0.8749
vn -0.0000 -0.8648 -0.5022
vn -0.0000 -0.1197 0.9928
vn -0.0000 -0.4843 0.8749
vn -0.0000 -0.8648 0.5022
vn -0.4308 -0.1197 0.8945
vn -0.3796 -0.4843 0.7882
vn -0.2179 -0.8648 0.4525
vn 0.4308 -0.1197 -0.8945
vn 0.3796 -0.4843 -0.7882
vn 0.2179 -0.8648 -0.4525
vn -0.7762 -0.1197 0.6190
vn -0.6840 -0.4843 0.5455
vn -0.3926 -0.8648 0.3131
vn 0.7762 -0.1197 -0.6190
vn 0.6840 -0.4843 -0.5455
vn 0.3926 -0.8648 -0.3131
vn -0.9679 -0.1197 0.2209
vn -0.8529 -0.4843 0.1947
vn -0.4896 -0.8648 0.1117
vn 0.9679 -0.1197 -0.2209
vn 0.8529 -0.4843 -0.1947
vn 0.4896 -0.8648 -0.1117
vn -0.9679 -0.1197 -0.2209
vn -0.8529 -0.4843 -0.1947
vn -0.4896 -0.8648 -0.1117
vn 0.3781 -0.8753 0.3015
vn 0.5610 -0.6965 0.4474
vn 0.7484 -0.2893 0.5968
vn 0.9749 -0.0000 0.2225
vn -0.2098 -0.8753 -0.4357
vn -0.3113 -0.6965 -0.6465
vn -0.4153 -0.2893 -0.8624
vn -0.7818 -0.0000 -0.6235
vn 0.2098 -0.8753 0.4357
vn 0.3113 -0.6965 0.6465
vn 0.4153 -0.2893 0.8624
vn -0.0000 -0.8753 -0.4836
vn -0.0000 -0.6965 -0.7175
vn -0.0000 -0.2893 -0.9572
vn -0.0000 -0.8753 0.4836
vn -0.0000 -0.6965 0.7175
vn -0.0000 -0.2893 0.9572
vn -0.2098 -0.8753 0.4357
vn -0.3113 -0.6965 0.6465
vn -0.4153 -0.2893 0.8624
vn 0.2098 -0.8753 -0.4357
vn 0.3113 -0.6965 -0.6465
vn 0.4153 -0.2893 -0.8624
vn -0.3781 -0.8753 0.3015
vn -0.5610 -0.6965 0.4474
vn -0.7484 -0.2893 0.5968
vn 0.3781 -0.8753 -0.3015
vn 0.5610 -0.6965 -0.4474
vn 0.7484 -0.2893 -0.5968
vn -0.4715 -0.8753 0.1076
vn -0.6995 -0.6965 0.1597
vn -0.9332 -0.2893 0.2130
vn 0.4715 -0.8753 -0.1076
vn 0.6995 -0.6965 -0.1597
vn 0.9332 -0.2893 -0.2130
vn -0.4715 -0.8753 -0.1076
vn -0.6995 -0.6965 -0.1597
vn -0.9332 -0.2893 -0.2130
vn -0.8466 -0.0284 -0.5314
vn -0.9006 -0.0284 -0.4337
vn -0.9433 -0.0284 -0.3306
vn 0.9934 -0.0284 0.1114
vn 0.9996 -0.0284 -0.0000
vn 0.9934 -0.0284 -0.1114
vn -0.9934 -0.0284 -0.1114
vn -0.9996 -0.0284 -0.0000
vn -0.9934 -0.0284 0.1114
vn 0.9433 -0.0284 -0.3306
vn 0.9006 -0.0284 -0.4337
vn 0.8466 -0.0284 -0.5314
vn -0.9433 -0.0284 0.3306
vn -0.9006 -0.0284 0.4337
vn -0.8466 -0.0284 0.5314
vn 0.7065 -0.0284 -0.7072
vn 0.6232 -0.0284 -0.7815
vn 0.5322 -0.0284 -0.8461
vn -0.7065 -0.0284 0.7072
vn -0.6232 -0.0284 0.7815
vn -0.5322 -0.0284 0.8461
vn 0.3297 -0.0284 -0.9437
vn 0.2224 -0.0284 -0.9745
vn 0.1124 -0.0284 -0.9933
vn -0.3297 -0.0284 0.9437
vn -0.2224 -0.0284 0.9745
vn -0.1124 -0.0284 0.9933
vn 0.1124 -0.0284 0.9933
vn 0.2224 -0.0284 0.9745
vn 0.3297 -0.0284 0.9437
vn -0.1124 -0.0284 -0.9933
vn -0.2224 -0.0284 -0.9745
vn -0.3297 -0.0284 -0.9437
vn 0.5322 -0.0284 0.8461
vn 0.6232 -0.0284 0.7815
vn 0.7065 -0.0284 0.7072
vn -0.5322 -0.0284 -0.8461
vn -0.6232 -0.0284 -0.7815
vn -0.7065 -0.0284 -0.7072
vn 0.8466 -0.0284 0.5314
vn 0.9006 -0.0284 0.4337
vn 0.9433 -0.0284 0.3306
vn 0.7818 -0.0000 0.6235
vn -0.4339 -0.0000 -0.9010
vn 0.4339 -0.0000 0.9010
vn -0.0000 -0.0000 -1.0000
vn -0.0000 -0.0000 1.0000
vn -0.4339 -0.0000 0.9010
vn 0.4339 -0.0000 -0.9010
vn -0.7818 -0.0000 0.6235
vn 0.7818 -0.0000 -0.6235
vn -0.9749 -0.0000 0.2225
vn 0.9749 -0.0000 -0.2225
vn -0.9749 -0.0000 -0.2225
vn 0.4896 -0.8648 0.1117
vn 0.8529 -0.4843 0.1947
vn 0.9679 -0.1197 0.2209
vn -0.3926 -0.8648 -0.3131
vn -0.6840 -0.4843 -0.5455
vn -0.7762 -0.1197 -0.6190
vn -0.8469 -0.0103 -0.5316
vn -0.9009 -0.0103 -0.4339
vn -0.9437 -0.0103 -0.3307
vn 0.9937 -0.0103 0.1115
vn 0.9999 -0.0103 -0.0000
vn 0.9937 -0.0103 -0.1115
vn -0.9937 -0.0103 -0.1115
vn -0.9999 -0.0103 -0.0000
vn -0.9937 -0.0103 0.1115
vn 0.9437 -0.0103 -0.3307
vn 0.9009 -0.0103 -0.4339
vn 0.8469 -0.0103 -0.5316
vn -0.9437 -0.0103 0.3307
vn -0.9009 -0.0103 0.4339
vn -0.8469 -0.0103 0.5316
vn 0.7067 -0.0103 -0.7074
vn 0.6235 -0.0103 -0.7818
vn 0.5324 -0.0103 -0.8464
vn -0.7067 -0.0103 0.7074
vn -0.6235 -0.0103 0.7818
vn -0.5324 -0.0103 0.8464
vn 0.3298 -0.0103 -0.9440
vn 0.2225 -0.0103 -0.9749
vn 0.1124 -0.0103 -0.9936
vn -0.3298 -0.0103 0.9440
vn -0.2225 -0.0103 0.9749
vn -0.1124 -0.0103 0.9936
vn 0.1124 -0.0103 0.9936
vn 0.2225 -0.0103 0.9749
vn 0.3298 -0.0103 0.9440
vn -0.1124 -0.0103 -0.9936
vn -0.2225 -0.0103 -0.9749
vn -0.3298 -0.0103 -0.9440
vn 0.5324 -0.0103 0.8464
vn 0.6235 -0.0103 0.7818
vn 0.7067 -0.0103 0.7074
vn -0.5324 -0.0103 -0.8464
vn -0.6235 -0.0103 -0.7818
vn -0.7067 -0.0103 -0.7074
vn 0.8469 -0.0103 0.5316
vn 0.9009 -0.0103 0.4339
vn 0.9437 -0.0103 0.3307
vn 0.0002 -1.0000 -0.0003
vn 0.0001 -1.0000 -0.0003
vn -0.0000 -1.0000 -0.0004
vn 0.0003 -1.0000 -0.0002
vn 0.0002 -1.0000 -0.0002
vn 0.0004 -1.0000 -0.0001
vn 0.0003 -1.0000 -0.0001
vn 0.0004 -1.0000 0.0001
vn 0.0003 -1.0000 -0.0000
vn 0.0003 -1.0000 0.0002
vn 0.0003 -1.0000 0.0001
vn 0.0002 -1.0000 0.0003
vn 0.0002 -1.0000 0.0002
vn -0.0000 -1.0000 0.0004
vn 0.0001 -1.0000 0.0003
vn -0.0002 -1.0000 0.0003
vn -0.0001 -1.0000 0.0003
vn -0.0003 -1.0000 0.0002
vn -0.0002 -1.0000 0.0002
vn -0.0004 -1.0000 0.0001
vn -0.0003 -1.0000 0.0001
vn -0.0004 -1.0000 -0.0001
vn -0.0003 -1.0000 -0.0000
vn -0.0003 -1.0000 -0.0002
vn -0.0003 -1.0000 -0.0001
vn -0.0002 -1.0000 -0.0003
vn -0.0002 -1.0000 -0.0002
vn -0.0001 -1.0000 -0.0003
vn 0.0273 -0.9980 -0.0567
vn 0.0086 -0.9998 -0.0178
vn 0.0021 -1.0000 -0.0043
vn -0.0000 -1.0000 -0.0047
vn -0.0000 -0.9998 -0.0198
vn -0.0000 -0.9980 -0.0629
vn 0.0492 -0.9980 -0.0392
vn 0.0154 -0.9998 -0.0123
vn 0.0037 -1.0000 -0.0030
vn 0.0613 -0.9980 -0.0140
vn 0.0193 -0.9998 -0.0044
vn 0.0046 -1.0000 -0.0011
vn 0.0613 -0.9980 0.0140
vn 0.0193 -0.9998 0.0044
vn 0.0046 -1.0000 0.0011
vn 0.0492 -0.9980 0.0392
vn 0.0154 -0.9998 0.0123
vn 0.0037 -1.0000 0.0030
vn 0.0273 -0.9980 0.0567
vn 0.0086 -0.9998 0.0178
vn 0.0021 -1.0000 0.0043
vn -0.0000 -0.9980 0.0629
vn -0.0000 -0.9998 0.0198
vn -0.0000 -1.0000 0.0047
vn -0.0273 -0.9980 0.0567
vn -0.0086 -0.9998 0.0178
vn -0.0021 -1.0000 0.0043
vn -0.0492 -0.9980 0.0392
vn -0.0154 -0.9998 0.0123
vn -0.0037 -1.0000 0.0030
vn -0.0613 -0.9980 0.0140
vn -0.0193 -0.9998 0.0044
vn -0.0046 -1.0000 0.0011
vn -0.0613 -0.9980 -0.0140
vn -0.0193 -0.9998 -0.0044
vn -0.0046 -1.0000 -0.0011
vn -0.0492 -0.9980 -0.0392
vn -0.0154 -0.9998 -0.0123
vn -0.0037 -1.0000 -0.0030
vn -0.0273 -0.9980 -0.0567
vn -0.0086 -0.9998 -0.0178
vn -0.0021 -1.0000 -0.0043
vn -0.0851 0.6540 0.7517
vn -0.1683 0.6540 0.7375
vn -0.2495 0.6540 0.7142
vn -0.3150 0.2959 0.9018
vn -0.2126 0.2958 0.9313
vn -0.1074 0.2959 0.9492
vn 0.4339 0.0029 0.9010
vn 0.4311 -0.1131 0.8952
vn 0.7818 0.0029 0.6235
vn 0.7768 -0.1131 0.6195
vn -0.4028 0.6540 0.6403
vn -0.4717 0.6540 0.5915
vn -0.5347 0.6540 0.5352
vn -0.6751 0.2959 0.6758
vn -0.5956 0.2958 0.7468
vn -0.5086 0.2959 0.8086
vn 0.9749 0.0029 0.2225
vn 0.9687 -0.1131 0.2211
vn -0.6407 0.6540 0.4022
vn -0.6816 0.6540 0.3282
vn -0.7139 0.6540 0.2502
vn -0.9015 0.2959 0.3159
vn -0.8606 0.2958 0.4145
vn -0.8091 0.2959 0.5078
vn 0.9749 0.0029 -0.2225
vn 0.9687 -0.1131 -0.2211
vn -0.7518 0.6540 0.0843
vn -0.7565 0.6540 -0.0000
vn -0.7518 0.6540 -0.0843
vn -0.9493 0.2959 -0.1065
vn -0.9552 0.2958 -0.0000
vn -0.9493 0.2959 0.1065
vn 0.7818 0.0029 -0.6235
vn 0.7768 -0.1131 -0.6195
vn -0.7139 0.6540 -0.2502
vn -0.6816 0.6540 -0.3282
vn -0.6407 0.6540 -0.4022
vn -0.8091 0.2959 -0.5078
vn -0.8606 0.2958 -0.4145
vn -0.9015 0.2959 -0.3159
vn 0.4339 0.0029 -0.9010
vn 0.4311 -0.1131 -0.8952
vn -0.5347 0.6540 -0.5352
vn -0.4717 0.6540 -0.5914
vn -0.4028 0.6540 -0.6403
vn -0.5086 0.2959 -0.8086
vn -0.5956 0.2958 -0.7468
vn -0.6751 0.2959 -0.6758
vn -0.0000 0.0029 -1.0000
vn -0.0000 -0.1131 -0.9936
vn -0.2495 0.6540 -0.7142
vn -0.1683 0.6540 -0.7375
vn -0.0851 0.6540 -0.7517
vn -0.1074 0.2959 -0.9492
vn -0.2126 0.2958 -0.9313
vn -0.3151 0.2959 -0.9018
vn -0.4339 0.0029 -0.9010
vn -0.4311 -0.1131 -0.8952
vn 0.0851 0.6540 -0.7517
vn 0.1683 0.6540 -0.7375
vn 0.2495 0.6540 -0.7142
vn 0.3150 0.2959 -0.9018
vn 0.2126 0.2958 -0.9313
vn 0.1074 0.2959 -0.9492
vn -0.7818 0.0029 -0.6235
vn -0.7768 -0.1131 -0.6195
vn -0.7743 -0.1382 -0.6175
vn 0.4028 0.6540 -0.6403
vn 0.4717 0.6540 -0.5915
vn 0.5347 0.6540 -0.5352
vn 0.6751 0.2959 -0.6758
vn 0.5956 0.2958 -0.7468
vn 0.5086 0.2959 -0.8086
vn -0.9749 0.0029 -0.2225
vn -0.9687 -0.1131 -0.2211
vn -0.9656 -0.1382 -0.2204
vn 0.6407 0.6540 -0.4022
vn 0.6816 0.6540 -0.3282
vn 0.7139 0.6540 -0.2502
vn 0.9015 0.2959 -0.3159
vn 0.8606 0.2958 -0.4145
vn 0.8091 0.2959 -0.5078
vn -0.9749 0.0029 0.2225
vn -0.9687 -0.1131 0.2211
vn -0.9656 -0.1382 0.2204
vn 0.7518 0.6540 -0.0843
vn 0.7565 0.6540 -0.0000
vn 0.7518 0.6540 0.0843
vn 0.9493 0.2959 0.1065
vn 0.9552 0.2958 -0.0000
vn 0.9493 0.2959 -0.1065
vn -0.7818 0.0029 0.6235
vn -0.7768 -0.1131 0.6195
vn -0.7743 -0.1382 0.6175
vn 0.7139 0.6540 0.2502
vn 0.6816 0.6540 0.3282
vn 0.6407 0.6540 0.4022
vn 0.8091 0.2959 0.5078
vn 0.8606 0.2958 0.4145
vn 0.9015 0.2959 0.3159
vn -0.4339 0.0029 0.9010
vn -0.4311 -0.1131 0.8952
vn 0.5347 0.6540 0.5352
vn 0.4717 0.6540 0.5914
vn 0.4028 0.6540 0.6403
vn 0.5086 0.2959 0.8086
vn 0.5956 0.2958 0.7468
vn 0.6751 0.2959 0.6758
vn 0.4307 -0.1203 0.8944
vn 0.4315 -0.1052 0.8960
vn 0.4324 -0.0828 0.8979
vn 0.2495 0.6540 0.7142
vn 0.1683 0.6540 0.7375
vn 0.0851 0.6540 0.7517
vn 0.1074 0.2959 0.9492
vn 0.2126 0.2958 0.9313
vn 0.3151 0.2959 0.9018
vn -0.0000 -0.1131 0.9936
vn -0.0000 0.0029 1.0000
vn 0.7762 -0.1203 0.6190
vn 0.7775 -0.1052 0.6200
vn 0.7791 -0.0828 0.6213
vn 0.9679 -0.1203 0.2209
vn 0.9695 -0.1052 0.2213
vn 0.9716 -0.0828 0.2218
vn 0.9679 -0.1203 -0.2209
vn 0.9695 -0.1052 -0.2213
vn 0.9716 -0.0828 -0.2218
vn 0.7762 -0.1203 -0.6190
vn 0.7775 -0.1052 -0.6200
vn 0.7791 -0.0828 -0.6213
vn 0.4307 -0.1203 -0.8944
vn 0.4315 -0.1052 -0.8960
vn 0.4324 -0.0828 -0.8979
vn -0.0000 -0.1203 -0.9927
vn -0.0000 -0.1052 -0.9944
vn -0.0000 -0.0828 -0.9966
vn -0.4307 -0.1203 -0.8944
vn -0.4315 -0.1052 -0.8960
vn -0.4324 -0.0828 -0.8979
vn -0.7762 -0.1203 -0.6190
vn -0.7775 -0.1052 -0.6200
vn -0.7791 -0.0828 -0.6213
vn -0.9679 -0.1203 -0.2209
vn -0.9695 -0.1052 -0.2213
vn -0.9716 -0.0828 -0.2218
vn -0.9679 -0.1203 0.2209
vn -0.9695 -0.1052 0.2213
vn -0.9716 -0.0828 0.2218
vn -0.7762 -0.1203 0.6190
vn -0.7775 -0.1052 0.6200
vn -0.7791 -0.0828 0.6213
vn -0.4307 -0.1203 0.8944
vn -0.4315 -0.1052 0.8960
vn -0.4324 -0.0828 0.8979
vn -0.0000 0.4624 0.8867
vn -0.0000 0.2291 0.9734
vn -0.0000 0.0539 0.9985
vn -0.5277 -0.1329 0.8390
vn -0.6180 -0.1328 0.7749
vn -0.7005 -0.1329 0.7012
vn -0.8395 -0.1329 0.5269
vn -0.8930 -0.1328 0.4300
vn -0.9354 -0.1329 0.3278
vn -0.9850 -0.1329 0.1105
vn -0.9911 -0.1328 -0.0000
vn -0.9850 -0.1329 -0.1105
vn -0.9354 -0.1329 -0.3278
vn -0.8930 -0.1328 -0.4300
vn -0.8395 -0.1329 -0.5269
vn -0.7005 -0.1329 -0.7012
vn -0.6180 -0.1328 -0.7749
vn -0.5277 -0.1329 -0.8390
vn -0.3269 -0.1329 -0.9357
vn -0.2205 -0.1328 -0.9663
vn -0.1115 -0.1329 -0.9848
vn 0.1115 -0.1329 -0.9848
vn 0.2205 -0.1328 -0.9663
vn 0.3269 -0.1329 -0.9357
vn 0.5277 -0.1329 -0.8390
vn 0.6180 -0.1328 -0.7749
vn 0.7005 -0.1329 -0.7012
vn 0.8395 -0.1329 -0.5269
vn 0.8930 -0.1328 -0.4300
vn 0.9354 -0.1329 -0.3278
vn 0.9850 -0.1329 -0.1105
vn 0.9911 -0.1328 -0.0000
vn 0.9850 -0.1329 0.1105
vn 0.9354 -0.1329 0.3278
vn 0.8930 -0.1328 0.4300
vn 0.8395 -0.1329 0.5269
vn 0.7005 -0.1329 0.7012
vn 0.6180 -0.1328 0.7749
vn 0.5277 -0.1329 0.8390
vn 0.1115 -0.1329 0.9848
vn 0.2205 -0.1328 0.9663
vn 0.3269 -0.1329 0.9357
vn -0.1115 -0.1329 0.9848
vn -0.2205 -0.1328 0.9663
vn -0.3269 -0.1329 0.9357
vn -0.0000 -0.0828 0.9966
vn -0.0000 -0.1052 0.9944
vn -0.0000 -0.1203 0.9927
vn -0.4333 0.0539 0.8997
vn -0.4223 0.2291 0.8770
vn -0.3847 0.4624 0.7988
vn -0.7807 0.0539 0.6226
vn -0.7610 0.2291 0.6069
vn -0.6932 0.4624 0.5528
vn -0.9735 0.0539 0.2222
vn -0.9490 0.2291 0.2166
vn -0.8644 0.4624 0.1973
vn -0.9735 0.0539 -0.2222
vn -0.9490 0.2291 -0.2166
vn -0.8644 0.4624 -0.1973
vn -0.7807 0.0539 -0.6226
vn -0.7610 0.2291 -0.6069
vn -0.6932 0.4624 -0.5528
vn -0.4333 0.0539 -0.8997
vn -0.4223 0.2291 -0.8770
vn -0.3847 0.4624 -0.7988
vn -0.0000 0.0539 -0.9985
vn -0.0000 0.2291 -0.9734
vn -0.0000 0.4624 -0.8867
vn 0.4333 0.0539 -0.8997
vn 0.4223 0.2291 -0.8770
vn 0.3847 0.4624 -0.7988
vn 0.7807 0.0539 -0.6226
vn 0.7610 0.2291 -0.6069
vn 0.6932 0.4624 -0.5528
vn 0.9735 0.0539 -0.2222
vn 0.9490 0.2291 -0.2166
vn 0.8644 0.4624 -0.1973
vn 0.9735 0.0539 0.2222
vn 0.9490 0.2291 0.2166
vn 0.8644 0.4624 0.1973
vn 0.7807 0.0539 0.6226
vn 0.7610 0.2291 0.6069
vn 0.6932 0.4624 0.5528
vn 0.4333 0.0539 0.8997
vn 0.4223 0.2291 0.8770
vn 0.3847 0.4624 0.7988
vn -0.1124 -0.0395 0.9929
vn -0.2223 -0.0395 0.9742
vn -0.3296 -0.0395 0.9433
vn 0.1124 -0.0395 0.9929
vn 0.2223 -0.0395 0.9742
vn 0.3296 -0.0395 0.9433
vn -0.5320 -0.0395 0.8458
vn -0.6230 -0.0395 0.7812
vn -0.7062 -0.0395 0.7069
vn -0.8463 -0.0395 0.5312
vn -0.9003 -0.0395 0.4335
vn -0.9430 -0.0395 0.3305
vn -0.9930 -0.0395 0.1114
vn -0.9992 -0.0395 -0.0000
vn -0.9930 -0.0395 -0.1114
vn -0.9430 -0.0395 -0.3305
vn -0.9003 -0.0395 -0.4335
vn -0.8463 -0.0395 -0.5312
vn -0.7062 -0.0395 -0.7069
vn -0.6230 -0.0395 -0.7812
vn -0.5320 -0.0395 -0.8458
vn -0.3296 -0.0395 -0.9433
vn -0.2223 -0.0395 -0.9742
vn -0.1124 -0.0395 -0.9929
vn 0.1124 -0.0395 -0.9929
vn 0.2223 -0.0395 -0.9742
vn 0.3296 -0.0395 -0.9433
vn 0.5320 -0.0395 -0.8458
vn 0.6230 -0.0395 -0.7812
vn 0.7062 -0.0395 -0.7069
vn 0.8463 -0.0395 -0.5312
vn 0.9003 -0.0395 -0.4335
vn 0.9430 -0.0395 -0.3305
vn 0.9930 -0.0395 -0.1114
vn 0.9992 -0.0395 -0.0000
vn 0.9930 -0.0395 0.1114
vn 0.9430 -0.0395 0.3305
vn 0.9003 -0.0395 0.4335
vn 0.8463 -0.0395 0.5312
vn 0.7062 -0.0395 0.7069
vn 0.6230 -0.0395 0.7812
vn 0.5320 -0.0395 0.8458
vn -0.0786 0.7153 0.6943
vn -0.1555 0.7153 0.6813
vn -0.2305 0.7153 0.6597
vn -0.3721 0.7153 0.5915
vn -0.4357 0.7153 0.5463
vn -0.4939 0.7153 0.4943
vn -0.5918 0.7153 0.3715
vn -0.6296 0.7153 0.3032
vn -0.6594 0.7153 0.2311
vn -0.6944 0.7153 0.0779
vn -0.6988 0.7153 -0.0000
vn -0.6944 0.7153 -0.0779
vn -0.6594 0.7153 -0.2311
vn -0.6296 0.7153 -0.3032
vn -0.5918 0.7153 -0.3715
vn -0.4939 0.7153 -0.4943
vn -0.4357 0.7153 -0.5463
vn -0.3721 0.7153 -0.5915
vn -0.2305 0.7153 -0.6597
vn -0.1555 0.7153 -0.6813
vn -0.0786 0.7153 -0.6943
vn 0.0786 0.7153 -0.6943
vn 0.1555 0.7153 -0.6813
vn 0.2305 0.7153 -0.6597
vn 0.3721 0.7153 -0.5915
vn 0.4357 0.7153 -0.5463
vn 0.4939 0.7153 -0.4943
vn 0.5918 0.7153 -0.3715
vn 0.6296 0.7153 -0.3032
vn 0.6594 0.7153 -0.2311
vn 0.6944 0.7153 -0.0779
vn 0.6988 0.7153 -0.0000
vn 0.6944 0.7153 0.0779
vn 0.6594 0.7153 0.2311
vn 0.6296 0.7153 0.3032
vn 0.5918 0.7153 0.3715
vn 0.4939 0.7153 0.4943
vn 0.4357 0.7153 0.5463
vn 0.3721 0.7153 0.5915
vn 0.2305 0.7153 0.6597
vn 0.1555 0.7153 0.6813
vn 0.0786 0.7153 0.6943
vn -0.2851 0.7537 0.5921
vn -0.2656 0.7907 0.5516
vn -0.2687 0.7853 0.5579
vn -0.0000 0.7853 0.6192
vn -0.0000 0.7907 0.6122
vn -0.0000 0.7537 0.6572
vn -0.5138 0.7537 0.4097
vn -0.4787 0.7907 0.3817
vn -0.4841 0.7853 0.3860
vn -0.6407 0.7537 0.1462
vn -0.5969 0.7907 0.1362
vn -0.6037 0.7853 0.1378
vn -0.6407 0.7537 -0.1462
vn -0.5969 0.7907 -0.1362
vn -0.6037 0.7853 -0.1378
vn -0.5138 0.7537 -0.4097
vn -0.4787 0.7907 -0.3817
vn -0.4841 0.7853 -0.3860
vn -0.2851 0.7537 -0.5921
vn -0.2656 0.7907 -0.5516
vn -0.2687 0.7853 -0.5579
vn -0.0000 0.7537 -0.6572
vn -0.0000 0.7907 -0.6122
vn -0.0000 0.7853 -0.6192
vn 0.2851 0.7537 -0.5921
vn 0.2656 0.7907 -0.5516
vn 0.2686 0.7853 -0.5579
vn 0.5138 0.7537 -0.4097
vn 0.4787 0.7907 -0.3817
vn 0.4841 0.7853 -0.3860
vn 0.6407 0.7537 -0.1462
vn 0.5969 0.7907 -0.1362
vn 0.6037 0.7853 -0.1378
vn 0.6407 0.7537 0.1462
vn 0.5969 0.7907 0.1362
vn 0.6037 0.7853 0.1378
vn 0.5138 0.7537 0.4097
vn 0.4787 0.7907 0.3817
vn 0.4841 0.7853 0.3860
vn 0.2851 0.7537 0.5921
vn 0.2656 0.7907 0.5516
vn 0.2687 0.7853 0.5579
vn 0.1032 0.4110 -0.9058
vn 0.2026 0.4138 -0.8876
vn 0.3000 0.4110 -0.8609
vn 0.4860 0.4110 -0.7713
vn 0.5676 0.4138 -0.7118
vn 0.6438 0.4110 -0.6454
vn 0.7725 0.4110 -0.4840
vn 0.8202 0.4138 -0.3950
vn 0.8601 0.4110 -0.3022
vn 0.9060 0.4110 -0.1009
vn 0.9104 0.4138 -0.0000
vn 0.9060 0.4110 0.1009
vn 0.8601 0.4110 0.3022
vn 0.8202 0.4138 0.3950
vn 0.7725 0.4110 0.4840
vn 0.6438 0.4110 0.6454
vn 0.5676 0.4138 0.7118
vn 0.4860 0.4110 0.7713
vn 0.3000 0.4110 0.8609
vn 0.2026 0.4138 0.8876
vn 0.1032 0.4110 0.9058
vn -0.1032 0.4110 0.9058
vn -0.2026 0.4138 0.8876
vn -0.3000 0.4110 0.8609
vn -0.4860 0.4110 0.7713
vn -0.5676 0.4138 0.7118
vn -0.6438 0.4110 0.6454
vn -0.7725 0.4110 0.4840
vn -0.8202 0.4138 0.3950
vn -0.8601 0.4110 0.3022
vn -0.9060 0.4110 0.1009
vn -0.9104 0.4138 -0.0000
vn -0.9060 0.4110 -0.1009
vn -0.8601 0.4110 -0.3022
vn -0.8202 0.4138 -0.3950
vn -0.7725 0.4110 -0.4840
vn -0.6438 0.4110 -0.6454
vn -0.5676 0.4138 -0.7118
vn -0.4860 0.4110 -0.7713
vn -0.3000 0.4110 -0.8609
vn -0.2026 0.4138 -0.8876
vn -0.1032 0.4110 -0.9058
vn 0.6642 -0.5276 0.5297
vn 0.7626 -0.2206 0.6081
vn 0.7815 0.0287 0.6232
vn -0.9746 0.0264 -0.2224
vn -0.9434 0.2523 -0.2153
vn -0.8234 0.5354 -0.1879
vn -0.3686 -0.5275 -0.7654
vn -0.4232 -0.2206 -0.8788
vn -0.4337 0.0287 -0.9006
vn 0.7816 0.0264 0.6233
vn 0.7565 0.2523 0.6033
vn 0.6603 0.5354 0.5266
vn 0.3686 -0.5276 0.7654
vn 0.4232 -0.2206 0.8788
vn 0.4337 0.0287 0.9006
vn -0.0000 -0.5276 -0.8495
vn -0.0000 -0.2206 -0.9754
vn -0.0000 0.0287 -0.9996
vn -0.0000 -0.5276 0.8495
vn -0.0000 -0.2206 0.9754
vn -0.0000 0.0287 0.9996
vn -0.3686 -0.5276 0.7654
vn -0.4232 -0.2206 0.8788
vn -0.4337 0.0287 0.9006
vn 0.3686 -0.5276 -0.7654
vn 0.4232 -0.2206 -0.8788
vn 0.4337 0.0287 -0.9006
vn -0.6642 -0.5276 0.5297
vn -0.7626 -0.2206 0.6081
vn -0.7815 0.0287 0.6232
vn 0.6642 -0.5276 -0.5297
vn 0.7626 -0.2206 -0.6081
vn 0.7815 0.0287 -0.6232
vn -0.8282 -0.5275 0.1890
vn -0.9509 -0.2206 0.2170
vn -0.9745 0.0287 0.2224
vn 0.8282 -0.5275 -0.1890
vn 0.9509 -0.2206 -0.2170
vn 0.9745 0.0287 -0.2224
vn -0.8282 -0.5275 -0.1890
vn -0.9509 -0.2206 -0.2170
vn -0.9745 0.0287 -0.2224
vn -0.6603 0.5354 -0.5266
vn -0.7565 0.2523 -0.6033
vn -0.7816 0.0264 -0.6233
vn -0.9242 0.3183 -0.2109
vn -0.9401 0.2649 -0.2146
vn -0.9629 0.1563 -0.2198
vn 0.3665 0.5354 0.7610
vn 0.4198 0.2523 0.8718
vn 0.4337 0.0264 0.9007
vn 0.7412 0.3183 0.5911
vn 0.7539 0.2649 0.6012
vn 0.7722 0.1563 0.6158
vn -0.3665 0.5354 -0.7610
vn -0.4198 0.2523 -0.8718
vn -0.4337 0.0264 -0.9007
vn -0.0000 0.5354 0.8446
vn -0.0000 0.2523 0.9676
vn -0.0000 0.0264 0.9997
vn -0.0000 0.5354 -0.8446
vn -0.0000 0.2523 -0.9676
vn -0.0000 0.0264 -0.9997
vn 0.3665 0.5354 -0.7610
vn 0.4198 0.2523 -0.8718
vn 0.4337 0.0264 -0.9007
vn -0.3665 0.5354 0.7610
vn -0.4198 0.2523 0.8718
vn -0.4337 0.0264 0.9007
vn 0.6603 0.5354 -0.5266
vn 0.7565 0.2523 -0.6033
vn 0.7816 0.0264 -0.6233
vn -0.6603 0.5354 0.5266
vn -0.7565 0.2523 0.6033
vn -0.7816 0.0264 0.6233
vn 0.8234 0.5354 -0.1879
vn 0.9434 0.2523 -0.2153
vn 0.9746 0.0264 -0.2224
vn -0.8234 0.5354 0.1879
vn -0.9434 0.2523 0.2153
vn -0.9746 0.0264 0.2224
vn 0.8234 0.5354 0.1879
vn 0.9434 0.2523 0.2153
vn 0.9746 0.0264 0.2224
vn 0.8467 0.0245 0.5315
vn 0.9007 0.0245 0.4338
vn 0.9434 0.0245 0.3306
vn -0.9935 0.0245 -0.1114
vn -0.9997 0.0245 -0.0000
vn -0.9935 0.0245 0.1114
vn 0.9935 0.0245 0.1114
vn 0.9997 0.0245 -0.0000
vn 0.9935 0.0245 -0.1114
vn -0.9434 0.0245 0.3306
vn -0.9007 0.0245 0.4338
vn -0.8467 0.0245 0.5315
vn 0.9434 0.0245 -0.3306
vn 0.9007 0.0245 -0.4338
vn 0.8467 0.0245 -0.5315
vn -0.7066 0.0245 0.7072
vn -0.6233 0.0245 0.7816
vn -0.5323 0.0245 0.8462
vn 0.7066 0.0245 -0.7072
vn 0.6233 0.0245 -0.7816
vn 0.5323 0.0245 -0.8462
vn -0.3297 0.0245 0.9438
vn -0.2225 0.0245 0.9746
vn -0.1124 0.0245 0.9934
vn 0.3297 0.0245 -0.9438
vn 0.2225 0.0245 -0.9746
vn 0.1124 0.0245 -0.9934
vn -0.1124 0.0245 -0.9934
vn -0.2225 0.0245 -0.9746
vn -0.3297 0.0245 -0.9438
vn 0.1124 0.0245 0.9934
vn 0.2225 0.0245 0.9746
vn 0.3297 0.0245 0.9438
vn -0.5323 0.0245 -0.8462
vn -0.6233 0.0245 -0.7816
vn -0.7066 0.0245 -0.7072
vn 0.5323 0.0245 0.8462
vn 0.6233 0.0245 0.7816
vn 0.7066 0.0245 0.7072
vn -0.8467 0.0245 -0.5315
vn -0.9007 0.0245 -0.4338
vn -0.9434 0.0245 -0.3306
vn -0.7722 0.1563 -0.6158
vn -0.7539 0.2649 -0.6012
vn -0.7412 0.3183 -0.5911
vn 0.4286 0.1563 0.8899
vn 0.4184 0.2649 0.8688
vn 0.4113 0.3183 0.8541
vn -0.4286 0.1563 -0.8899
vn -0.4184 0.2649 -0.8688
vn -0.4113 0.3183 -0.8541
vn -0.0000 0.1563 0.9877
vn -0.0000 0.2649 0.9643
vn -0.0000 0.3183 0.9480
vn -0.0000 0.1563 -0.9877
vn -0.0000 0.2649 -0.9643
vn -0.0000 0.3183 -0.9480
vn 0.4286 0.1563 -0.8899
vn 0.4184 0.2649 -0.8688
vn 0.4113 0.3183 -0.8541
vn -0.4286 0.1563 0.8899
vn -0.4184 0.2649 0.8688
vn -0.4113 0.3183 0.8541
vn 0.7722 0.1563 -0.6158
vn 0.7539 0.2649 -0.6012
vn 0.7412 0.3183 -0.5911
vn -0.7722 0.1563 0.6158
vn -0.7539 0.2649 0.6012
vn -0.7412 0.3183 0.5911
vn 0.9629 0.1563 -0.2198
vn 0.9401 0.2649 -0.2146
vn 0.9242 0.3183 -0.2109
vn -0.9629 0.1563 0.2198
vn -0.9401 0.2649 0.2146
vn -0.9242 0.3183 0.2109
vn 0.9629 0.1563 0.2198
vn 0.9401 0.2649 0.2146
vn 0.9242 0.3183 0.2109
vn 0.9745 0.0287 0.2224
vn 0.9509 -0.2206 0.2170
vn 0.8282 -0.5275 0.1890
vn -0.7815 0.0287 -0.6232
vn -0.7626 -0.2206 -0.6081
vn -0.6642 -0.5276 -0.5297
vn 0.4328 -0.8596 0.2716
vn 0.4605 -0.8595 0.2217
vn 0.4822 -0.8596 0.1690
vn -0.5078 -0.8596 -0.0570
vn -0.5111 -0.8595 -0.0000
vn -0.5077 -0.8596 0.0570
vn 0.5078 -0.8596 0.0570
vn 0.5112 -0.8595 -0.0000
vn 0.5078 -0.8596 -0.0570
vn -0.4822 -0.8596 0.1690
vn -0.4606 -0.8595 0.2217
vn -0.4328 -0.8596 0.2716
vn 0.4822 -0.8596 -0.1690
vn 0.4606 -0.8595 -0.2217
vn 0.4328 -0.8596 -0.2716
vn -0.3611 -0.8596 0.3615
vn -0.3186 -0.8595 0.3997
vn -0.2720 -0.8596 0.4325
vn 0.3611 -0.8596 -0.3615
vn 0.3186 -0.8595 -0.3996
vn 0.2720 -0.8596 -0.4325
vn -0.1686 -0.8596 0.4824
vn -0.1138 -0.8595 0.4983
vn -0.0574 -0.8596 0.5077
vn 0.1686 -0.8596 -0.4824
vn 0.1138 -0.8595 -0.4983
vn 0.0575 -0.8596 -0.5077
vn -0.0575 -0.8596 -0.5077
vn -0.1138 -0.8595 -0.4983
vn -0.1685 -0.8596 -0.4824
vn 0.0574 -0.8596 0.5077
vn 0.1137 -0.8595 0.4983
vn 0.1685 -0.8596 0.4824
vn -0.2721 -0.8596 -0.4325
vn -0.3188 -0.8595 -0.3995
vn -0.3612 -0.8596 -0.3614
vn 0.2721 -0.8596 0.4325
vn 0.3187 -0.8595 0.3996
vn 0.3611 -0.8596 0.3615
vn -0.4328 -0.8596 -0.2717
vn -0.4605 -0.8595 -0.2218
vn -0.4822 -0.8596 -0.1690
vn 0.0109 0.9984 -0.0546
vn 0.0110 0.9988 -0.0481
vn 0.0139 0.9984 -0.0539
vn 0.0335 0.9984 -0.0445
vn 0.0307 0.9988 -0.0386
vn 0.0360 0.9984 -0.0426
vn 0.0495 0.9984 -0.0256
vn 0.0444 0.9988 -0.0214
vn 0.0509 0.9984 -0.0227
vn 0.0557 0.9984 -0.0016
vn 0.0493 0.9988 -0.0000
vn 0.0557 0.9984 0.0016
vn 0.0509 0.9984 0.0227
vn 0.0444 0.9988 0.0214
vn 0.0495 0.9984 0.0256
vn 0.0360 0.9984 0.0426
vn 0.0307 0.9988 0.0386
vn 0.0335 0.9984 0.0445
vn 0.0139 0.9984 0.0539
vn 0.0110 0.9988 0.0481
vn 0.0109 0.9984 0.0546
vn -0.0109 0.9984 0.0546
vn -0.0110 0.9988 0.0481
vn -0.0139 0.9984 0.0539
vn -0.0335 0.9984 0.0445
vn -0.0307 0.9988 0.0386
vn -0.0360 0.9984 0.0426
vn -0.0495 0.9984 0.0256
vn -0.0444 0.9988 0.0214
vn -0.0509 0.9984 0.0227
vn -0.0557 0.9984 0.0016
vn -0.0493 0.9988 -0.0000
vn -0.0557 0.9984 -0.0016
vn -0.0509 0.9984 -0.0227
vn -0.0444 0.9988 -0.0214
vn -0.0495 0.9984 -0.0256
vn -0.0360 0.9984 -0.0426
vn -0.0307 0.9988 -0.0386
vn -0.0335 0.9984 -0.0445
vn -0.0139 0.9984 -0.0539
vn -0.0110 0.9988 -0.0481
vn -0.0109 0.9984 -0.0546
vn 0.2677 0.7870 -0.5559
vn 0.1290 0.9548 -0.2678
vn 0.0591 0.9907 -0.1227
vn -0.0000 0.9907 -0.1362
vn -0.0000 0.9548 -0.2972
vn -0.0000 0.7870 -0.6170
vn 0.4824 0.7870 -0.3847
vn 0.2324 0.9548 -0.1853
vn 0.1065 0.9907 -0.0849
vn 0.6015 0.7870 -0.1373
vn 0.2898 0.9548 -0.0661
vn 0.1328 0.9907 -0.0303
vn 0.6015 0.7870 0.1373
vn 0.2898 0.9548 0.0661
vn 0.1328 0.9907 0.0303
vn 0.4824 0.7870 0.3847
vn 0.2324 0.9548 0.1853
vn 0.1065 0.9907 0.0849
vn 0.2677 0.7870 0.5559
vn 0.1290 0.9548 0.2678
vn 0.0591 0.9907 0.1227
vn -0.0000 0.7870 0.6170
vn -0.0000 0.9548 0.2972
vn -0.0000 0.9907 0.1362
vn -0.2677 0.7870 0.5559
vn -0.1290 0.9548 0.2678
vn -0.0591 0.9907 0.1227
vn -0.4824 0.7870 0.3847
vn -0.2324 0.9548 0.1853
vn -0.1065 0.9907 0.0849
vn -0.6015 0.7870 0.1373
vn -0.2898 0.9548 0.0661
vn -0.1328 0.9907 0.0303
vn -0.6015 0.7870 -0.1373
vn -0.2898 0.9548 -0.0661
vn -0.1328 0.9907 -0.0303
vn -0.4824 0.7870 -0.3847
vn -0.2324 0.9548 -0.1853
vn -0.1065 0.9907 -0.0849
vn -0.2677 0.7870 -0.5559
vn -0.1290 0.9548 -0.2678
vn -0.0591 0.9907 -0.1227
vn -0.0000 0.7681 -0.6403
vn -0.0000 0.9996 -0.0274
vn -0.0000 0.7487 0.6629
vn 0.2778 0.7681 -0.5769
vn 0.0119 0.9996 -0.0247
vn -0.2876 0.7487 0.5973
vn 0.5006 0.7681 -0.3992
vn 0.0214 0.9996 -0.0171
vn -0.5183 0.7487 0.4133
vn 0.6242 0.7681 -0.1425
vn 0.0267 0.9996 -0.0061
vn -0.6463 0.7487 0.1475
vn 0.6242 0.7681 0.1425
vn 0.0267 0.9996 0.0061
vn -0.6463 0.7487 -0.1475
vn 0.5006 0.7681 0.3992
vn 0.0214 0.9996 0.0171
vn -0.5183 0.7487 -0.4133
vn 0.2778 0.7681 0.5769
vn 0.0119 0.9996 0.0247
vn -0.2876 0.7487 -0.5973
vn -0.0000 0.7681 0.6403
vn -0.0000 0.9996 0.0274
vn -0.0000 0.7487 -0.6629
vn -0.2778 0.7681 0.5769
vn -0.0119 0.9996 0.0247
vn 0.2876 0.7487 -0.5973
vn -0.5006 0.7681 0.3992
vn -0.0214 0.9996 0.0171
vn 0.5183 0.7487 -0.4133
vn -0.6242 0.7681 0.1425
vn -0.0267 0.9996 0.0061
vn 0.6463 0.7487 -0.1475
vn -0.6242 0.7681 -0.1425
vn -0.0267 0.9996 -0.0061
vn 0.6463 0.7487 0.1475
vn -0.5006 0.7681 -0.3992
vn -0.0214 0.9996 -0.0171
vn 0.5183 0.7487 0.4133
vn -0.2778 0.7681 -0.5769
vn -0.0119 0.9996 -0.0247
vn 0.2876 0.7487 0.5973
vn -0.6181 -0.7551 0.2186
vn -0.6323 -0.7747 -0.0000
vn -0.6181 -0.7551 -0.2186
vn 0.3378 0.3819 0.8603
vn -0.0298 -0.0340 0.9990
vn -0.3595 -0.4273 0.8296
vn 0.3378 0.3819 -0.8603
vn -0.0298 -0.0340 -0.9990
vn -0.3595 -0.4273 -0.8296
vn 0.6640 0.7174 0.2109
vn 0.6818 0.7316 -0.0000
vn 0.6640 0.7174 -0.2109
vn -0.4569 -0.7458 -0.4848
vn -0.4753 -0.7280 -0.4940
vn -0.5052 -0.7017 -0.5024
vn 0.2538 0.8058 -0.5350
vn -0.5682 0.5828 -0.5810
vn -0.9269 0.1618 -0.3386
vn -0.4569 -0.7458 0.4848
vn -0.4753 -0.7280 0.4940
vn -0.5052 -0.7017 0.5024
vn 0.2538 0.8058 0.5350
vn -0.5682 0.5827 0.5810
vn -0.9269 0.1618 0.3386
vn -0.6027 -0.7268 -0.3294
vn -0.5555 -0.7387 -0.3817
vn -0.4875 -0.7536 -0.4409
vn 0.5513 0.6651 -0.5037
vn 0.5348 0.6889 -0.4892
vn 0.5256 0.7068 -0.4735
vn -0.6027 -0.7268 0.3294
vn -0.5555 -0.7387 0.3817
vn -0.4875 -0.7536 0.4409
vn 0.5513 0.6651 0.5037
vn 0.5348 0.6889 0.4892
vn 0.5256 0.7068 0.4735
vn 0.2993 0.4602 0.8358
vn -0.0404 -0.0415 0.9983
vn -0.3209 -0.5056 0.8009
vn 0.5807 0.7939 -0.1804
vn 0.5962 0.8028 -0.0000
vn 0.5807 0.7939 0.1804
vn -0.4939 -0.8461 0.2007
vn -0.5008 -0.8656 -0.0000
vn -0.4939 -0.8461 -0.2007
vn -0.3209 -0.5056 -0.8009
vn -0.0404 -0.0415 -0.9983
vn 0.2993 0.4602 -0.8358
vn -0.9001 -0.3787 0.2155
vn -0.9226 -0.3857 -0.0000
vn -0.9001 -0.3787 -0.2155
vn 0.4538 0.2279 0.8615
vn -0.0491 -0.0214 0.9986
vn -0.5182 -0.2295 0.8239
vn 0.4538 0.2279 -0.8615
vn -0.0491 -0.0214 -0.9986
vn -0.5182 -0.2295 -0.8239
vn 0.8564 0.4722 0.2089
vn 0.8727 0.4883 -0.0000
vn 0.8564 0.4722 -0.2089
vn -0.6025 -0.6125 -0.5117
vn -0.6627 -0.5470 -0.5115
vn -0.7285 -0.4598 -0.5078
vn 0.6991 0.4927 -0.5182
vn 0.6498 0.5529 -0.5216
vn 0.6097 0.5976 -0.5207
vn -0.6025 -0.6125 0.5117
vn -0.6627 -0.5470 0.5115
vn -0.7285 -0.4598 0.5078
vn 0.6991 0.4927 0.5182
vn 0.6498 0.5529 0.5216
vn 0.6097 0.5976 0.5207
vn -0.9058 0.3640 0.2171
vn -0.9279 0.3729 -0.0000
vn -0.9058 0.3640 -0.2171
vn 0.4618 -0.1837 0.8677
vn -0.0556 0.0199 0.9983
vn -0.5256 0.2090 0.8247
vn 0.4618 -0.1837 -0.8677
vn -0.0556 0.0199 -0.9983
vn -0.5256 0.2090 -0.8247
vn 0.9094 -0.3564 0.2145
vn 0.9312 -0.3646 -0.0000
vn 0.9094 -0.3564 -0.2145
vn -0.8462 -0.1920 0.4971
vn -0.8684 -0.0261 0.4952
vn -0.8544 0.1477 0.4982
vn -0.8544 0.1477 -0.4982
vn -0.8684 -0.0261 -0.4952
vn -0.8462 -0.1920 -0.4971
vn 0.8181 0.2683 -0.5086
vn 0.8559 0.0912 -0.5091
vn 0.8497 -0.1130 -0.5150
vn 0.8497 -0.1130 0.5150
vn 0.8559 0.0912 0.5091
vn 0.8181 0.2683 0.5086
vn -0.3339 0.9173 0.2169
vn -0.3421 0.9397 -0.0000
vn -0.3339 0.9173 -0.2169
vn 0.1696 -0.4692 0.8667
vn -0.0176 0.0542 0.9984
vn -0.1916 0.5314 0.8252
vn 0.1696 -0.4692 -0.8667
vn -0.0176 0.0542 -0.9984
vn -0.1916 0.5314 -0.8252
vn 0.3282 -0.9200 0.2142
vn 0.3358 -0.9419 -0.0000
vn 0.3282 -0.9200 -0.2142
vn 0.7004 -0.4798 -0.5285
vn 0.5844 -0.6144 -0.5301
vn 0.4476 -0.7222 -0.5274
vn 0.4476 -0.7222 0.5274
vn 0.5844 -0.6144 0.5301
vn 0.7004 -0.4798 0.5285
vn -0.4476 0.7344 0.5102
vn -0.5898 0.6237 0.5129
vn -0.7107 0.4838 0.5108
vn -0.7107 0.4838 -0.5108
vn -0.5898 0.6237 -0.5129
vn -0.4476 0.7344 -0.5102
vn 0.1984 0.9522 0.2322
vn 0.1987 0.9801 -0.0000
vn 0.1984 0.9522 -0.2322
vn -0.1386 -0.4659 0.8739
vn 0.0211 0.0400 0.9990
vn 0.1346 0.5189 0.8442
vn -0.1386 -0.4659 -0.8739
vn 0.0211 0.0400 -0.9990
vn 0.1346 0.5189 -0.8442
vn -0.3438 -0.9118 0.2247
vn -0.3612 -0.9325 -0.0000
vn -0.3438 -0.9118 -0.2247
vn -0.1499 0.8518 -0.5020
vn -0.0249 0.8622 -0.5060
vn 0.0849 0.8517 -0.5171
vn -0.1776 -0.8310 -0.5272
vn -0.0459 -0.8540 -0.5183
vn 0.1146 -0.8483 -0.5169
vn -0.1499 0.8518 0.5020
vn -0.0249 0.8622 0.5060
vn 0.0849 0.8517 0.5171
vn -0.1776 -0.8310 0.5272
vn -0.0459 -0.8540 0.5183
vn 0.1146 -0.8483 0.5169
vn 0.4500 0.8573 0.2499
vn 0.4628 0.8865 -0.0000
vn 0.4500 0.8574 -0.2499
vn -0.2369 -0.4113 0.8802
vn 0.0162 0.0170 0.9997
vn 0.2425 0.4348 0.8673
vn -0.2369 -0.4113 -0.8802
vn 0.0162 0.0170 -0.9997
vn 0.2425 0.4348 -0.8673
vn -0.5112 -0.8251 0.2406
vn -0.5295 -0.8483 -0.0000
vn -0.5112 -0.8251 -0.2406
vn -0.3407 -0.7622 -0.5505
vn -0.3788 -0.7382 -0.5582
vn -0.4006 -0.7232 -0.5626
vn -0.4006 -0.7232 0.5626
vn -0.3788 -0.7382 0.5582
vn -0.3407 -0.7622 0.5505
vn 0.3889 0.7332 0.5578
vn 0.3429 0.7588 0.5538
vn 0.2752 0.7919 0.5452
vn 0.2752 0.7919 -0.5452
vn 0.3429 0.7588 -0.5538
vn 0.3889 0.7332 -0.5578
vn -0.4299 0.1356 -0.8927
vn -0.4304 0.1264 -0.8937
vn -0.4307 0.1203 -0.8944
vn -0.7734 0.1359 -0.6191
vn -0.7742 0.1264 -0.6201
vn -0.7751 0.1199 -0.6204
vn -0.9107 0.2018 -0.3603
vn -0.9085 0.1251 -0.3988
vn -0.9321 0.0576 -0.3575
vn -0.9107 0.2018 0.3603
vn -0.9085 0.1251 0.3988
vn -0.9321 0.0576 0.3575
vn -0.7734 0.1359 0.6191
vn -0.7742 0.1264 0.6201
vn -0.7751 0.1199 0.6204
vn -0.4299 0.1356 0.8927
vn -0.4304 0.1264 0.8937
vn -0.4307 0.1203 0.8944
vn -0.0000 0.1356 0.9908
vn -0.0000 0.1264 0.9920
vn -0.0000 0.1203 0.9927
vn 0.4299 0.1356 0.8927
vn 0.4304 0.1264 0.8937
vn 0.4307 0.1203 0.8944
vn 0.7746 0.1356 0.6177
vn 0.7756 0.1264 0.6185
vn 0.7762 0.1203 0.6190
vn 0.9659 0.1356 0.2205
vn 0.9671 0.1264 0.2207
vn 0.9679 0.1203 0.2209
vn 0.9659 0.1356 -0.2205
vn 0.9671 0.1264 -0.2207
vn 0.9679 0.1203 -0.2209
vn 0.7746 0.1356 -0.6177
vn 0.7756 0.1264 -0.6185
vn 0.7762 0.1203 -0.6190
vn 0.4299 0.1356 -0.8927
vn 0.4304 0.1264 -0.8937
vn 0.4307 0.1203 -0.8944
vn -0.0000 0.0421 -0.9991
vn -0.0000 0.0830 -0.9965
vn -0.0000 0.1059 -0.9944
vn -0.7020 0.1158 -0.7027
vn -0.6193 0.1158 -0.7766
vn -0.5289 0.1158 -0.8408
vn -0.1117 0.1158 -0.9870
vn -0.2210 0.1158 -0.9684
vn -0.3276 0.1158 -0.9377
vn -0.9266 0.0827 -0.3668
vn -0.8854 0.1039 -0.4531
vn -0.8372 0.1128 -0.5351
vn -0.9937 0.0560 0.0976
vn -0.9976 0.0695 -0.0000
vn -0.9937 0.0560 -0.0976
vn -0.8372 0.1128 0.5351
vn -0.8854 0.1039 0.4531
vn -0.9266 0.0827 0.3668
vn -0.5289 0.1158 0.8408
vn -0.6193 0.1158 0.7766
vn -0.7020 0.1158 0.7027
vn -0.1117 0.1158 0.9870
vn -0.2210 0.1158 0.9684
vn -0.3276 0.1158 0.9377
vn 0.3276 0.1158 0.9377
vn 0.2210 0.1158 0.9684
vn 0.1117 0.1158 0.9870
vn 0.7020 0.1158 0.7027
vn 0.6193 0.1158 0.7766
vn 0.5289 0.1158 0.8408
vn 0.9374 0.1158 0.3285
vn 0.8949 0.1158 0.4310
vn 0.8413 0.1158 0.5280
vn 0.9871 0.1158 -0.1107
vn 0.9933 0.1158 -0.0000
vn 0.9871 0.1158 0.1107
vn 0.8413 0.1158 -0.5280
vn 0.8949 0.1158 -0.4310
vn 0.9374 0.1158 -0.3285
vn 0.5289 0.1158 -0.8408
vn 0.6193 0.1158 -0.7766
vn 0.7020 0.1158 -0.7027
vn 0.1117 0.1158 -0.9870
vn 0.2210 0.1158 -0.9684
vn 0.3276 0.1158 -0.9377
vn -0.6066 -0.6083 -0.5119
vn -0.8794 -0.3172 -0.3550
vn -0.9699 -0.0593 -0.2361
vn 0.1123 0.7997 -0.5899
vn -0.5839 0.6615 -0.4706
vn -0.8993 0.3521 -0.2595
vn -0.6066 -0.6083 0.5119
vn -0.8794 -0.3173 0.3551
vn -0.9699 -0.0593 0.2361
vn 0.1124 0.7996 0.5899
vn -0.5838 0.6615 0.4707
vn -0.8992 0.3522 0.2595
vn -0.6186 -0.4835 -0.6192
vn -0.6754 -0.2946 -0.6760
vn -0.7000 -0.1382 -0.7007
vn -0.5458 -0.4835 -0.6844
vn -0.5958 -0.2946 -0.7471
vn -0.6175 -0.1382 -0.7743
vn -0.4661 -0.4835 -0.7409
vn -0.5088 -0.2946 -0.8089
vn -0.5273 -0.1382 -0.8383
vn 0.5248 0.1688 -0.8343
vn 0.5206 0.2099 -0.8276
vn 0.5093 0.2917 -0.8096
vn 0.6145 0.1688 -0.7706
vn 0.6096 0.2099 -0.7644
vn 0.5964 0.2917 -0.7478
vn 0.6966 0.1688 -0.6973
vn 0.6910 0.2099 -0.6917
vn 0.6760 0.2917 -0.6767
vn 0.8348 0.1688 -0.5240
vn 0.8281 0.2099 -0.5198
vn 0.8101 0.2917 -0.5085
vn 0.8880 0.1688 -0.4277
vn 0.8809 0.2099 -0.4242
vn 0.8618 0.2917 -0.4150
vn 0.9302 0.1688 -0.3260
vn 0.9227 0.2099 -0.3234
vn 0.9027 0.2917 -0.3163
vn 0.9795 0.1688 -0.1099
vn 0.9716 0.2099 -0.1090
vn 0.9505 0.2917 -0.1066
vn 0.9856 0.1688 -0.0000
vn 0.9777 0.2099 -0.0000
vn 0.9565 0.2917 -0.0000
vn 0.9795 0.1688 0.1099
vn 0.9716 0.2099 0.1090
vn 0.9505 0.2917 0.1066
vn 0.9302 0.1688 0.3260
vn 0.9227 0.2099 0.3234
vn 0.9027 0.2917 0.3163
vn 0.8880 0.1688 0.4277
vn 0.8809 0.2099 0.4242
vn 0.8618 0.2917 0.4150
vn 0.8348 0.1688 0.5240
vn 0.8281 0.2099 0.5198
vn 0.8101 0.2917 0.5085
vn 0.6966 0.1688 0.6973
vn 0.6910 0.2099 0.6917
vn 0.6760 0.2917 0.6767
vn 0.6145 0.1688 0.7706
vn 0.6096 0.2099 0.7644
vn 0.5964 0.2917 0.7478
vn 0.5248 0.1688 0.8343
vn 0.5206 0.2099 0.8276
vn 0.5093 0.2917 0.8096
vn 0.3251 0.1688 0.9305
vn 0.3225 0.2099 0.9230
vn 0.3155 0.2917 0.9030
vn 0.2193 0.1688 0.9609
vn 0.2176 0.2099 0.9532
vn 0.2128 0.2917 0.9325
vn 0.1108 0.1688 0.9794
vn 0.1099 0.2099 0.9715
vn 0.1076 0.2917 0.9504
vn -0.1108 0.1688 0.9794
vn -0.1099 0.2099 0.9715
vn -0.1076 0.2917 0.9504
vn -0.2193 0.1688 0.9609
vn -0.2176 0.2099 0.9532
vn -0.2128 0.2917 0.9325
vn -0.3251 0.1688 0.9305
vn -0.3225 0.2099 0.9230
vn -0.3155 0.2917 0.9030
vn -0.5248 0.1688 0.8343
vn -0.5206 0.2099 0.8276
vn -0.5093 0.2917 0.8096
vn -0.6145 0.1688 0.7706
vn -0.6096 0.2099 0.7644
vn -0.5964 0.2917 0.7478
vn -0.6966 0.1688 0.6973
vn -0.6910 0.2099 0.6917
vn -0.6760 0.2917 0.6767
vn -0.8321 0.1715 0.5274
vn -0.8270 0.2113 0.5210
vn -0.8098 0.2922 0.5087
vn -0.8808 0.1795 0.4381
vn -0.8777 0.2157 0.4279
vn -0.8607 0.2938 0.4157
vn -0.9195 0.1950 0.3412
vn -0.9179 0.2232 0.3280
vn -0.9008 0.2964 0.3172
vn -0.9724 0.2089 0.1044
vn -0.9672 0.2301 0.1072
vn -0.9482 0.2994 0.1063
vn -0.9786 0.2057 -0.0000
vn -0.9734 0.2292 -0.0000
vn -0.9541 0.2994 -0.0000
vn -0.9724 0.2089 -0.1044
vn -0.9672 0.2301 -0.1072
vn -0.9482 0.2994 -0.1063
vn -0.9195 0.1950 -0.3412
vn -0.9179 0.2232 -0.3280
vn -0.9008 0.2964 -0.3172
vn -0.8808 0.1795 -0.4381
vn -0.8777 0.2157 -0.4279
vn -0.8607 0.2938 -0.4157
vn -0.8321 0.1715 -0.5274
vn -0.8270 0.2113 -0.5210
vn -0.8098 0.2922 -0.5087
vn -0.6966 0.1688 -0.6973
vn -0.6910 0.2099 -0.6917
vn -0.6760 0.2917 -0.6767
vn -0.6145 0.1688 -0.7706
vn -0.6096 0.2099 -0.7644
vn -0.5964 0.2917 -0.7478
vn -0.5248 0.1688 -0.8343
vn -0.5206 0.2099 -0.8276
vn -0.5093 0.2917 -0.8096
vn 0.1116 0.1203 -0.9864
vn 0.1115 0.1264 -0.9857
vn 0.1114 0.1356 -0.9845
vn 0.2209 0.1203 -0.9679
vn 0.2207 0.1264 -0.9671
vn 0.2205 0.1355 -0.9659
vn 0.3274 0.1203 -0.9372
vn 0.3272 0.1264 -0.9365
vn 0.3268 0.1356 -0.9353
vn 0.9369 -0.1197 0.3284
vn 0.8945 -0.1197 0.4308
vn 0.8409 -0.1197 0.5278
vn 0.8256 -0.4844 0.2893
vn 0.7882 -0.4844 0.3796
vn 0.7410 -0.4844 0.4651
vn 0.4739 -0.8648 0.1661
vn 0.4524 -0.8648 0.2179
vn 0.4253 -0.8648 0.2669
vn -0.3267 -0.1382 -0.9350
vn -0.2204 -0.1382 -0.9656
vn -0.1114 -0.1382 -0.9841
vn -0.3152 -0.2946 -0.9021
vn -0.2126 -0.2946 -0.9317
vn -0.1075 -0.2946 -0.9496
vn -0.2887 -0.4835 -0.8263
vn -0.1948 -0.4835 -0.8534
vn -0.0984 -0.4835 -0.8698
vn 0.5286 0.1203 -0.8403
vn 0.5282 0.1264 -0.8397
vn 0.5275 0.1356 -0.8387
vn 0.6190 0.1203 -0.7762
vn 0.6185 0.1264 -0.7756
vn 0.6177 0.1355 -0.7746
vn 0.7016 0.1203 -0.7023
vn 0.7011 0.1264 -0.7018
vn 0.7002 0.1356 -0.7009
vn 0.8408 0.1203 -0.5278
vn 0.8402 0.1264 -0.5274
vn 0.8392 0.1356 -0.5267
vn 0.8944 0.1203 -0.4307
vn 0.8937 0.1264 -0.4304
vn 0.8927 0.1355 -0.4299
vn 0.9369 0.1203 -0.3283
vn 0.9362 0.1264 -0.3281
vn 0.9350 0.1356 -0.3277
vn 0.9866 0.1203 -0.1107
vn 0.9858 0.1264 -0.1106
vn 0.9846 0.1356 -0.1105
vn 0.9927 0.1203 -0.0000
vn 0.9920 0.1264 -0.0000
vn 0.9908 0.1355 -0.0000
vn 0.9866 0.1203 0.1107
vn 0.9858 0.1264 0.1106
vn 0.9846 0.1356 0.1105
vn 0.9369 0.1203 0.3283
vn 0.9362 0.1264 0.3281
vn 0.9350 0.1356 0.3277
vn 0.8944 0.1203 0.4307
vn 0.8937 0.1264 0.4304
vn 0.8927 0.1355 0.4299
vn 0.8408 0.1203 0.5278
vn 0.8402 0.1264 0.5274
vn 0.8392 0.1356 0.5267
vn 0.7016 0.1203 0.7023
vn 0.7011 0.1264 0.7018
vn 0.7002 0.1356 0.7009
vn 0.6190 0.1203 0.7762
vn 0.6185 0.1264 0.7756
vn 0.6177 0.1355 0.7746
vn 0.5286 0.1203 0.8403
vn 0.5282 0.1264 0.8397
vn 0.5275 0.1356 0.8387
vn 0.3274 0.1203 0.9372
vn 0.3272 0.1264 0.9365
vn 0.3268 0.1356 0.9353
vn 0.2209 0.1203 0.9679
vn 0.2207 0.1264 0.9671
vn 0.2205 0.1355 0.9659
vn 0.1116 0.1203 0.9864
vn 0.1115 0.1264 0.9857
vn 0.1114 0.1356 0.9845
vn -0.1116 0.1203 0.9864
vn -0.1115 0.1264 0.9857
vn -0.1114 0.1356 0.9845
vn -0.2209 0.1203 0.9679
vn -0.2207 0.1264 0.9671
vn -0.2205 0.1355 0.9659
vn -0.3274 0.1203 0.9372
vn -0.3272 0.1264 0.9365
vn -0.3268 0.1356 0.9353
vn -0.5286 0.1203 0.8403
vn -0.5282 0.1264 0.8397
vn -0.5275 0.1356 0.8387
vn -0.6190 0.1203 0.7762
vn -0.6185 0.1264 0.7756
vn -0.6177 0.1355 0.7746
vn -0.7016 0.1203 0.7023
vn -0.7011 0.1264 0.7018
vn -0.7002 0.1356 0.7009
vn -0.8341 0.1173 0.5389
vn -0.8319 0.1263 0.5404
vn -0.8316 0.1387 0.5378
vn -0.8778 0.1087 0.4665
vn -0.8721 0.1262 0.4728
vn -0.8725 0.1481 0.4656
vn -0.9109 0.0885 0.4030
vn -0.8977 0.1259 0.4222
vn -0.8996 0.1698 0.4025
vn -0.9109 0.0885 -0.4030
vn -0.8977 0.1259 -0.4221
vn -0.8996 0.1698 -0.4025
vn -0.8778 0.1087 -0.4665
vn -0.8721 0.1262 -0.4728
vn -0.8725 0.1481 -0.4656
vn -0.8341 0.1173 -0.5389
vn -0.8319 0.1263 -0.5404
vn -0.8316 0.1387 -0.5378
vn -0.3155 0.2917 -0.9030
vn -0.2128 0.2917 -0.9325
vn -0.1076 0.2917 -0.9504
vn -0.3225 0.2099 -0.9230
vn -0.2176 0.2099 -0.9532
vn -0.1099 0.2099 -0.9715
vn -0.3251 0.1688 -0.9305
vn -0.2193 0.1688 -0.9609
vn -0.1108 0.1688 -0.9794
vn 0.1108 0.1688 -0.9794
vn 0.1099 0.2099 -0.9715
vn 0.1076 0.2917 -0.9504
vn 0.2193 0.1688 -0.9609
vn 0.2176 0.2099 -0.9532
vn 0.2128 0.2917 -0.9325
vn 0.3251 0.1688 -0.9305
vn 0.3225 0.2099 -0.9230
vn 0.3155 0.2917 -0.9030
vn 0.0984 -0.4835 -0.8698
vn 0.1075 -0.2946 -0.9496
vn 0.1114 -0.1382 -0.9841
vn 0.1948 -0.4835 -0.8534
vn 0.2126 -0.2946 -0.9317
vn 0.2204 -0.1382 -0.9656
vn 0.2887 -0.4835 -0.8263
vn 0.3152 -0.2946 -0.9021
vn 0.3267 -0.1382 -0.9350
vn -0.3280 0.1059 -0.9387
vn -0.2213 0.1059 -0.9694
vn -0.1118 0.1059 -0.9881
vn -0.3287 0.0830 -0.9408
vn -0.2218 0.0830 -0.9716
vn -0.1121 0.0830 -0.9902
vn -0.3295 0.0421 -0.9432
vn -0.2223 0.0421 -0.9741
vn -0.1123 0.0421 -0.9928
vn 0.4661 -0.4835 -0.7409
vn 0.5088 -0.2946 -0.8089
vn 0.5273 -0.1382 -0.8383
vn 0.5458 -0.4835 -0.6844
vn 0.5958 -0.2946 -0.7471
vn 0.6175 -0.1382 -0.7743
vn 0.6186 -0.4835 -0.6192
vn 0.6754 -0.2946 -0.6760
vn 0.7000 -0.1382 -0.7007
vn 0.7414 -0.4835 -0.4653
vn 0.8094 -0.2946 -0.5080
vn 0.8389 -0.1382 -0.5265
vn 0.7886 -0.4835 -0.3798
vn 0.8610 -0.2946 -0.4146
vn 0.8923 -0.1382 -0.4297
vn 0.8261 -0.4835 -0.2895
vn 0.9018 -0.2946 -0.3161
vn 0.9347 -0.1382 -0.3276
vn 0.8699 -0.4835 -0.0976
vn 0.9497 -0.2946 -0.1065
vn 0.9842 -0.1382 -0.1104
vn 0.8753 -0.4835 -0.0000
vn 0.9556 -0.2946 -0.0000
vn 0.9904 -0.1382 -0.0000
vn 0.8699 -0.4835 0.0976
vn 0.9497 -0.2946 0.1065
vn 0.9842 -0.1382 0.1104
vn 0.8261 -0.4835 0.2895
vn 0.9018 -0.2946 0.3161
vn 0.9347 -0.1382 0.3276
vn 0.7886 -0.4835 0.3798
vn 0.8610 -0.2946 0.4146
vn 0.8923 -0.1382 0.4297
vn 0.7414 -0.4835 0.4653
vn 0.8094 -0.2946 0.5080
vn 0.8389 -0.1382 0.5265
vn 0.6186 -0.4835 0.6192
vn 0.6754 -0.2946 0.6760
vn 0.7000 -0.1382 0.7007
vn 0.5458 -0.4835 0.6844
vn 0.5958 -0.2946 0.7471
vn 0.6175 -0.1382 0.7743
vn 0.4661 -0.4835 0.7409
vn 0.5088 -0.2946 0.8089
vn 0.5273 -0.1382 0.8383
vn 0.2887 -0.4835 0.8263
vn 0.3152 -0.2946 0.9021
vn 0.3267 -0.1382 0.9350
vn 0.1948 -0.4835 0.8534
vn 0.2126 -0.2946 0.9317
vn 0.2204 -0.1382 0.9656
vn 0.0984 -0.4835 0.8698
vn 0.1075 -0.2946 0.9496
vn 0.1114 -0.1382 0.9841
vn -0.0984 -0.4835 0.8698
vn -0.1075 -0.2946 0.9496
vn -0.1114 -0.1382 0.9841
vn -0.1948 -0.4835 0.8534
vn -0.2126 -0.2946 0.9317
vn -0.2204 -0.1382 0.9656
vn -0.2887 -0.4835 0.8263
vn -0.3152 -0.2946 0.9021
vn -0.3267 -0.1382 0.9350
vn -0.4661 -0.4835 0.7409
vn -0.5088 -0.2946 0.8089
vn -0.5273 -0.1382 0.8383
vn -0.5458 -0.4835 0.6844
vn -0.5958 -0.2946 0.7471
vn -0.6175 -0.1382 0.7743
vn -0.6186 -0.4835 0.6192
vn -0.6754 -0.2946 0.6760
vn -0.7000 -0.1382 0.7007
vn -0.7314 -0.4851 0.4794
vn -0.7996 -0.2941 0.5236
vn -0.8305 -0.1355 0.5402
vn -0.7612 -0.4887 0.4263
vn -0.8350 -0.2923 0.4662
vn -0.8708 -0.1281 0.4746
vn -0.7749 -0.4963 0.3915
vn -0.8549 -0.2881 0.4315
vn -0.8989 -0.1106 0.4240
vn 0.3149 0.4455 -0.8381
vn -0.0239 -0.0370 -0.9990
vn -0.3124 -0.4926 -0.8123
vn 0.3168 0.4276 -0.8466
vn -0.0253 -0.0360 -0.9990
vn -0.3205 -0.4755 -0.8193
vn 0.3240 0.4063 -0.8544
vn -0.0271 -0.0350 -0.9990
vn -0.3355 -0.4541 -0.8254
vn -0.7749 -0.4963 -0.3915
vn -0.8549 -0.2881 -0.4315
vn -0.8989 -0.1106 -0.4240
vn -0.7612 -0.4887 -0.4263
vn -0.8350 -0.2923 -0.4662
vn -0.8708 -0.1281 -0.4746
vn -0.7314 -0.4851 -0.4794
vn -0.7996 -0.2941 -0.5236
vn -0.8305 -0.1355 -0.5402
vn -0.7016 0.1203 -0.7023
vn -0.7011 0.1264 -0.7018
vn -0.7002 0.1356 -0.7009
vn -0.6190 0.1203 -0.7762
vn -0.6185 0.1264 -0.7756
vn -0.6177 0.1355 -0.7746
vn -0.5286 0.1203 -0.8403
vn -0.5282 0.1264 -0.8397
vn -0.5275 0.1356 -0.8387
vn 0.1504 -0.8900 -0.4304
vn 0.1015 -0.8900 -0.4445
vn 0.0513 -0.8900 -0.4530
vn 0.1710 -0.8551 -0.4894
vn 0.1154 -0.8551 -0.5054
vn 0.0583 -0.8551 -0.5151
vn 0.2033 -0.7874 -0.5819
vn 0.1372 -0.7874 -0.6010
vn 0.0693 -0.7874 -0.6125
vn 0.3222 -0.8900 -0.3225
vn 0.2843 -0.8900 -0.3565
vn 0.2427 -0.8900 -0.3859
vn 0.3664 -0.8551 -0.3667
vn 0.3232 -0.8551 -0.4053
vn 0.2760 -0.8551 -0.4388
vn 0.4357 -0.7874 -0.4361
vn 0.3843 -0.7874 -0.4820
vn 0.3282 -0.7874 -0.5218
vn 0.4303 -0.8900 -0.1508
vn 0.4108 -0.8900 -0.1978
vn 0.3861 -0.8900 -0.2424
vn 0.4892 -0.8551 -0.1714
vn 0.4671 -0.8551 -0.2249
vn 0.4391 -0.8551 -0.2756
vn 0.5817 -0.7874 -0.2039
vn 0.5554 -0.7874 -0.2675
vn 0.5221 -0.7874 -0.3277
vn 0.4531 -0.8900 0.0508
vn 0.4559 -0.8900 -0.0000
vn 0.4531 -0.8900 -0.0508
vn 0.5152 -0.8551 0.0578
vn 0.5184 -0.8551 -0.0000
vn 0.5152 -0.8551 -0.0578
vn 0.6126 -0.7874 0.0687
vn 0.6164 -0.7874 -0.0000
vn 0.6126 -0.7874 -0.0687
vn 0.3861 -0.8900 0.2424
vn 0.4108 -0.8900 0.1978
vn 0.4303 -0.8900 0.1508
vn 0.4391 -0.8551 0.2756
vn 0.4671 -0.8551 0.2249
vn 0.4892 -0.8551 0.1714
vn 0.5221 -0.7874 0.3277
vn 0.5554 -0.7874 0.2675
vn 0.5817 -0.7874 0.2039
vn 0.2427 -0.8900 0.3859
vn 0.2843 -0.8900 0.3565
vn 0.3222 -0.8900 0.3225
vn 0.2760 -0.8551 0.4388
vn 0.3232 -0.8551 0.4053
vn 0.3664 -0.8551 0.3667
vn 0.3282 -0.7874 0.5218
vn 0.3843 -0.7874 0.4820
vn 0.4357 -0.7874 0.4361
vn 0.0513 -0.8900 0.4530
vn 0.1015 -0.8900 0.4445
vn 0.1504 -0.8900 0.4304
vn 0.0583 -0.8551 0.5151
vn 0.1154 -0.8551 0.5054
vn 0.1710 -0.8551 0.4894
vn 0.0693 -0.7874 0.6125
vn 0.1372 -0.7874 0.6010
vn 0.2033 -0.7874 0.5819
vn -0.1504 -0.8900 0.4304
vn -0.1015 -0.8900 0.4445
vn -0.0513 -0.8900 0.4530
vn -0.1710 -0.8551 0.4894
vn -0.1154 -0.8551 0.5054
vn -0.0583 -0.8551 0.5151
vn -0.2033 -0.7874 0.5819
vn -0.1372 -0.7874 0.6010
vn -0.0693 -0.7874 0.6125
vn -0.3222 -0.8900 0.3225
vn -0.2843 -0.8900 0.3565
vn -0.2427 -0.8900 0.3859
vn -0.3664 -0.8551 0.3667
vn -0.3232 -0.8551 0.4053
vn -0.2760 -0.8551 0.4388
vn -0.4357 -0.7874 0.4361
vn -0.3843 -0.7874 0.4820
vn -0.3282 -0.7874 0.5218
vn -0.4202 -0.8946 0.1518
vn -0.4064 -0.8918 0.1986
vn -0.3850 -0.8905 0.2427
vn -0.4604 -0.8694 0.1796
vn -0.4541 -0.8607 0.2300
vn -0.4354 -0.8565 0.2773
vn -0.5313 -0.8144 0.2334
vn -0.5331 -0.7971 0.2836
vn -0.5154 -0.7897 0.3328
vn -0.4298 -0.9014 -0.0516
vn -0.4302 -0.9028 -0.0000
vn -0.4298 -0.9014 0.0516
vn -0.4481 -0.8917 -0.0640
vn -0.4438 -0.8961 -0.0000
vn -0.4481 -0.8917 0.0640
vn -0.4762 -0.8744 -0.0927
vn -0.4586 -0.8886 -0.0000
vn -0.4762 -0.8744 0.0927
vn -0.3850 -0.8905 -0.2427
vn -0.4064 -0.8918 -0.1986
vn -0.4202 -0.8946 -0.1518
vn -0.4354 -0.8565 -0.2773
vn -0.4541 -0.8607 -0.2300
vn -0.4604 -0.8694 -0.1796
vn -0.5154 -0.7897 -0.3328
vn -0.5331 -0.7971 -0.2836
vn -0.5313 -0.8144 -0.2334
vn -0.2427 -0.8900 -0.3859
vn -0.2843 -0.8900 -0.3565
vn -0.3222 -0.8900 -0.3225
vn -0.2760 -0.8551 -0.4388
vn -0.3232 -0.8551 -0.4053
vn -0.3664 -0.8551 -0.3667
vn -0.3282 -0.7874 -0.5218
vn -0.3843 -0.7874 -0.4820
vn -0.4357 -0.7874 -0.4361
vn -0.0513 -0.8900 -0.4530
vn -0.1015 -0.8900 -0.4445
vn -0.1504 -0.8900 -0.4304
vn -0.0583 -0.8551 -0.5151
vn -0.1154 -0.8551 -0.5054
vn -0.1710 -0.8551 -0.4894
vn -0.0693 -0.7874 -0.6125
vn -0.1372 -0.7874 -0.6010
vn -0.2033 -0.7874 -0.5819
vn -0.0000 -1.0000 -0.0000
vn -0.7017 -0.1197 -0.7024
vn -0.6190 -0.1196 -0.7762
vn -0.5286 -0.1197 -0.8404
vn -0.6183 -0.4844 -0.6189
vn -0.5455 -0.4844 -0.6840
vn -0.4658 -0.4844 -0.7405
vn -0.3549 -0.8648 -0.3552
vn -0.3131 -0.8648 -0.3926
vn -0.2674 -0.8648 -0.4250
vn 0.7017 -0.1197 0.7024
vn 0.6190 -0.1196 0.7762
vn 0.5286 -0.1197 0.8404
vn 0.6183 -0.4844 0.6189
vn 0.5455 -0.4844 0.6840
vn 0.4658 -0.4844 0.7405
vn 0.3549 -0.8648 0.3552
vn 0.3131 -0.8648 0.3926
vn 0.2674 -0.8648 0.4250
vn -0.3275 -0.1196 -0.9373
vn -0.2209 -0.1196 -0.9679
vn -0.1116 -0.1197 -0.9865
vn -0.2885 -0.4844 -0.8259
vn -0.1947 -0.4844 -0.8529
vn -0.0984 -0.4844 -0.8693
vn -0.1656 -0.8648 -0.4740
vn -0.1117 -0.8648 -0.4895
vn -0.0565 -0.8648 -0.4990
vn 0.3275 -0.1197 0.9373
vn 0.2209 -0.1196 0.9679
vn 0.1116 -0.1197 0.9865
vn 0.2885 -0.4844 0.8259
vn 0.1947 -0.4844 0.8529
vn 0.0984 -0.4844 0.8693
vn 0.1656 -0.8648 0.4740
vn 0.1117 -0.8648 0.4895
vn 0.0565 -0.8648 0.4990
vn -0.1116 -0.1197 0.9865
vn -0.2209 -0.1196 0.9679
vn -0.3275 -0.1197 0.9373
vn -0.0984 -0.4844 0.8693
vn -0.1947 -0.4844 0.8529
vn -0.2886 -0.4844 0.8259
vn -0.0565 -0.8648 0.4990
vn -0.1117 -0.8648 0.4895
vn -0.1656 -0.8648 0.4740
vn 0.1116 -0.1197 -0.9865
vn 0.2209 -0.1197 -0.9679
vn 0.3275 -0.1197 -0.9373
vn 0.0984 -0.4844 -0.8693
vn 0.1947 -0.4844 -0.8529
vn 0.2886 -0.4844 -0.8259
vn 0.0565 -0.8648 -0.4990
vn 0.1117 -0.8648 -0.4895
vn 0.1656 -0.8648 -0.4740
vn -0.5286 -0.1197 0.8404
vn -0.6190 -0.1196 0.7762
vn -0.7017 -0.1197 0.7024
vn -0.4658 -0.4844 0.7405
vn -0.5455 -0.4844 0.6840
vn -0.6183 -0.4844 0.6189
vn -0.2674 -0.8648 0.4250
vn -0.3131 -0.8648 0.3926
vn -0.3549 -0.8648 0.3552
vn 0.5286 -0.1197 -0.8404
vn 0.6190 -0.1197 -0.7762
vn 0.7017 -0.1197 -0.7024
vn 0.4658 -0.4844 -0.7405
vn 0.5455 -0.4844 -0.6840
vn 0.6183 -0.4844 -0.6189
vn 0.2674 -0.8648 -0.4250
vn 0.3131 -0.8648 -0.3926
vn 0.3549 -0.8648 -0.3552
vn -0.8409 -0.1197 0.5278
vn -0.8945 -0.1196 0.4308
vn -0.9369 -0.1197 0.3284
vn -0.7410 -0.4844 0.4651
vn -0.7882 -0.4844 0.3796
vn -0.8256 -0.4844 0.2893
vn -0.4253 -0.8648 0.2669
vn -0.4524 -0.8648 0.2179
vn -0.4739 -0.8648 0.1661
vn 0.8409 -0.1197 -0.5278
vn 0.8945 -0.1196 -0.4308
vn 0.9369 -0.1197 -0.3284
vn 0.7410 -0.4844 -0.4651
vn 0.7882 -0.4844 -0.3796
vn 0.8256 -0.4844 -0.2893
vn 0.4253 -0.8648 -0.2669
vn 0.4524 -0.8648 -0.2179
vn 0.4739 -0.8648 -0.1661
vn -0.9866 -0.1197 0.1107
vn -0.9928 -0.1197 -0.0000
vn -0.9866 -0.1197 -0.1107
vn -0.8694 -0.4844 0.0975
vn -0.8749 -0.4844 -0.0000
vn -0.8694 -0.4844 -0.0975
vn -0.4990 -0.8648 0.0560
vn -0.5021 -0.8648 -0.0000
vn -0.4990 -0.8648 -0.0560
vn 0.9866 -0.1197 -0.1107
vn 0.9928 -0.1197 -0.0000
vn 0.9866 -0.1197 0.1107
vn 0.8694 -0.4844 -0.0975
vn 0.8749 -0.4844 -0.0000
vn 0.8694 -0.4844 0.0975
vn 0.4990 -0.8648 -0.0560
vn 0.5021 -0.8648 -0.0000
vn 0.4990 -0.8648 0.0560
vn -0.9369 -0.1197 -0.3284
vn -0.8945 -0.1196 -0.4308
vn -0.8409 -0.1197 -0.5278
vn -0.8256 -0.4844 -0.2893
vn -0.7882 -0.4844 -0.3796
vn -0.7410 -0.4844 -0.4651
vn -0.4739 -0.8648 -0.1661
vn -0.4524 -0.8648 -0.2179
vn -0.4253 -0.8648 -0.2669
vn -0.4564 -0.8753 -0.1600
vn -0.4358 -0.8753 -0.2099
vn -0.4096 -0.8753 -0.2571
vn -0.6772 -0.6965 -0.2373
vn -0.6466 -0.6964 -0.3114
vn -0.6078 -0.6965 -0.3815
vn -0.9034 -0.2892 -0.3166
vn -0.8625 -0.2892 -0.4153
vn -0.8108 -0.2892 -0.5089
vn 0.4806 -0.8753 -0.0539
vn 0.4837 -0.8752 -0.0000
vn 0.4806 -0.8753 0.0539
vn 0.7131 -0.6965 -0.0800
vn 0.7176 -0.6964 -0.0000
vn 0.7131 -0.6965 0.0800
vn 0.9513 -0.2892 -0.1067
vn 0.9573 -0.2892 -0.0000
vn 0.9513 -0.2892 0.1067
vn -0.4806 -0.8753 0.0539
vn -0.4837 -0.8752 -0.0000
vn -0.4806 -0.8753 -0.0539
vn -0.7131 -0.6965 0.0800
vn -0.7176 -0.6964 -0.0000
vn -0.7131 -0.6965 -0.0800
vn -0.9513 -0.2892 0.1067
vn -0.9573 -0.2892 -0.0000
vn -0.9513 -0.2892 -0.1067
vn 0.4096 -0.8753 -0.2571
vn 0.4358 -0.8753 -0.2099
vn 0.4564 -0.8753 -0.1600
vn 0.6078 -0.6965 -0.3815
vn 0.6466 -0.6964 -0.3114
vn 0.6772 -0.6965 -0.2373
vn 0.8108 -0.2892 -0.5089
vn 0.8625 -0.2892 -0.4153
vn 0.9034 -0.2892 -0.3166
vn -0.4096 -0.8753 0.2571
vn -0.4358 -0.8753 0.2099
vn -0.4564 -0.8753 0.1600
vn -0.6078 -0.6965 0.3815
vn -0.6466 -0.6964 0.3114
vn -0.6772 -0.6965 0.2373
vn -0.8108 -0.2892 0.5089
vn -0.8625 -0.2892 0.4153
vn -0.9034 -0.2892 0.3166
vn 0.2575 -0.8753 -0.4094
vn 0.3016 -0.8753 -0.3781
vn 0.3418 -0.8753 -0.3422
vn 0.3821 -0.6965 -0.6074
vn 0.4474 -0.6964 -0.5611
vn 0.5072 -0.6965 -0.5077
vn 0.5097 -0.2892 -0.8103
vn 0.5968 -0.2892 -0.7484
vn 0.6766 -0.2892 -0.6772
vn -0.2575 -0.8753 0.4094
vn -0.3016 -0.8752 0.3781
vn -0.3418 -0.8753 0.3422
vn -0.3821 -0.6965 0.6074
vn -0.4474 -0.6964 0.5611
vn -0.5072 -0.6965 0.5077
vn -0.5097 -0.2892 0.8103
vn -0.5968 -0.2892 0.7484
vn -0.6766 -0.2892 0.6772
vn 0.0544 -0.8753 -0.4806
vn 0.1076 -0.8753 -0.4715
vn 0.1595 -0.8753 -0.4566
vn 0.0807 -0.6965 -0.7130
vn 0.1597 -0.6964 -0.6996
vn 0.2367 -0.6965 -0.6774
vn 0.1076 -0.2892 -0.9512
vn 0.2130 -0.2892 -0.9333
vn 0.3157 -0.2892 -0.9037
vn -0.0544 -0.8753 0.4806
vn -0.1076 -0.8753 0.4715
vn -0.1595 -0.8753 0.4566
vn -0.0807 -0.6965 0.7130
vn -0.1597 -0.6964 0.6996
vn -0.2367 -0.6965 0.6774
vn -0.1076 -0.2892 0.9512
vn -0.2130 -0.2892 0.9333
vn -0.3157 -0.2892 0.9037
vn 0.1595 -0.8753 0.4566
vn 0.1076 -0.8753 0.4715
vn 0.0544 -0.8753 0.4806
vn 0.2367 -0.6965 0.6774
vn 0.1597 -0.6964 0.6996
vn 0.0807 -0.6965 0.7130
vn 0.3157 -0.2892 0.9037
vn 0.2130 -0.2892 0.9333
vn 0.1076 -0.2892 0.9512
vn -0.1595 -0.8753 -0.4566
vn -0.1076 -0.8753 -0.4715
vn -0.0544 -0.8753 -0.4806
vn -0.2367 -0.6965 -0.6774
vn -0.1597 -0.6964 -0.6997
vn -0.0807 -0.6965 -0.7130
vn -0.3157 -0.2892 -0.9037
vn -0.2130 -0.2892 -0.9333
vn -0.1076 -0.2892 -0.9512
vn 0.3418 -0.8753 0.3422
vn 0.3016 -0.8753 0.3781
vn 0.2575 -0.8753 0.4094
vn 0.5072 -0.6965 0.5077
vn 0.4474 -0.6964 0.5611
vn 0.3821 -0.6965 0.6074
vn 0.6766 -0.2892 0.6772
vn 0.5968 -0.2892 0.7484
vn 0.5097 -0.2892 0.8103
vn -0.3418 -0.8753 -0.3422
vn -0.3016 -0.8752 -0.3781
vn -0.2575 -0.8753 -0.4094
vn -0.5072 -0.6965 -0.5077
vn -0.4474 -0.6964 -0.5611
vn -0.3821 -0.6965 -0.6074
vn -0.6766 -0.2892 -0.6772
vn -0.5968 -0.2892 -0.7484
vn -0.5097 -0.2892 -0.8103
vn 0.4564 -0.8753 0.1600
vn 0.4358 -0.8753 0.2099
vn 0.4096 -0.8753 0.2571
vn 0.6772 -0.6965 0.2373
vn 0.6466 -0.6964 0.3114
vn 0.6078 -0.6965 0.3815
vn 0.9034 -0.2892 0.3166
vn 0.8625 -0.2892 0.4153
vn 0.8108 -0.2892 0.5089
vn -0.9437 -0.0000 -0.3307
vn -0.9010 -0.0000 -0.4339
vn -0.8470 -0.0000 -0.5316
vn 0.9938 -0.0000 -0.1115
vn 1.0000 -0.0000 -0.0000
vn 0.9938 -0.0000 0.1115
vn -0.9938 -0.0000 0.1115
vn -1.0000 -0.0000 -0.0000
vn -0.9938 -0.0000 -0.1115
vn 0.8470 -0.0000 -0.5316
vn 0.9010 -0.0000 -0.4339
vn 0.9437 -0.0000 -0.3307
vn -0.8470 -0.0000 0.5316
vn -0.9010 -0.0000 0.4339
vn -0.9437 -0.0000 0.3307
vn 0.5324 -0.0000 -0.8465
vn 0.6235 -0.0000 -0.7818
vn 0.7068 -0.0000 -0.7075
vn -0.5324 -0.0000 0.8465
vn -0.6235 -0.0000 0.7818
vn -0.7068 -0.0000 0.7075
vn 0.1124 -0.0000 -0.9937
vn 0.2225 -0.0000 -0.9749
vn 0.3298 -0.0000 -0.9440
vn -0.1124 -0.0000 0.9937
vn -0.2225 -0.0000 0.9749
vn -0.3298 -0.0000 0.9440
vn 0.3298 -0.0000 0.9440
vn 0.2225 -0.0000 0.9749
vn 0.1124 -0.0000 0.9937
vn -0.3298 -0.0000 -0.9440
vn -0.2225 -0.0000 -0.9749
vn -0.1124 -0.0000 -0.9937
vn 0.7068 -0.0000 0.7075
vn 0.6235 -0.0000 0.7818
vn 0.5324 -0.0000 0.8465
vn -0.7068 -0.0000 -0.7075
vn -0.6235 -0.0000 -0.7818
vn -0.5324 -0.0000 -0.8465
vn 0.9437 -0.0000 0.3307
vn 0.9010 -0.0000 0.4339
vn 0.8470 -0.0000 0.5316
vn 0.0009 -1.0000 -0.0041
vn 0.0008 -1.0000 -0.0036
vn 0.0057 -0.9998 -0.0181
vn 0.0041 -0.9998 -0.0178
vn 0.0027 -0.9998 -0.0188
vn 0.0202 -0.9981 -0.0588
vn 0.0137 -0.9981 -0.0600
vn 0.0073 -0.9981 -0.0618
vn 0.0026 -1.0000 -0.0033
vn 0.0023 -1.0000 -0.0029
vn 0.0130 -0.9998 -0.0138
vn 0.0114 -0.9998 -0.0142
vn 0.0106 -0.9998 -0.0157
vn 0.0437 -0.9981 -0.0443
vn 0.0384 -0.9981 -0.0481
vn 0.0334 -0.9981 -0.0525
vn 0.0038 -1.0000 -0.0018
vn 0.0034 -1.0000 -0.0016
vn 0.0177 -0.9998 -0.0068
vn 0.0164 -0.9998 -0.0079
vn 0.0164 -0.9998 -0.0096
vn 0.0586 -0.9981 -0.0209
vn 0.0554 -0.9981 -0.0267
vn 0.0529 -0.9981 -0.0328
vn 0.0042 -1.0000 -0.0000
vn 0.0037 -1.0000 -0.0000
vn 0.0189 -0.9998 0.0015
vn 0.0182 -0.9998 -0.0000
vn 0.0189 -0.9998 -0.0015
vn 0.0619 -0.9981 0.0066
vn 0.0615 -0.9981 -0.0000
vn 0.0619 -0.9981 -0.0066
vn 0.0038 -1.0000 0.0018
vn 0.0034 -1.0000 0.0016
vn 0.0164 -0.9998 0.0096
vn 0.0164 -0.9998 0.0079
vn 0.0177 -0.9998 0.0068
vn 0.0529 -0.9981 0.0328
vn 0.0554 -0.9981 0.0267
vn 0.0586 -0.9981 0.0209
vn 0.0026 -1.0000 0.0033
vn 0.0023 -1.0000 0.0029
vn 0.0106 -0.9998 0.0157
vn 0.0114 -0.9998 0.0142
vn 0.0130 -0.9998 0.0138
vn 0.0334 -0.9981 0.0525
vn 0.0384 -0.9981 0.0481
vn 0.0437 -0.9981 0.0443
vn 0.0009 -1.0000 0.0041
vn 0.0008 -1.0000 0.0036
vn 0.0027 -0.9998 0.0188
vn 0.0041 -0.9998 0.0178
vn 0.0057 -0.9998 0.0181
vn 0.0073 -0.9981 0.0618
vn 0.0137 -0.9981 0.0600
vn 0.0202 -0.9981 0.0588
vn -0.0009 -1.0000 0.0041
vn -0.0008 -1.0000 0.0036
vn -0.0057 -0.9998 0.0181
vn -0.0041 -0.9998 0.0178
vn -0.0027 -0.9998 0.0188
vn -0.0202 -0.9981 0.0588
vn -0.0137 -0.9981 0.0600
vn -0.0073 -0.9981 0.0618
vn -0.0026 -1.0000 0.0033
vn -0.0023 -1.0000 0.0029
vn -0.0130 -0.9998 0.0138
vn -0.0114 -0.9998 0.0142
vn -0.0106 -0.9998 0.0157
vn -0.0437 -0.9981 0.0443
vn -0.0384 -0.9981 0.0481
vn -0.0334 -0.9981 0.0525
vn -0.0038 -1.0000 0.0018
vn -0.0034 -1.0000 0.0016
vn -0.0177 -0.9998 0.0068
vn -0.0164 -0.9998 0.0079
vn -0.0164 -0.9998 0.0096
vn -0.0586 -0.9981 0.0209
vn -0.0554 -0.9981 0.0267
vn -0.0529 -0.9981 0.0328
vn -0.0042 -1.0000 -0.0000
vn -0.0037 -1.0000 -0.0000
vn -0.0189 -0.9998 -0.0015
vn -0.0182 -0.9998 -0.0000
vn -0.0189 -0.9998 0.0015
vn -0.0619 -0.9981 -0.0066
vn -0.0615 -0.9981 -0.0000
vn -0.0619 -0.9981 0.0066
vn -0.0038 -1.0000 -0.0018
vn -0.0034 -1.0000 -0.0016
vn -0.0164 -0.9998 -0.0096
vn -0.0164 -0.9998 -0.0079
vn -0.0177 -0.9998 -0.0068
vn -0.0529 -0.9981 -0.0328
vn -0.0554 -0.9981 -0.0267
vn -0.0586 -0.9981 -0.0209
vn -0.0026 -1.0000 -0.0033
vn -0.0023 -1.0000 -0.0029
vn -0.0106 -0.9998 -0.0157
vn -0.0114 -0.9998 -0.0142
vn -0.0130 -0.9998 -0.0138
vn -0.0334 -0.9981 -0.0525
vn -0.0384 -0.9981 -0.0481
vn -0.0437 -0.9981 -0.0443
vn -0.0009 -1.0000 -0.0041
vn -0.0008 -1.0000 -0.0036
vn -0.0027 -0.9998 -0.0188
vn -0.0041 -0.9998 -0.0178
vn -0.0057 -0.9998 -0.0181
vn -0.0073 -0.9981 -0.0618
vn -0.0137 -0.9981 -0.0600
vn -0.0202 -0.9981 -0.0588
vn 0.6267 0.4624 0.6273
vn 0.5528 0.4624 0.6932
vn 0.4721 0.4624 0.7505
vn 0.6880 0.2291 0.6886
vn 0.6069 0.2291 0.7610
vn 0.5183 0.2291 0.8240
vn 0.7057 0.0539 0.7064
vn 0.6226 0.0539 0.7807
vn 0.5317 0.0539 0.8452
vn -0.5290 -0.1131 0.8410
vn -0.6195 -0.1131 0.7768
vn -0.7022 -0.1131 0.7029
vn -0.5324 0.0029 0.8465
vn -0.6235 0.0029 0.7818
vn -0.7068 0.0029 0.7074
vn -0.8389 -0.1382 0.5265
vn -0.8923 -0.1382 0.4297
vn -0.9347 -0.1382 0.3276
vn -0.8416 -0.1131 0.5282
vn -0.8952 -0.1131 0.4311
vn -0.9377 -0.1131 0.3286
vn -0.8470 0.0029 0.5316
vn -0.9010 0.0029 0.4339
vn -0.9437 0.0029 0.3307
vn -0.9842 -0.1382 0.1104
vn -0.9904 -0.1382 -0.0000
vn -0.9842 -0.1382 -0.1104
vn -0.9874 -0.1131 0.1108
vn -0.9936 -0.1131 -0.0000
vn -0.9874 -0.1131 -0.1108
vn -0.9938 0.0029 0.1115
vn -1.0000 0.0029 -0.0000
vn -0.9938 0.0029 -0.1115
vn -0.9347 -0.1382 -0.3276
vn -0.8923 -0.1382 -0.4297
vn -0.8389 -0.1382 -0.5265
vn -0.9377 -0.1131 -0.3286
vn -0.8952 -0.1131 -0.4311
vn -0.8416 -0.1131 -0.5282
vn -0.9437 0.0029 -0.3307
vn -0.9010 0.0029 -0.4339
vn -0.8470 0.0029 -0.5316
vn -0.7022 -0.1131 -0.7029
vn -0.6195 -0.1131 -0.7768
vn -0.5290 -0.1131 -0.8410
vn -0.7068 0.0029 -0.7074
vn -0.6235 0.0029 -0.7818
vn -0.5324 0.0029 -0.8465
vn -0.3277 -0.1131 -0.9380
vn -0.2211 -0.1131 -0.9687
vn -0.1117 -0.1131 -0.9873
vn -0.3298 0.0029 -0.9440
vn -0.2225 0.0029 -0.9749
vn -0.1124 0.0029 -0.9937
vn 0.1117 -0.1131 -0.9873
vn 0.2211 -0.1131 -0.9687
vn 0.3277 -0.1131 -0.9380
vn 0.1124 0.0029 -0.9937
vn 0.2225 0.0029 -0.9749
vn 0.3298 0.0029 -0.9440
vn 0.5290 -0.1131 -0.8410
vn 0.6195 -0.1131 -0.7768
vn 0.7022 -0.1131 -0.7029
vn 0.5324 0.0029 -0.8465
vn 0.6235 0.0029 -0.7818
vn 0.7068 0.0029 -0.7074
vn 0.8416 -0.1131 -0.5282
vn 0.8952 -0.1131 -0.4311
vn 0.9377 -0.1131 -0.3286
vn 0.8470 0.0029 -0.5316
vn 0.9010 0.0029 -0.4339
vn 0.9437 0.0029 -0.3307
vn 0.9874 -0.1131 -0.1108
vn 0.9936 -0.1131 -0.0000
vn 0.9874 -0.1131 0.1108
vn 0.9938 0.0029 -0.1115
vn 1.0000 0.0029 -0.0000
vn 0.9938 0.0029 0.1115
vn 0.9377 -0.1131 0.3286
vn 0.8952 -0.1131 0.4311
vn 0.8416 -0.1131 0.5282
vn 0.9437 0.0029 0.3307
vn 0.9010 0.0029 0.4339
vn 0.8470 0.0029 0.5316
vn 0.7022 -0.1131 0.7029
vn 0.6195 -0.1131 0.7768
vn 0.5290 -0.1131 0.8410
vn 0.7068 0.0029 0.7074
vn 0.6235 0.0029 0.7818
vn 0.5324 0.0029 0.8465
vn -0.1121 -0.0828 0.9902
vn -0.2218 -0.0828 0.9716
vn -0.3287 -0.0828 0.9408
vn -0.1118 -0.1052 0.9881
vn -0.2213 -0.1052 0.9695
vn -0.3280 -0.1052 0.9388
vn -0.1116 -0.1203 0.9864
vn -0.2209 -0.1203 0.9679
vn -0.3274 -0.1203 0.9372
vn 0.8017 -0.5275 0.2810
vn 0.9205 -0.2206 0.3226
vn 0.9433 0.0287 0.3306
vn 0.7654 -0.5276 0.3686
vn 0.8788 -0.2206 0.4232
vn 0.9006 0.0287 0.4337
vn 0.7195 -0.5276 0.4516
vn 0.8261 -0.2206 0.5185
vn 0.8466 0.0287 0.5314
vn 0.3293 0.0539 0.9427
vn 0.3211 0.2291 0.9189
vn 0.2924 0.4624 0.8370
vn 0.2222 0.0539 0.9735
vn 0.2166 0.2291 0.9490
vn 0.1973 0.4624 0.8644
vn 0.1123 0.0539 0.9922
vn 0.1095 0.2291 0.9672
vn 0.0997 0.4624 0.8810
vn -0.5306 -0.0828 0.8436
vn -0.6213 -0.0828 0.7791
vn -0.7043 -0.0828 0.7050
vn -0.5295 -0.1052 0.8418
vn -0.6200 -0.1052 0.7775
vn -0.7028 -0.1052 0.7035
vn -0.5286 -0.1203 0.8403
vn -0.6190 -0.1203 0.7762
vn -0.7016 -0.1203 0.7023
vn -0.8441 -0.0828 0.5298
vn -0.8979 -0.0828 0.4324
vn -0.9405 -0.0828 0.3296
vn -0.8423 -0.1052 0.5287
vn -0.8960 -0.1052 0.4315
vn -0.9385 -0.1052 0.3289
vn -0.8408 -0.1203 0.5278
vn -0.8944 -0.1203 0.4307
vn -0.9369 -0.1203 0.3283
vn -0.9904 -0.0828 0.1111
vn -0.9966 -0.0828 -0.0000
vn -0.9904 -0.0828 -0.1111
vn -0.9882 -0.1052 0.1109
vn -0.9944 -0.1052 -0.0000
vn -0.9882 -0.1052 -0.1109
vn -0.9866 -0.1203 0.1107
vn -0.9927 -0.1203 -0.0000
vn -0.9866 -0.1203 -0.1107
vn -0.9405 -0.0828 -0.3296
vn -0.8979 -0.0828 -0.4324
vn -0.8441 -0.0828 -0.5298
vn -0.9385 -0.1052 -0.3289
vn -0.8960 -0.1052 -0.4315
vn -0.8423 -0.1052 -0.5287
vn -0.9369 -0.1203 -0.3283
vn -0.8944 -0.1203 -0.4307
vn -0.8408 -0.1203 -0.5278
vn -0.7043 -0.0828 -0.7050
vn -0.6213 -0.0828 -0.7791
vn -0.5306 -0.0828 -0.8436
vn -0.7028 -0.1052 -0.7035
vn -0.6200 -0.1052 -0.7775
vn -0.5295 -0.1052 -0.8418
vn -0.7016 -0.1203 -0.7023
vn -0.6190 -0.1203 -0.7762
vn -0.5286 -0.1203 -0.8403
vn -0.3287 -0.0828 -0.9408
vn -0.2218 -0.0828 -0.9716
vn -0.1121 -0.0828 -0.9902
vn -0.3280 -0.1052 -0.9388
vn -0.2213 -0.1052 -0.9695
vn -0.1118 -0.1052 -0.9881
vn -0.3274 -0.1203 -0.9372
vn -0.2209 -0.1203 -0.9679
vn -0.1116 -0.1203 -0.9864
vn 0.1121 -0.0828 -0.9902
vn 0.2218 -0.0828 -0.9716
vn 0.3287 -0.0828 -0.9408
vn 0.1118 -0.1052 -0.9881
vn 0.2213 -0.1052 -0.9695
vn 0.3280 -0.1052 -0.9388
vn 0.1116 -0.1203 -0.9864
vn 0.2209 -0.1203 -0.9679
vn 0.3274 -0.1203 -0.9372
vn 0.5306 -0.0828 -0.8436
vn 0.6213 -0.0828 -0.7791
vn 0.7043 -0.0828 -0.7050
vn 0.5295 -0.1052 -0.8418
vn 0.6200 -0.1052 -0.7775
vn 0.7028 -0.1052 -0.7035
vn 0.5286 -0.1203 -0.8403
vn 0.6190 -0.1203 -0.7762
vn 0.7016 -0.1203 -0.7023
vn 0.8441 -0.0828 -0.5298
vn 0.8979 -0.0828 -0.4324
vn 0.9405 -0.0828 -0.3296
vn 0.8423 -0.1052 -0.5287
vn 0.8960 -0.1052 -0.4315
vn 0.9385 -0.1052 -0.3289
vn 0.8408 -0.1203 -0.5278
vn 0.8944 -0.1203 -0.4307
vn 0.9369 -0.1203 -0.3283
vn 0.9904 -0.0828 -0.1111
vn 0.9966 -0.0828 -0.0000
vn 0.9904 -0.0828 0.1111
vn 0.9882 -0.1052 -0.1109
vn 0.9944 -0.1052 -0.0000
vn 0.9882 -0.1052 0.1109
vn 0.9866 -0.1203 -0.1107
vn 0.9927 -0.1203 -0.0000
vn 0.9866 -0.1203 0.1107
vn 0.9405 -0.0828 0.3296
vn 0.8979 -0.0828 0.4324
vn 0.8441 -0.0828 0.5298
vn 0.9385 -0.1052 0.3289
vn 0.8960 -0.1052 0.4315
vn 0.8423 -0.1052 0.5287
vn 0.9369 -0.1203 0.3283
vn 0.8944 -0.1203 0.4307
vn 0.8408 -0.1203 0.5278
vn 0.3298 0.0029 0.9440
vn 0.3277 -0.1131 0.9380
vn 0.2225 0.0029 0.9749
vn 0.2211 -0.1131 0.9687
vn 0.1124 0.0029 0.9937
vn 0.1117 -0.1131 0.9873
vn -0.1117 -0.1131 0.9873
vn -0.2211 -0.1131 0.9687
vn -0.3277 -0.1131 0.9380
vn -0.1124 0.0029 0.9937
vn -0.2225 0.0029 0.9749
vn -0.3298 0.0029 0.9440
vn -0.0997 0.4624 0.8810
vn -0.1973 0.4624 0.8644
vn -0.2924 0.4624 0.8370
vn -0.1095 0.2291 0.9672
vn -0.2166 0.2291 0.9490
vn -0.3211 0.2291 0.9189
vn -0.1123 0.0539 0.9922
vn -0.2222 0.0539 0.9735
vn -0.3293 0.0539 0.9427
vn 0.3274 -0.1203 0.9372
vn 0.3280 -0.1052 0.9388
vn 0.3287 -0.0828 0.9408
vn 0.2209 -0.1203 0.9679
vn 0.2213 -0.1052 0.9695
vn 0.2218 -0.0828 0.9716
vn 0.1116 -0.1203 0.9864
vn 0.1118 -0.1052 0.9881
vn 0.1121 -0.0828 0.9902
vn -0.4721 0.4624 0.7505
vn -0.5528 0.4624 0.6932
vn -0.6267 0.4624 0.6273
vn -0.5183 0.2291 0.8240
vn -0.6069 0.2291 0.7610
vn -0.6880 0.2291 0.6886
vn -0.5317 0.0539 0.8452
vn -0.6226 0.0539 0.7807
vn -0.7057 0.0539 0.7064
vn -0.7510 0.4624 0.4714
vn -0.7988 0.4624 0.3847
vn -0.8368 0.4624 0.2932
vn -0.8245 0.2291 0.5175
vn -0.8770 0.2291 0.4223
vn -0.9186 0.2291 0.3219
vn -0.8458 0.0539 0.5308
vn -0.8997 0.0539 0.4333
vn -0.9424 0.0539 0.3303
vn -0.8811 0.4624 0.0988
vn -0.8867 0.4624 -0.0000
vn -0.8811 0.4624 -0.0988
vn -0.9673 0.2291 0.1085
vn -0.9734 0.2291 -0.0000
vn -0.9673 0.2291 -0.1085
vn -0.9923 0.0539 0.1113
vn -0.9985 0.0539 -0.0000
vn -0.9923 0.0539 -0.1113
vn -0.8368 0.4624 -0.2932
vn -0.7988 0.4624 -0.3847
vn -0.7510 0.4624 -0.4714
vn -0.9186 0.2291 -0.3219
vn -0.8770 0.2291 -0.4223
vn -0.8245 0.2291 -0.5175
vn -0.9424 0.0539 -0.3303
vn -0.8997 0.0539 -0.4333
vn -0.8458 0.0539 -0.5308
vn -0.6267 0.4624 -0.6273
vn -0.5528 0.4624 -0.6932
vn -0.4721 0.4624 -0.7505
vn -0.6880 0.2291 -0.6886
vn -0.6069 0.2291 -0.7610
vn -0.5183 0.2291 -0.8240
vn -0.7057 0.0539 -0.7064
vn -0.6226 0.0539 -0.7807
vn -0.5317 0.0539 -0.8452
vn -0.2924 0.4624 -0.8370
vn -0.1973 0.4624 -0.8644
vn -0.0997 0.4624 -0.8810
vn -0.3211 0.2291 -0.9189
vn -0.2166 0.2291 -0.9490
vn -0.1095 0.2291 -0.9672
vn -0.3293 0.0539 -0.9427
vn -0.2222 0.0539 -0.9735
vn -0.1123 0.0539 -0.9922
vn 0.0997 0.4624 -0.8810
vn 0.1973 0.4624 -0.8644
vn 0.2924 0.4624 -0.8370
vn 0.1095 0.2291 -0.9672
vn 0.2166 0.2291 -0.9490
vn 0.3211 0.2291 -0.9189
vn 0.1123 0.0539 -0.9922
vn 0.2222 0.0539 -0.9735
vn 0.3293 0.0539 -0.9427
vn 0.4721 0.4624 -0.7505
vn 0.5528 0.4624 -0.6932
vn 0.6267 0.4624 -0.6273
vn 0.5183 0.2291 -0.8240
vn 0.6069 0.2291 -0.7610
vn 0.6880 0.2291 -0.6886
vn 0.5317 0.0539 -0.8452
vn 0.6226 0.0539 -0.7807
vn 0.7057 0.0539 -0.7064
vn 0.7510 0.4624 -0.4714
vn 0.7988 0.4624 -0.3847
vn 0.8368 0.4624 -0.2932
vn 0.8245 0.2291 -0.5175
vn 0.8770 0.2291 -0.4223
vn 0.9186 0.2291 -0.3219
vn 0.8458 0.0539 -0.5308
vn 0.8997 0.0539 -0.4333
vn 0.9424 0.0539 -0.3303
vn 0.8811 0.4624 -0.0988
vn 0.8867 0.4624 -0.0000
vn 0.8811 0.4624 0.0988
vn 0.9673 0.2291 -0.1085
vn 0.9734 0.2291 -0.0000
vn 0.9673 0.2291 0.1085
vn 0.9923 0.0539 -0.1113
vn 0.9985 0.0539 -0.0000
vn 0.9923 0.0539 0.1113
vn 0.8368 0.4624 0.2932
vn 0.7988 0.4624 0.3847
vn 0.7510 0.4624 0.4714
vn 0.9186 0.2291 0.3219
vn 0.8770 0.2291 0.4223
vn 0.8245 0.2291 0.5175
vn 0.9424 0.0539 0.3303
vn 0.8997 0.0539 0.4333
vn 0.8458 0.0539 0.5308
vn 0.7043 -0.0828 0.7050
vn 0.6213 -0.0828 0.7791
vn 0.5306 -0.0828 0.8436
vn 0.7028 -0.1052 0.7035
vn 0.6200 -0.1052 0.7775
vn 0.5295 -0.1052 0.8418
vn 0.7016 -0.1203 0.7023
vn 0.6190 -0.1203 0.7762
vn 0.5286 -0.1203 0.8403
vn -0.2042 0.7852 0.5846
vn -0.2019 0.7907 0.5780
vn -0.2168 0.7537 0.6204
vn -0.1378 0.7852 0.6037
vn -0.1362 0.7906 0.5969
vn -0.1462 0.7537 0.6407
vn -0.0696 0.7852 0.6153
vn -0.0688 0.7907 0.6084
vn -0.0739 0.7537 0.6530
vn -0.4376 0.7852 0.4381
vn -0.4327 0.7907 0.4331
vn -0.4645 0.7537 0.4649
vn -0.3861 0.7852 0.4841
vn -0.3818 0.7906 0.4787
vn -0.4098 0.7537 0.5138
vn -0.3297 0.7852 0.5241
vn -0.3260 0.7907 0.5183
vn -0.3499 0.7537 0.5563
vn -0.5844 0.7852 0.2048
vn -0.5778 0.7907 0.2025
vn -0.6202 0.7537 0.2174
vn -0.5579 0.7852 0.2687
vn -0.5516 0.7906 0.2657
vn -0.5921 0.7537 0.2852
vn -0.5245 0.7852 0.3292
vn -0.5186 0.7907 0.3255
vn -0.5566 0.7537 0.3494
vn -0.6153 0.7852 -0.0690
vn -0.6084 0.7907 -0.0683
vn -0.6531 0.7537 -0.0733
vn -0.6192 0.7852 -0.0000
vn -0.6123 0.7906 -0.0000
vn -0.6572 0.7537 -0.0000
vn -0.6153 0.7852 0.0690
vn -0.6084 0.7907 0.0683
vn -0.6531 0.7537 0.0733
vn -0.5245 0.7852 -0.3292
vn -0.5186 0.7907 -0.3255
vn -0.5566 0.7537 -0.3494
vn -0.5579 0.7852 -0.2687
vn -0.5516 0.7906 -0.2657
vn -0.5921 0.7537 -0.2852
vn -0.5844 0.7852 -0.2048
vn -0.5778 0.7907 -0.2025
vn -0.6202 0.7537 -0.2174
vn -0.3297 0.7852 -0.5241
vn -0.3260 0.7907 -0.5183
vn -0.3499 0.7537 -0.5563
vn -0.3861 0.7852 -0.4841
vn -0.3818 0.7906 -0.4787
vn -0.4098 0.7537 -0.5138
vn -0.4376 0.7852 -0.4381
vn -0.4327 0.7907 -0.4331
vn -0.4645 0.7537 -0.4649
vn -0.0696 0.7852 -0.6153
vn -0.0688 0.7907 -0.6084
vn -0.0739 0.7537 -0.6530
vn -0.1378 0.7852 -0.6037
vn -0.1362 0.7906 -0.5969
vn -0.1462 0.7537 -0.6407
vn -0.2042 0.7852 -0.5846
vn -0.2019 0.7907 -0.5780
vn -0.2168 0.7537 -0.6204
vn 0.2042 0.7852 -0.5846
vn 0.2019 0.7907 -0.5780
vn 0.2168 0.7537 -0.6204
vn 0.1378 0.7852 -0.6037
vn 0.1362 0.7906 -0.5969
vn 0.1462 0.7537 -0.6407
vn 0.0696 0.7852 -0.6153
vn 0.0688 0.7907 -0.6084
vn 0.0739 0.7537 -0.6530
vn 0.4376 0.7852 -0.4381
vn 0.4327 0.7907 -0.4331
vn 0.4645 0.7537 -0.4649
vn 0.3861 0.7852 -0.4841
vn 0.3818 0.7906 -0.4787
vn 0.4098 0.7537 -0.5138
vn 0.3297 0.7852 -0.5241
vn 0.3260 0.7907 -0.5183
vn 0.3499 0.7537 -0.5563
vn 0.5844 0.7852 -0.2048
vn 0.5778 0.7907 -0.2025
vn 0.6202 0.7537 -0.2174
vn 0.5579 0.7852 -0.2687
vn 0.5516 0.7906 -0.2657
vn 0.5921 0.7537 -0.2852
vn 0.5245 0.7852 -0.3292
vn 0.5186 0.7907 -0.3255
vn 0.5566 0.7537 -0.3494
vn 0.6153 0.7852 0.0690
vn 0.6084 0.7907 0.0683
vn 0.6531 0.7537 0.0733
vn 0.6192 0.7852 -0.0000
vn 0.6123 0.7906 -0.0000
vn 0.6572 0.7537 -0.0000
vn 0.6153 0.7852 -0.0690
vn 0.6084 0.7907 -0.0683
vn 0.6531 0.7537 -0.0733
vn 0.5245 0.7852 0.3292
vn 0.5186 0.7907 0.3255
vn 0.5566 0.7537 0.3494
vn 0.5579 0.7852 0.2687
vn 0.5516 0.7906 0.2657
vn 0.5921 0.7537 0.2852
vn 0.5844 0.7852 0.2048
vn 0.5778 0.7907 0.2025
vn 0.6202 0.7537 0.2174
vn 0.3297 0.7852 0.5241
vn 0.3260 0.7907 0.5183
vn 0.3499 0.7537 0.5563
vn 0.3861 0.7852 0.4841
vn 0.3818 0.7906 0.4787
vn 0.4098 0.7537 0.5138
vn 0.4376 0.7852 0.4381
vn 0.4327 0.7907 0.4331
vn 0.4645 0.7537 0.4649
vn 0.0696 0.7852 0.6153
vn 0.0688 0.7907 0.6084
vn 0.0739 0.7537 0.6530
vn 0.1378 0.7852 0.6037
vn 0.1362 0.7906 0.5969
vn 0.1462 0.7537 0.6407
vn 0.2042 0.7852 0.5846
vn 0.2019 0.7907 0.5780
vn 0.2168 0.7537 0.6204
vn -0.0000 1.0000 -0.0000
vn -0.0000 0.9996 -0.0283
vn -0.0042 0.9998 -0.0182
vn -0.0123 0.9996 -0.0255
vn -0.0117 0.9998 -0.0146
vn -0.0222 0.9996 -0.0177
vn -0.0169 0.9998 -0.0081
vn -0.0276 0.9996 -0.0063
vn -0.0187 0.9998 -0.0000
vn -0.0276 0.9996 0.0063
vn -0.0169 0.9998 0.0081
vn -0.0222 0.9996 0.0177
vn -0.0117 0.9998 0.0146
vn -0.0123 0.9996 0.0255
vn -0.0042 0.9998 0.0182
vn -0.0000 0.9996 0.0283
vn 0.0042 0.9998 0.0182
vn 0.0123 0.9996 0.0255
vn 0.0117 0.9998 0.0146
vn 0.0222 0.9996 0.0177
vn 0.0169 0.9998 0.0081
vn 0.0276 0.9996 0.0063
vn 0.0187 0.9998 -0.0000
vn 0.0276 0.9996 -0.0063
vn 0.0169 0.9998 -0.0081
vn 0.0222 0.9996 -0.0177
vn 0.0117 0.9998 -0.0146
vn 0.0123 0.9996 -0.0255
vn 0.0042 0.9998 -0.0182
vn -0.6004 -0.5276 -0.6010
vn -0.6893 -0.2206 -0.6900
vn -0.7065 0.0287 -0.7072
vn -0.5297 -0.5276 -0.6642
vn -0.6081 -0.2206 -0.7626
vn -0.6232 0.0287 -0.7815
vn -0.4523 -0.5276 -0.7191
vn -0.5193 -0.2206 -0.8256
vn -0.5322 0.0287 -0.8461
vn 0.6004 -0.5276 0.6010
vn 0.6894 -0.2206 0.6900
vn 0.7065 0.0287 0.7072
vn 0.5296 -0.5276 0.6642
vn 0.6081 -0.2206 0.7626
vn 0.6232 0.0287 0.7815
vn 0.4523 -0.5276 0.7191
vn 0.5193 -0.2206 0.8256
vn 0.5322 0.0287 0.8461
vn -0.2802 -0.5276 -0.8020
vn -0.3217 -0.2206 -0.9208
vn -0.3297 0.0287 -0.9437
vn -0.1890 -0.5276 -0.8282
vn -0.2170 -0.2206 -0.9509
vn -0.2224 0.0287 -0.9745
vn -0.0955 -0.5276 -0.8441
vn -0.1097 -0.2206 -0.9692
vn -0.1124 0.0287 -0.9932
vn 0.2802 -0.5276 0.8020
vn 0.3217 -0.2206 0.9208
vn 0.3297 0.0287 0.9437
vn 0.1890 -0.5276 0.8282
vn 0.2170 -0.2206 0.9509
vn 0.2224 0.0287 0.9745
vn 0.0955 -0.5276 0.8441
vn 0.1097 -0.2206 0.9692
vn 0.1124 0.0287 0.9932
vn -0.0955 -0.5276 0.8441
vn -0.1097 -0.2206 0.9692
vn -0.1124 0.0287 0.9932
vn -0.1890 -0.5276 0.8282
vn -0.2170 -0.2206 0.9509
vn -0.2224 0.0287 0.9745
vn -0.2802 -0.5276 0.8020
vn -0.3217 -0.2206 0.9208
vn -0.3297 0.0287 0.9437
vn 0.0955 -0.5276 -0.8441
vn 0.1097 -0.2206 -0.9692
vn 0.1124 0.0287 -0.9932
vn 0.1890 -0.5276 -0.8282
vn 0.2170 -0.2206 -0.9509
vn 0.2224 0.0287 -0.9745
vn 0.2802 -0.5276 -0.8020
vn 0.3217 -0.2206 -0.9208
vn 0.3297 0.0287 -0.9437
vn -0.4523 -0.5276 0.7191
vn -0.5193 -0.2206 0.8256
vn -0.5322 0.0287 0.8461
vn -0.5297 -0.5276 0.6642
vn -0.6081 -0.2206 0.7626
vn -0.6232 0.0287 0.7815
vn -0.6004 -0.5276 0.6010
vn -0.6893 -0.2206 0.6900
vn -0.7065 0.0287 0.7072
vn 0.4523 -0.5276 -0.7191
vn 0.5193 -0.2206 -0.8256
vn 0.5322 0.0287 -0.8461
vn 0.5297 -0.5276 -0.6642
vn 0.6081 -0.2206 -0.7626
vn 0.6232 0.0287 -0.7815
vn 0.6004 -0.5276 -0.6010
vn 0.6893 -0.2206 -0.6900
vn 0.7065 0.0287 -0.7072
vn -0.7195 -0.5276 0.4516
vn -0.8261 -0.2206 0.5185
vn -0.8466 0.0287 0.5314
vn -0.7654 -0.5276 0.3686
vn -0.8788 -0.2206 0.4232
vn -0.9006 0.0287 0.4337
vn -0.8017 -0.5276 0.2810
vn -0.9205 -0.2206 0.3226
vn -0.9433 0.0287 0.3306
vn 0.7195 -0.5276 -0.4516
vn 0.8261 -0.2206 -0.5185
vn 0.8466 0.0287 -0.5314
vn 0.7654 -0.5276 -0.3686
vn 0.8788 -0.2206 -0.4232
vn 0.9006 0.0287 -0.4337
vn 0.8017 -0.5276 -0.2810
vn 0.9205 -0.2206 -0.3226
vn 0.9433 0.0287 -0.3306
vn -0.8442 -0.5276 0.0947
vn -0.9693 -0.2206 0.1087
vn -0.9934 0.0287 0.1114
vn -0.8495 -0.5276 -0.0000
vn -0.9754 -0.2206 -0.0000
vn -0.9996 0.0287 -0.0000
vn -0.8442 -0.5276 -0.0947
vn -0.9693 -0.2206 -0.1087
vn -0.9934 0.0287 -0.1114
vn 0.8442 -0.5276 -0.0947
vn 0.9693 -0.2206 -0.1087
vn 0.9934 0.0287 -0.1114
vn 0.8495 -0.5276 -0.0000
vn 0.9754 -0.2206 -0.0000
vn 0.9996 0.0287 -0.0000
vn 0.8442 -0.5276 0.0947
vn 0.9693 -0.2206 0.1087
vn 0.9934 0.0287 0.1114
vn -0.8017 -0.5275 -0.2810
vn -0.9205 -0.2206 -0.3226
vn -0.9433 0.0287 -0.3306
vn -0.7654 -0.5276 -0.3686
vn -0.8788 -0.2206 -0.4232
vn -0.9006 0.0287 -0.4337
vn -0.7195 -0.5276 -0.4516
vn -0.8261 -0.2206 -0.5185
vn -0.8466 0.0287 -0.5314
vn 0.7971 0.5353 0.2794
vn 0.9132 0.2523 0.3200
vn 0.9434 0.0264 0.3306
vn 0.7610 0.5353 0.3665
vn 0.8718 0.2523 0.4198
vn 0.9007 0.0264 0.4337
vn 0.7154 0.5353 0.4490
vn 0.8196 0.2523 0.5144
vn 0.8467 0.0264 0.5314
vn -0.8394 0.5353 0.0942
vn -0.9616 0.2523 0.1079
vn -0.9934 0.0264 0.1114
vn -0.8447 0.5353 -0.0000
vn -0.9677 0.2523 -0.0000
vn -0.9997 0.0264 -0.0000
vn -0.8394 0.5353 -0.0942
vn -0.9616 0.2523 -0.1079
vn -0.9934 0.0264 -0.1114
vn 0.8394 0.5353 -0.0942
vn 0.9616 0.2523 -0.1079
vn 0.9934 0.0264 -0.1114
vn 0.8447 0.5353 -0.0000
vn 0.9677 0.2523 -0.0000
vn 0.9997 0.0264 -0.0000
vn 0.8394 0.5353 0.0942
vn 0.9616 0.2523 0.1079
vn 0.9934 0.0264 0.1114
vn -0.7154 0.5353 0.4490
vn -0.8196 0.2523 0.5144
vn -0.8467 0.0264 0.5314
vn -0.7610 0.5353 0.3665
vn -0.8718 0.2523 0.4198
vn -0.9007 0.0264 0.4337
vn -0.7971 0.5353 0.2794
vn -0.9132 0.2523 0.3200
vn -0.9434 0.0264 0.3306
vn 0.7154 0.5353 -0.4490
vn 0.8196 0.2523 -0.5144
vn 0.8467 0.0264 -0.5314
vn 0.7610 0.5353 -0.3665
vn 0.8718 0.2523 -0.4198
vn 0.9007 0.0264 -0.4337
vn 0.7971 0.5353 -0.2794
vn 0.9132 0.2523 -0.3200
vn 0.9434 0.0264 -0.3306
vn -0.4497 0.5353 0.7150
vn -0.5152 0.2523 0.8191
vn -0.5323 0.0264 0.8462
vn -0.5266 0.5353 0.6604
vn -0.6033 0.2523 0.7565
vn -0.6233 0.0264 0.7816
vn -0.5970 0.5353 0.5975
vn -0.6839 0.2523 0.6846
vn -0.7065 0.0264 0.7072
vn 0.4497 0.5353 -0.7150
vn 0.5152 0.2523 -0.8191
vn 0.5323 0.0264 -0.8462
vn 0.5266 0.5353 -0.6604
vn 0.6033 0.2523 -0.7565
vn 0.6233 0.0264 -0.7816
vn 0.5970 0.5353 -0.5975
vn 0.6839 0.2523 -0.6846
vn 0.7065 0.0264 -0.7072
vn -0.0950 0.5353 0.8393
vn -0.1088 0.2523 0.9615
vn -0.1124 0.0264 0.9933
vn -0.1880 0.5353 0.8235
vn -0.2153 0.2523 0.9434
vn -0.2224 0.0264 0.9746
vn -0.2786 0.5353 0.7974
vn -0.3191 0.2523 0.9135
vn -0.3297 0.0264 0.9437
vn 0.0950 0.5353 -0.8393
vn 0.1088 0.2523 -0.9615
vn 0.1124 0.0264 -0.9933
vn 0.1880 0.5353 -0.8235
vn 0.2153 0.2523 -0.9434
vn 0.2224 0.0264 -0.9746
vn 0.2786 0.5353 -0.7974
vn 0.3191 0.2523 -0.9135
vn 0.3297 0.0264 -0.9437
vn -0.2786 0.5353 -0.7974
vn -0.3191 0.2523 -0.9135
vn -0.3297 0.0264 -0.9437
vn -0.1880 0.5353 -0.8235
vn -0.2153 0.2523 -0.9434
vn -0.2224 0.0264 -0.9746
vn -0.0950 0.5353 -0.8393
vn -0.1088 0.2523 -0.9615
vn -0.1124 0.0264 -0.9933
vn 0.2786 0.5353 0.7974
vn 0.3191 0.2523 0.9135
vn 0.3297 0.0264 0.9437
vn 0.1880 0.5353 0.8235
vn 0.2153 0.2523 0.9434
vn 0.2224 0.0264 0.9746
vn 0.0950 0.5353 0.8393
vn 0.1088 0.2523 0.9615
vn 0.1124 0.0264 0.9933
vn -0.5970 0.5353 -0.5975
vn -0.6839 0.2523 -0.6846
vn -0.7065 0.0264 -0.7072
vn -0.5266 0.5353 -0.6604
vn -0.6033 0.2523 -0.7565
vn -0.6233 0.0264 -0.7816
vn -0.4497 0.5353 -0.7150
vn -0.5152 0.2523 -0.8191
vn -0.5323 0.0264 -0.8462
vn 0.5970 0.5353 0.5975
vn 0.6839 0.2523 0.6846
vn 0.7065 0.0264 0.7072
vn 0.5266 0.5353 0.6604
vn 0.6033 0.2523 0.7565
vn 0.6233 0.0264 0.7816
vn 0.4497 0.5353 0.7150
vn 0.5152 0.2523 0.8191
vn 0.5323 0.0264 0.8462
vn -0.7971 0.5353 -0.2794
vn -0.9132 0.2523 -0.3200
vn -0.9434 0.0264 -0.3306
vn -0.7610 0.5353 -0.3665
vn -0.8718 0.2523 -0.4198
vn -0.9007 0.0264 -0.4337
vn -0.7154 0.5353 -0.4490
vn -0.8196 0.2523 -0.5144
vn -0.8467 0.0264 -0.5314
vn 0.9321 0.1563 0.3267
vn 0.9100 0.2649 0.3189
vn 0.8946 0.3183 0.3135
vn 0.8899 0.1563 0.4286
vn 0.8688 0.2648 0.4184
vn 0.8541 0.3183 0.4113
vn 0.8366 0.1563 0.5251
vn 0.8167 0.2649 0.5126
vn 0.8029 0.3183 0.5040
vn -0.9816 0.1563 0.1101
vn -0.9583 0.2649 0.1075
vn -0.9421 0.3183 0.1057
vn -0.9877 0.1563 -0.0000
vn -0.9643 0.2648 -0.0000
vn -0.9480 0.3183 -0.0000
vn -0.9816 0.1563 -0.1101
vn -0.9583 0.2649 -0.1075
vn -0.9421 0.3183 -0.1057
vn 0.9816 0.1563 -0.1101
vn 0.9583 0.2649 -0.1075
vn 0.9421 0.3183 -0.1057
vn 0.9877 0.1563 -0.0000
vn 0.9643 0.2648 -0.0000
vn 0.9480 0.3183 -0.0000
vn 0.9816 0.1563 0.1101
vn 0.9583 0.2649 0.1075
vn 0.9421 0.3183 0.1057
vn -0.8366 0.1563 0.5251
vn -0.8167 0.2649 0.5126
vn -0.8029 0.3183 0.5040
vn -0.8899 0.1563 0.4286
vn -0.8688 0.2648 0.4184
vn -0.8541 0.3183 0.4113
vn -0.9321 0.1563 0.3267
vn -0.9100 0.2649 0.3189
vn -0.8946 0.3183 0.3135
vn 0.8366 0.1563 -0.5251
vn 0.8167 0.2649 -0.5126
vn 0.8029 0.3183 -0.5040
vn 0.8899 0.1563 -0.4286
vn 0.8688 0.2648 -0.4184
vn 0.8541 0.3183 -0.4113
vn 0.9321 0.1563 -0.3267
vn 0.9100 0.2649 -0.3189
vn 0.8946 0.3183 -0.3135
vn -0.5259 0.1563 0.8361
vn -0.5134 0.2649 0.8162
vn -0.5048 0.3183 0.8024
vn -0.6158 0.1563 0.7722
vn -0.6012 0.2648 0.7539
vn -0.5911 0.3183 0.7412
vn -0.6981 0.1563 0.6988
vn -0.6815 0.2649 0.6822
vn -0.6700 0.3183 0.6707
vn 0.5259 0.1563 -0.8361
vn 0.5134 0.2649 -0.8162
vn 0.5048 0.3183 -0.8024
vn 0.6158 0.1563 -0.7722
vn 0.6012 0.2648 -0.7539
vn 0.5911 0.3183 -0.7412
vn 0.6981 0.1563 -0.6988
vn 0.6815 0.2649 -0.6822
vn 0.6700 0.3183 -0.6707
vn -0.1111 0.1563 0.9814
vn -0.1084 0.2649 0.9582
vn -0.1066 0.3183 0.9420
vn -0.2198 0.1563 0.9629
vn -0.2146 0.2648 0.9401
vn -0.2109 0.3183 0.9242
vn -0.3258 0.1563 0.9324
vn -0.3180 0.2649 0.9103
vn -0.3127 0.3183 0.8949
vn 0.1111 0.1563 -0.9814
vn 0.1084 0.2649 -0.9582
vn 0.1066 0.3183 -0.9420
vn 0.2198 0.1563 -0.9629
vn 0.2146 0.2648 -0.9401
vn 0.2109 0.3183 -0.9242
vn 0.3258 0.1563 -0.9324
vn 0.3180 0.2649 -0.9103
vn 0.3127 0.3183 -0.8949
vn -0.3258 0.1563 -0.9324
vn -0.3180 0.2649 -0.9103
vn -0.3127 0.3183 -0.8949
vn -0.2198 0.1563 -0.9629
vn -0.2146 0.2648 -0.9401
vn -0.2109 0.3183 -0.9242
vn -0.1111 0.1563 -0.9814
vn -0.1084 0.2649 -0.9582
vn -0.1066 0.3183 -0.9420
vn 0.3258 0.1563 0.9324
vn 0.3180 0.2649 0.9103
vn 0.3127 0.3183 0.8949
vn 0.2198 0.1563 0.9629
vn 0.2146 0.2648 0.9401
vn 0.2109 0.3183 0.9242
vn 0.1111 0.1563 0.9814
vn 0.1084 0.2649 0.9582
vn 0.1066 0.3183 0.9420
vn -0.6981 0.1563 -0.6988
vn -0.6815 0.2649 -0.6822
vn -0.6700 0.3183 -0.6707
vn -0.6158 0.1563 -0.7722
vn -0.6012 0.2648 -0.7539
vn -0.5911 0.3183 -0.7412
vn -0.5259 0.1563 -0.8361
vn -0.5134 0.2649 -0.8162
vn -0.5047 0.3183 -0.8024
vn 0.6981 0.1563 0.6988
vn 0.6815 0.2649 0.6822
vn 0.6700 0.3183 0.6707
vn 0.6158 0.1563 0.7722
vn 0.6012 0.2648 0.7539
vn 0.5911 0.3183 0.7412
vn 0.5259 0.1563 0.8361
vn 0.5134 0.2649 0.8162
vn 0.5048 0.3183 0.8024
vn -0.9321 0.1563 -0.3267
vn -0.9100 0.2649 -0.3189
vn -0.8946 0.3183 -0.3135
vn -0.8899 0.1563 -0.4286
vn -0.8688 0.2648 -0.4184
vn -0.8541 0.3183 -0.4113
vn -0.8366 0.1563 -0.5251
vn -0.8167 0.2649 -0.5126
vn -0.8029 0.3183 -0.5040
vn 0.0321 0.9920 -0.1224
vn 0.0871 0.9581 -0.2728
vn 0.1977 0.7926 -0.5768
vn 0.0261 0.9931 -0.1143
vn 0.0613 0.9613 -0.2685
vn 0.1341 0.7981 -0.5874
vn 0.0242 0.9920 -0.1242
vn 0.0398 0.9581 -0.2836
vn 0.0722 0.7926 -0.6055
vn 0.0820 0.9920 -0.0964
vn 0.1969 0.9581 -0.2079
vn 0.4284 0.7926 -0.4339
vn 0.0731 0.9931 -0.0917
vn 0.1717 0.9613 -0.2153
vn 0.3756 0.7981 -0.4711
vn 0.0757 0.9920 -0.1014
vn 0.1589 0.9581 -0.2382
vn 0.3277 0.7926 -0.5142
vn 0.1157 0.9920 -0.0513
vn 0.2676 0.9581 -0.1019
vn 0.5742 0.7926 -0.2051
vn 0.1057 0.9931 -0.0509
vn 0.2482 0.9613 -0.1195
vn 0.5428 0.7981 -0.2614
vn 0.1122 0.9920 -0.0585
vn 0.2465 0.9581 -0.1457
vn 0.5184 0.7926 -0.3211
vn 0.1265 0.9920 0.0040
vn 0.2853 0.9581 0.0243
vn 0.6063 0.7926 0.0643
vn 0.1173 0.9931 -0.0000
vn 0.2754 0.9613 -0.0000
vn 0.6025 0.7981 -0.0000
vn 0.1265 0.9920 -0.0040
vn 0.2853 0.9581 -0.0243
vn 0.6063 0.7926 -0.0643
vn 0.1122 0.9920 0.0585
vn 0.2465 0.9581 0.1457
vn 0.5184 0.7926 0.3211
vn 0.1057 0.9931 0.0509
vn 0.2482 0.9613 0.1195
vn 0.5428 0.7981 0.2614
vn 0.1157 0.9920 0.0513
vn 0.2676 0.9581 0.1019
vn 0.5742 0.7926 0.2051
vn 0.0757 0.9920 0.1014
vn 0.1589 0.9581 0.2382
vn 0.3277 0.7926 0.5142
vn 0.0731 0.9931 0.0917
vn 0.1717 0.9613 0.2153
vn 0.3756 0.7981 0.4711
vn 0.0820 0.9920 0.0964
vn 0.1969 0.9581 0.2079
vn 0.4284 0.7926 0.4339
vn 0.0242 0.9920 0.1242
vn 0.0398 0.9581 0.2836
vn 0.0722 0.7926 0.6055
vn 0.0261 0.9931 0.1143
vn 0.0613 0.9613 0.2685
vn 0.1341 0.7981 0.5874
vn 0.0321 0.9920 0.1224
vn 0.0871 0.9581 0.2728
vn 0.1977 0.7926 0.5768
vn -0.0321 0.9920 0.1224
vn -0.0871 0.9581 0.2728
vn -0.1977 0.7926 0.5768
vn -0.0261 0.9931 0.1143
vn -0.0613 0.9613 0.2685
vn -0.1341 0.7981 0.5874
vn -0.0242 0.9920 0.1242
vn -0.0398 0.9581 0.2836
vn -0.0722 0.7926 0.6055
vn -0.0820 0.9920 0.0964
vn -0.1969 0.9581 0.2079
vn -0.4284 0.7926 0.4339
vn -0.0731 0.9931 0.0917
vn -0.1717 0.9613 0.2153
vn -0.3757 0.7981 0.4711
vn -0.0757 0.9920 0.1014
vn -0.1589 0.9581 0.2382
vn -0.3277 0.7926 0.5142
vn -0.1157 0.9920 0.0513
vn -0.2676 0.9581 0.1019
vn -0.5742 0.7926 0.2051
vn -0.1057 0.9931 0.0509
vn -0.2482 0.9613 0.1195
vn -0.5428 0.7981 0.2614
vn -0.1122 0.9920 0.0585
vn -0.2465 0.9581 0.1457
vn -0.5184 0.7926 0.3211
vn -0.1265 0.9920 -0.0040
vn -0.2853 0.9581 -0.0243
vn -0.6063 0.7926 -0.0643
vn -0.1173 0.9931 -0.0000
vn -0.2754 0.9613 -0.0000
vn -0.6025 0.7981 -0.0000
vn -0.1265 0.9920 0.0040
vn -0.2853 0.9581 0.0243
vn -0.6063 0.7926 0.0643
vn -0.1122 0.9920 -0.0585
vn -0.2465 0.9581 -0.1457
vn -0.5184 0.7926 -0.3211
vn -0.1057 0.9931 -0.0509
vn -0.2482 0.9613 -0.1195
vn -0.5428 0.7981 -0.2614
vn -0.1157 0.9920 -0.0513
vn -0.2676 0.9581 -0.1019
vn -0.5742 0.7926 -0.2051
vn -0.0757 0.9920 -0.1014
vn -0.1589 0.9581 -0.2382
vn -0.3277 0.7926 -0.5142
vn -0.0731 0.9931 -0.0917
vn -0.1717 0.9613 -0.2153
vn -0.3757 0.7981 -0.4711
vn -0.0820 0.9920 -0.0964
vn -0.1969 0.9581 -0.2080
vn -0.4284 0.7926 -0.4339
vn -0.0242 0.9920 -0.1242
vn -0.0398 0.9581 -0.2836
vn -0.0722 0.7926 -0.6055
vn -0.0261 0.9931 -0.1143
vn -0.0613 0.9613 -0.2685
vn -0.1341 0.7981 -0.5874
vn -0.0321 0.9920 -0.1224
vn -0.0871 0.9581 -0.2728
vn -0.1977 0.7926 -0.5768
vn 0.2112 0.7682 -0.6044
vn 0.1425 0.7682 -0.6242
vn 0.0720 0.7682 -0.6362
vn 0.0090 0.9996 -0.0257
vn 0.0060 0.9996 -0.0265
vn 0.0031 0.9996 -0.0271
vn -0.2187 0.7486 0.6259
vn -0.1475 0.7486 0.6464
vn -0.0746 0.7486 0.6588
vn 0.4525 0.7682 -0.4530
vn 0.3992 0.7682 -0.5006
vn 0.3409 0.7682 -0.5420
vn 0.0193 0.9996 -0.0193
vn 0.0169 0.9996 -0.0212
vn 0.0145 0.9996 -0.0231
vn -0.4686 0.7486 0.4690
vn -0.4134 0.7486 0.5184
vn -0.3530 0.7486 0.5612
vn 0.6042 0.7682 -0.2118
vn 0.5768 0.7682 -0.2778
vn 0.5423 0.7682 -0.3404
vn 0.0257 0.9996 -0.0090
vn 0.0245 0.9996 -0.0118
vn 0.0231 0.9996 -0.0145
vn -0.6257 0.7486 0.2193
vn -0.5974 0.7486 0.2877
vn -0.5616 0.7486 0.3525
vn 0.6363 0.7682 0.0714
vn 0.6402 0.7682 -0.0000
vn 0.6363 0.7682 -0.0714
vn 0.0271 0.9996 0.0030
vn 0.0272 0.9996 -0.0000
vn 0.0271 0.9996 -0.0030
vn -0.6589 0.7486 -0.0739
vn -0.6631 0.7486 -0.0000
vn -0.6589 0.7486 0.0739
vn 0.5423 0.7682 0.3404
vn 0.5768 0.7682 0.2778
vn 0.6042 0.7682 0.2118
vn 0.0231 0.9996 0.0145
vn 0.0245 0.9996 0.0118
vn 0.0257 0.9996 0.0090
vn -0.5616 0.7486 -0.3525
vn -0.5974 0.7486 -0.2877
vn -0.6257 0.7486 -0.2193
vn 0.3409 0.7682 0.5420
vn 0.3992 0.7682 0.5006
vn 0.4525 0.7682 0.4530
vn 0.0145 0.9996 0.0231
vn 0.0169 0.9996 0.0212
vn 0.0193 0.9996 0.0193
vn -0.3530 0.7486 -0.5612
vn -0.4134 0.7486 -0.5184
vn -0.4686 0.7486 -0.4690
vn 0.0720 0.7682 0.6362
vn 0.1425 0.7682 0.6242
vn 0.2112 0.7682 0.6044
vn 0.0031 0.9996 0.0271
vn 0.0060 0.9996 0.0265
vn 0.0090 0.9996 0.0257
vn -0.0746 0.7486 -0.6588
vn -0.1475 0.7486 -0.6464
vn -0.2187 0.7486 -0.6259
vn -0.2112 0.7682 0.6044
vn -0.1425 0.7682 0.6242
vn -0.0720 0.7682 0.6362
vn -0.0090 0.9996 0.0257
vn -0.0060 0.9996 0.0265
vn -0.0031 0.9996 0.0271
vn 0.2187 0.7486 -0.6259
vn 0.1475 0.7486 -0.6464
vn 0.0746 0.7486 -0.6588
vn -0.4525 0.7682 0.4530
vn -0.3992 0.7682 0.5006
vn -0.3409 0.7682 0.5420
vn -0.0193 0.9996 0.0193
vn -0.0169 0.9996 0.0212
vn -0.0145 0.9996 0.0231
vn 0.4686 0.7486 -0.4690
vn 0.4134 0.7486 -0.5184
vn 0.3530 0.7486 -0.5612
vn -0.6042 0.7682 0.2118
vn -0.5768 0.7682 0.2778
vn -0.5423 0.7682 0.3404
vn -0.0257 0.9996 0.0090
vn -0.0245 0.9996 0.0118
vn -0.0231 0.9996 0.0145
vn 0.6257 0.7486 -0.2193
vn 0.5974 0.7486 -0.2877
vn 0.5616 0.7486 -0.3525
vn -0.6363 0.7682 -0.0714
vn -0.6402 0.7682 -0.0000
vn -0.6363 0.7682 0.0714
vn -0.0271 0.9996 -0.0030
vn -0.0272 0.9996 -0.0000
vn -0.0271 0.9996 0.0030
vn 0.6589 0.7486 0.0739
vn 0.6631 0.7486 -0.0000
vn 0.6589 0.7486 -0.0739
vn -0.5423 0.7682 -0.3404
vn -0.5768 0.7682 -0.2778
vn -0.6042 0.7682 -0.2118
vn -0.0231 0.9996 -0.0145
vn -0.0245 0.9996 -0.0118
vn -0.0257 0.9996 -0.0090
vn 0.5616 0.7486 0.3525
vn 0.5974 0.7486 0.2877
vn 0.6257 0.7486 0.2193
vn -0.3409 0.7682 -0.5420
vn -0.3992 0.7682 -0.5006
vn -0.4525 0.7682 -0.4530
vn -0.0145 0.9996 -0.0231
vn -0.0169 0.9996 -0.0212
vn -0.0193 0.9996 -0.0193
vn 0.3530 0.7486 0.5612
vn 0.4134 0.7486 0.5184
vn 0.4686 0.7486 0.4690
vn -0.0720 0.7682 -0.6362
vn -0.1425 0.7682 -0.6242
vn -0.2112 0.7682 -0.6044
vn -0.0031 0.9996 -0.0271
vn -0.0060 0.9996 -0.0265
vn -0.0090 0.9996 -0.0257
vn 0.0746 0.7486 0.6588
vn 0.1475 0.7486 0.6464
vn 0.2187 0.7486 0.6259
vn 0.3583 0.3551 -0.8634
vn -0.0327 -0.0320 -0.9990
vn -0.3908 -0.3943 -0.8317
vn 0.3842 0.3249 -0.8642
vn -0.0365 -0.0295 -0.9989
vn -0.4279 -0.3546 -0.8314
vn 0.4165 0.2857 -0.8631
vn -0.0420 -0.0263 -0.9988
vn -0.4714 -0.3025 -0.8284
vn -0.5038 -0.8389 -0.2062
vn -0.5124 -0.8587 -0.0000
vn -0.5038 -0.8389 0.2062
vn -0.5278 -0.8228 -0.2109
vn -0.5377 -0.8431 -0.0000
vn -0.5278 -0.8228 0.2109
vn -0.5652 -0.7964 -0.2153
vn -0.5770 -0.8167 -0.0000
vn -0.5652 -0.7964 0.2153
vn 0.6007 0.7775 0.1862
vn 0.6168 0.7871 -0.0000
vn 0.6007 0.7775 -0.1862
vn 0.6141 0.7646 0.1954
vn 0.6309 0.7758 -0.0000
vn 0.6141 0.7646 -0.1954
vn 0.6349 0.7452 0.2041
vn 0.6523 0.7579 -0.0000
vn 0.6349 0.7452 -0.2041
vn -0.3124 -0.4926 0.8123
vn -0.0239 -0.0370 0.9990
vn 0.3149 0.4455 0.8381
vn -0.3205 -0.4755 0.8193
vn -0.0253 -0.0360 0.9990
vn 0.3168 0.4276 0.8466
vn -0.3355 -0.4541 0.8254
vn -0.0271 -0.0350 0.9990
vn 0.3240 0.4063 0.8544
vn -0.7157 -0.5168 0.4697
vn -0.8062 -0.2665 0.5283
vn -0.8727 -0.0228 0.4877
vn -0.5973 -0.5315 0.6006
vn -0.6047 -0.2243 0.7642
vn -0.5910 0.1794 0.7865
vn -0.4185 -0.5234 0.7422
vn -0.2388 -0.0994 0.9660
vn 0.0371 0.4441 0.8952
vn -0.9548 0.2530 0.1560
vn -0.9636 0.2674 -0.0000
vn -0.9548 0.2530 -0.1560
vn -0.5398 0.7995 0.2637
vn -0.5321 0.8467 -0.0000
vn -0.5398 0.7995 -0.2637
vn 0.3328 0.9182 0.2147
vn 0.3491 0.9371 -0.0000
vn 0.3328 0.9182 -0.2147
vn -0.5092 -0.8459 -0.1588
vn -0.4738 -0.8806 -0.0000
vn -0.5092 -0.8459 0.1588
vn -0.5062 -0.8447 -0.1737
vn -0.4863 -0.8738 -0.0000
vn -0.5062 -0.8447 0.1737
vn -0.4974 -0.8464 -0.1902
vn -0.4959 -0.8684 -0.0000
vn -0.4974 -0.8464 0.1902
vn -0.8727 -0.0228 -0.4877
vn -0.8062 -0.2665 -0.5283
vn -0.7157 -0.5168 -0.4697
vn -0.5910 0.1794 -0.7865
vn -0.6047 -0.2243 -0.7642
vn -0.5973 -0.5315 -0.6006
vn 0.0371 0.4441 -0.8952
vn -0.2388 -0.0994 -0.9660
vn -0.4185 -0.5234 -0.7422
vn -0.9544 -0.2093 -0.2127
vn -0.9773 -0.2119 -0.0000
vn -0.9544 -0.2093 0.2127
vn -0.9771 -0.0240 -0.2116
vn -0.9997 -0.0228 -0.0000
vn -0.9771 -0.0240 0.2116
vn -0.9622 0.1692 -0.2133
vn -0.9848 0.1739 -0.0000
vn -0.9622 0.1692 0.2133
vn -0.6827 -0.6967 -0.2203
vn -0.6994 -0.7147 -0.0000
vn -0.6827 -0.6967 0.2203
vn -0.7531 -0.6200 -0.2203
vn -0.7723 -0.6352 -0.0000
vn -0.7531 -0.6200 0.2203
vn -0.8276 -0.5171 -0.2184
vn -0.8488 -0.5287 -0.0000
vn -0.8276 -0.5171 0.2184
vn 0.7001 0.6810 0.2146
vn 0.7178 0.6963 -0.0000
vn 0.7001 0.6810 -0.2146
vn 0.7422 0.6347 0.2151
vn 0.7594 0.6506 -0.0000
vn 0.7422 0.6347 -0.2151
vn 0.7933 0.5704 0.2127
vn 0.8098 0.5867 -0.0000
vn 0.7933 0.5704 -0.2127
vn -0.3908 -0.3943 0.8317
vn -0.0327 -0.0320 0.9990
vn 0.3583 0.3551 0.8634
vn -0.4279 -0.3546 0.8314
vn -0.0365 -0.0295 0.9989
vn 0.3842 0.3250 0.8642
vn -0.4714 -0.3025 0.8284
vn -0.0420 -0.0263 0.9988
vn 0.4165 0.2857 0.8631
vn 0.8046 -0.5524 0.2179
vn 0.8242 -0.5663 -0.0000
vn 0.8046 -0.5524 -0.2179
vn 0.6730 -0.7065 0.2189
vn 0.6899 -0.7239 -0.0000
vn 0.6730 -0.7065 -0.2189
vn 0.5158 -0.8287 0.2174
vn 0.5292 -0.8485 -0.0000
vn 0.5158 -0.8287 -0.2174
vn 0.9234 0.3238 0.2060
vn 0.9411 0.3381 -0.0000
vn 0.9234 0.3238 -0.2060
vn 0.9711 0.1205 0.2063
vn 0.9916 0.1297 -0.0000
vn 0.9711 0.1205 -0.2063
vn 0.9703 -0.1205 0.2099
vn 0.9928 -0.1200 -0.0000
vn 0.9703 -0.1205 -0.2099
vn -0.5565 -0.1340 0.8200
vn -0.0551 -0.0134 0.9984
vn 0.4889 0.1460 0.8600
vn -0.5742 -0.0236 0.8184
vn -0.0588 -0.0035 0.9983
vn 0.5074 0.0420 0.8607
vn -0.5642 0.0935 0.8203
vn -0.0593 0.0078 0.9982
vn 0.4984 -0.0732 0.8638
vn 0.4889 0.1460 -0.8600
vn -0.0551 -0.0134 -0.9984
vn -0.5565 -0.1340 -0.8200
vn 0.5074 0.0420 -0.8607
vn -0.0588 -0.0035 -0.9983
vn -0.5742 -0.0236 -0.8184
vn 0.4984 -0.0732 -0.8638
vn -0.0593 0.0078 -0.9982
vn -0.5642 0.0935 -0.8203
vn 0.0746 -0.4986 -0.8636
vn -0.0075 0.0544 -0.9985
vn -0.0943 0.5589 -0.8239
vn -0.0130 -0.5035 -0.8639
vn 0.0016 0.0517 -0.9987
vn -0.0081 0.5621 -0.8271
vn -0.0847 -0.4890 -0.8682
vn 0.0110 0.0470 -0.9988
vn 0.0674 0.5466 -0.8347
vn -0.4628 0.3144 0.8288
vn -0.0481 0.0313 0.9984
vn 0.4061 -0.2783 0.8704
vn -0.3830 0.4048 0.8303
vn -0.0387 0.0411 0.9984
vn 0.3382 -0.3561 0.8711
vn -0.2912 0.4782 0.8286
vn -0.0284 0.0490 0.9984
vn 0.2597 -0.4199 0.8696
vn 0.4061 -0.2783 -0.8704
vn -0.0481 0.0313 -0.9984
vn -0.4628 0.3144 -0.8288
vn 0.3382 -0.3561 -0.8711
vn -0.0387 0.0411 -0.9984
vn -0.3830 0.4048 -0.8303
vn 0.2597 -0.4199 -0.8696
vn -0.0284 0.0490 -0.9984
vn -0.2912 0.4782 -0.8286
vn -0.8063 0.5488 -0.2206
vn -0.8268 0.5625 -0.0000
vn -0.8063 0.5488 0.2206
vn -0.6698 0.7086 -0.2218
vn -0.6869 0.7268 -0.0000
vn -0.6698 0.7086 0.2218
vn -0.5073 0.8332 -0.2202
vn -0.5198 0.8543 -0.0000
vn -0.5073 0.8332 0.2202
vn -0.4172 -0.8787 0.2319
vn -0.4355 -0.9002 -0.0000
vn -0.4172 -0.8787 -0.2319
vn -0.4598 -0.8558 0.2372
vn -0.4783 -0.8782 -0.0000
vn -0.4598 -0.8558 -0.2372
vn -0.4839 -0.8414 0.2405
vn -0.5025 -0.8646 -0.0000
vn -0.4839 -0.8414 -0.2405
vn -0.1725 0.9612 -0.2151
vn -0.1776 0.9841 -0.0000
vn -0.1725 0.9612 0.2151
vn -0.0358 0.9755 -0.2172
vn -0.0392 0.9992 -0.0000
vn -0.0358 0.9755 0.2172
vn 0.0843 0.9710 -0.2235
vn 0.0824 0.9966 -0.0000
vn 0.0843 0.9710 0.2235
vn 0.1215 -0.9698 0.2114
vn 0.1207 -0.9927 -0.0000
vn 0.1215 -0.9698 -0.2114
vn -0.0722 -0.9746 0.2121
vn -0.0814 -0.9967 -0.0000
vn -0.0722 -0.9746 -0.2121
vn -0.2293 -0.9488 0.2172
vn -0.2441 -0.9697 -0.0000
vn -0.2293 -0.9488 -0.2172
vn -0.0943 0.5589 0.8239
vn -0.0075 0.0544 0.9985
vn 0.0746 -0.4986 0.8636
vn -0.0081 0.5621 0.8271
vn 0.0016 0.0517 0.9987
vn -0.0130 -0.5035 0.8639
vn 0.0673 0.5466 0.8347
vn 0.0110 0.0470 0.9988
vn -0.0847 -0.4890 0.8682
vn 0.1895 0.4867 0.8528
vn 0.0293 0.0307 0.9991
vn -0.1752 -0.4448 0.8783
vn 0.2287 0.4593 0.8583
vn 0.0345 0.0231 0.9991
vn -0.1976 -0.4295 0.8812
vn 0.2539 0.4402 0.8612
vn 0.0373 0.0177 0.9991
vn -0.2111 -0.4203 0.8825
vn -0.1752 -0.4448 -0.8783
vn 0.0293 0.0307 -0.9991
vn 0.1896 0.4867 -0.8528
vn -0.1976 -0.4295 -0.8812
vn 0.0346 0.0231 -0.9991
vn 0.2287 0.4593 -0.8583
vn -0.2111 -0.4203 -0.8825
vn 0.0373 0.0177 -0.9991
vn 0.2539 0.4402 -0.8612
vn 0.3018 0.9226 -0.2402
vn 0.3054 0.9522 -0.0000
vn 0.3018 0.9226 0.2402
vn 0.3840 0.8901 -0.2453
vn 0.3913 0.9202 -0.0000
vn 0.3840 0.8901 0.2453
vn 0.4412 0.8626 -0.2474
vn 0.4515 0.8923 -0.0000
vn 0.4412 0.8626 0.2474
vn -0.7061 0.0421 -0.7068
vn -0.7043 0.0830 -0.7050
vn -0.7028 0.1059 -0.7035
vn -0.6229 0.0421 -0.7811
vn -0.6213 0.0830 -0.7791
vn -0.6200 0.1059 -0.7774
vn -0.5320 0.0421 -0.8457
vn -0.5306 0.0830 -0.8435
vn -0.5294 0.1059 -0.8417
vn -0.3268 0.1356 -0.9353
vn -0.2205 0.1355 -0.9659
vn -0.1114 0.1356 -0.9845
vn -0.3272 0.1264 -0.9365
vn -0.2207 0.1264 -0.9671
vn -0.1115 0.1264 -0.9857
vn -0.3274 0.1203 -0.9372
vn -0.2209 0.1203 -0.9679
vn -0.1116 0.1203 -0.9864
vn -0.9311 0.0685 -0.3584
vn -0.9349 0.0899 -0.3434
vn -0.9337 0.0926 -0.3459
vn -0.8914 0.0519 -0.4503
vn -0.8929 0.0856 -0.4421
vn -0.8908 0.1004 -0.4432
vn -0.8428 0.0444 -0.5365
vn -0.8420 0.0836 -0.5329
vn -0.8400 0.1045 -0.5325
vn -0.9870 0.1078 0.1189
vn -0.9885 0.1030 0.1108
vn -0.9904 0.0917 0.1038
vn -0.9935 0.1140 -0.0000
vn -0.9944 0.1060 -0.0000
vn -0.9954 0.0960 -0.0000
vn -0.9870 0.1078 -0.1189
vn -0.9885 0.1030 -0.1108
vn -0.9904 0.0917 -0.1038
vn -0.8428 0.0444 0.5365
vn -0.8420 0.0836 0.5329
vn -0.8400 0.1045 0.5325
vn -0.8914 0.0519 0.4503
vn -0.8929 0.0856 0.4421
vn -0.8908 0.1004 0.4432
vn -0.9311 0.0685 0.3584
vn -0.9349 0.0899 0.3434
vn -0.9337 0.0926 0.3459
vn -0.5320 0.0421 0.8457
vn -0.5306 0.0830 0.8435
vn -0.5294 0.1059 0.8417
vn -0.6229 0.0421 0.7811
vn -0.6213 0.0830 0.7791
vn -0.6200 0.1059 0.7774
vn -0.7061 0.0421 0.7068
vn -0.7043 0.0830 0.7050
vn -0.7028 0.1059 0.7035
vn -0.1123 0.0421 0.9928
vn -0.1121 0.0830 0.9902
vn -0.1118 0.1059 0.9881
vn -0.2223 0.0421 0.9741
vn -0.2218 0.0830 0.9716
vn -0.2213 0.1059 0.9694
vn -0.3295 0.0421 0.9432
vn -0.3287 0.0830 0.9408
vn -0.3280 0.1059 0.9387
vn 0.3295 0.0421 0.9432
vn 0.3287 0.0830 0.9408
vn 0.3280 0.1059 0.9387
vn 0.2223 0.0421 0.9741
vn 0.2218 0.0830 0.9716
vn 0.2213 0.1059 0.9694
vn 0.1123 0.0421 0.9928
vn 0.1121 0.0830 0.9902
vn 0.1118 0.1059 0.9881
vn 0.7061 0.0421 0.7068
vn 0.7043 0.0830 0.7050
vn 0.7028 0.1059 0.7035
vn 0.6229 0.0421 0.7811
vn 0.6213 0.0830 0.7791
vn 0.6200 0.1059 0.7774
vn 0.5320 0.0421 0.8457
vn 0.5306 0.0830 0.8435
vn 0.5294 0.1059 0.8417
vn 0.9429 0.0421 0.3304
vn 0.9405 0.0830 0.3296
vn 0.9384 0.1059 0.3289
vn 0.9002 0.0421 0.4335
vn 0.8979 0.0830 0.4324
vn 0.8959 0.1059 0.4314
vn 0.8462 0.0421 0.5311
vn 0.8441 0.0830 0.5298
vn 0.8422 0.1059 0.5286
vn 0.9929 0.0421 -0.1114
vn 0.9903 0.0830 -0.1111
vn 0.9882 0.1059 -0.1109
vn 0.9991 0.0421 -0.0000
vn 0.9965 0.0830 -0.0000
vn 0.9944 0.1059 -0.0000
vn 0.9929 0.0421 0.1114
vn 0.9903 0.0830 0.1111
vn 0.9882 0.1059 0.1109
vn 0.8462 0.0421 -0.5311
vn 0.8441 0.0830 -0.5298
vn 0.8422 0.1059 -0.5286
vn 0.9002 0.0421 -0.4335
vn 0.8979 0.0830 -0.4324
vn 0.8959 0.1059 -0.4314
vn 0.9429 0.0421 -0.3304
vn 0.9405 0.0830 -0.3296
vn 0.9384 0.1059 -0.3289
vn 0.5320 0.0421 -0.8457
vn 0.5306 0.0830 -0.8435
vn 0.5294 0.1059 -0.8417
vn 0.6229 0.0421 -0.7811
vn 0.6213 0.0830 -0.7791
vn 0.6200 0.1059 -0.7774
vn 0.7061 0.0421 -0.7068
vn 0.7043 0.0830 -0.7050
vn 0.7028 0.1059 -0.7035
vn 0.1123 0.0421 -0.9928
vn 0.1121 0.0830 -0.9902
vn 0.1118 0.1059 -0.9881
vn 0.2223 0.0421 -0.9741
vn 0.2218 0.0830 -0.9716
vn 0.2213 0.1059 -0.9694
vn 0.3295 0.0421 -0.9432
vn 0.3287 0.0830 -0.9408
vn 0.3280 0.1059 -0.9387
vn -0.9231 -0.0052 -0.3845
vn -0.7842 -0.1729 -0.5959
vn -0.4379 -0.3522 -0.8272
vn -0.8796 0.1199 -0.4604
vn -0.6702 0.0882 -0.7369
vn -0.2167 0.0427 -0.9753
vn -0.8774 0.2615 -0.4022
vn -0.6097 0.4001 -0.6842
vn -0.0269 0.4684 -0.8831
vn -0.4379 -0.3522 0.8272
vn -0.7842 -0.1729 0.5959
vn -0.9231 -0.0052 0.3845
vn -0.2167 0.0427 0.9753
vn -0.6702 0.0882 0.7370
vn -0.8796 0.1199 0.4604
vn -0.0269 0.4684 0.8831
vn -0.6097 0.4001 0.6843
vn -0.8774 0.2615 0.4022
vn 0.1891 0.9465 0.2615
vn -0.5523 0.8045 0.2187
vn -0.9186 0.3782 0.1146
vn 0.2107 0.9776 -0.0000
vn -0.5394 0.8420 -0.0000
vn -0.9292 0.3696 -0.0000
vn 0.1891 0.9465 -0.2615
vn -0.5523 0.8044 -0.2187
vn -0.9186 0.3782 -0.1146
vn -0.9934 -0.0573 0.0991
vn -0.9195 -0.3638 0.1490
vn -0.6742 -0.7059 0.2170
vn -0.9992 -0.0408 -0.0000
vn -0.9299 -0.3679 -0.0000
vn -0.6892 -0.7246 -0.0000
vn -0.9934 -0.0573 -0.0991
vn -0.9195 -0.3638 -0.1490
vn -0.6742 -0.7059 -0.2170
vt 0.125000 0.568877
vt 0.125000 0.592824
vt 0.107143 0.592824
vt 0.107143 0.568877
vt 0.125000 0.619142
vt 0.107143 0.619142
vt 0.089286 0.592824
vt 0.089286 0.568877
vt 0.089286 0.619142
vt 0.142857 0.546115
vt 0.142857 0.568877
vt 0.125000 0.546115
vt 0.142857 0.592824
vt 0.142857 0.619142
vt 0.142857 0.649015
vt 0.125000 0.649015
vt 0.107143 0.649015
vt 0.089286 0.649015
vt 0.071428 0.649015
vt 0.071428 0.619142
vt 0.071428 0.592824
vt 0.071428 0.568877
vt 0.089286 0.546115
vt 0.071428 0.546115
vt 0.107143 0.546115
vt 0.910714 0.920374
vt 0.910714 0.944413
vt 0.892857 0.944413
vt 0.892857 0.920374
vt 0.910714 0.965637
vt 0.892857 0.965637
vt 0.875000 0.944413
vt 0.875000 0.920374
vt 0.875000 0.965637
vt 0.928572 0.895468
vt 0.928572 0.920374
vt 0.910714 0.895468
vt 0.928571 0.944413
vt 0.928571 0.965637
vt 0.928571 0.982097
vt 0.910714 0.982097
vt 0.892857 0.982097
vt 0.875000 0.982097
vt 0.857143 0.982097
vt 0.857143 0.965637
vt 0.857143 0.944413
vt 0.857143 0.920374
vt 0.875000 0.895468
vt 0.857143 0.895468
vt 0.892857 0.895468
vt 0.839286 0.920374
vt 0.839286 0.944413
vt 0.821428 0.944413
vt 0.821429 0.920374
vt 0.839286 0.965637
vt 0.821428 0.965637
vt 0.803571 0.944413
vt 0.803571 0.920374
vt 0.803572 0.965637
vt 0.839286 0.895468
vt 0.839286 0.982097
vt 0.821429 0.982097
vt 0.803571 0.982097
vt 0.785714 0.982097
vt 0.785714 0.965637
vt 0.785714 0.944413
vt 0.785714 0.920374
vt 0.803571 0.895468
vt 0.785714 0.895468
vt 0.821429 0.895468
vt 0.767857 0.920374
vt 0.767857 0.944413
vt 0.750000 0.944413
vt 0.750000 0.920374
vt 0.767857 0.965637
vt 0.750000 0.965637
vt 0.732143 0.944413
vt 0.732143 0.920374
vt 0.732143 0.965637
vt 0.767857 0.895468
vt 0.767857 0.982097
vt 0.750000 0.982097
vt 0.732143 0.982097
vt 0.714286 0.982097
vt 0.714286 0.965637
vt 0.714286 0.944413
vt 0.714286 0.920374
vt 0.732143 0.895468
vt 0.714286 0.895468
vt 0.750000 0.895468
vt 0.696429 0.920374
vt 0.696429 0.944413
vt 0.678571 0.944413
vt 0.678571 0.920374
vt 0.696429 0.965637
vt 0.678571 0.965637
vt 0.660714 0.944413
vt 0.660714 0.920374
vt 0.660714 0.965637
vt 0.696428 0.895468
vt 0.696428 0.982097
vt 0.678571 0.982097
vt 0.660714 0.982097
vt 0.642857 0.982097
vt 0.642857 0.965637
vt 0.642857 0.944413
vt 0.642857 0.920374
vt 0.660714 0.895468
vt 0.642857 0.895468
vt 0.678571 0.895468
vt 0.625000 0.920374
vt 0.625000 0.944413
vt 0.607143 0.944413
vt 0.607143 0.920374
vt 0.625000 0.965637
vt 0.607143 0.965637
vt 0.589286 0.944413
vt 0.589286 0.920374
vt 0.589286 0.965637
vt 0.625000 0.895468
vt 0.625000 0.982097
vt 0.607143 0.982097
vt 0.589286 0.982097
vt 0.571428 0.982097
vt 0.571428 0.965637
vt 0.571428 0.944413
vt 0.571428 0.920374
vt 0.589286 0.895468
vt 0.571428 0.895468
vt 0.607143 0.895468
vt 0.553571 0.920374
vt 0.553571 0.944413
vt 0.535714 0.944413
vt 0.535714 0.920374
vt 0.553571 0.965637
vt 0.535714 0.965637
vt 0.517857 0.944413
vt 0.517857 0.920374
vt 0.517857 0.965637
vt 0.553571 0.895468
vt 0.553571 0.982097
vt 0.535714 0.982097
vt 0.517857 0.982097
vt 0.500000 0.982097
vt 0.500000 0.965637
vt 0.500000 0.944413
vt 0.500000 0.920374
vt 0.517857 0.895468
vt 0.500000 0.895468
vt 0.535714 0.895468
vt 0.482143 0.920374
vt 0.482143 0.944413
vt 0.464286 0.944413
vt 0.464286 0.920374
vt 0.482143 0.965637
vt 0.464286 0.965637
vt 0.446428 0.944413
vt 0.446428 0.920374
vt 0.446428 0.965637
vt 0.482143 0.895468
vt 0.482143 0.982097
vt 0.464286 0.982097
vt 0.446428 0.982097
vt 0.428571 0.982097
vt 0.428571 0.965637
vt 0.428571 0.944413
vt 0.428571 0.920374
vt 0.446428 0.895468
vt 0.428571 0.895468
vt 0.464286 0.895468
vt 0.410714 0.920374
vt 0.410714 0.944413
vt 0.392857 0.944413
vt 0.392857 0.920374
vt 0.410714 0.965637
vt 0.392857 0.965637
vt 0.375000 0.944413
vt 0.375000 0.920374
vt 0.375000 0.965637
vt 0.410714 0.895468
vt 0.410714 0.982097
vt 0.392857 0.982097
vt 0.375000 0.982097
vt 0.357143 0.982097
vt 0.357143 0.965637
vt 0.357143 0.944413
vt 0.357143 0.920374
vt 0.375000 0.895468
vt 0.357143 0.895468
vt 0.392857 0.895468
vt 0.339289 0.920352
vt 0.339286 0.944406
vt 0.321428 0.944353
vt 0.321459 0.920199
vt 0.339286 0.965636
vt 0.321428 0.965630
vt 0.303571 0.944233
vt 0.303637 0.919816
vt 0.303571 0.965615
vt 0.357143 0.920374
vt 0.339317 0.895436
vt 0.357143 0.944413
vt 0.357143 0.965637
vt 0.357143 0.982097
vt 0.339286 0.982097
vt 0.321428 0.982097
vt 0.303571 0.982097
vt 0.285714 0.982097
vt 0.285714 0.965600
vt 0.285714 0.944112
vt 0.285730 0.919335
vt 0.304315 0.894567
vt 0.285714 0.892580
vt 0.321676 0.895216
vt 0.267857 0.919171
vt 0.267857 0.944060
vt 0.250000 0.944052
vt 0.250000 0.919155
vt 0.267857 0.965593
vt 0.250000 0.965592
vt 0.232143 0.944060
vt 0.232143 0.919171
vt 0.232143 0.965593
vt 0.267857 0.892580
vt 0.267857 0.982097
vt 0.250000 0.982097
vt 0.232143 0.982097
vt 0.214286 0.982097
vt 0.214286 0.965600
vt 0.214286 0.944112
vt 0.214270 0.919335
vt 0.232143 0.892580
vt 0.214286 0.892580
vt 0.250000 0.892580
vt 0.196363 0.919816
vt 0.196428 0.944233
vt 0.178571 0.944353
vt 0.178540 0.920199
vt 0.196428 0.965615
vt 0.178571 0.965630
vt 0.160714 0.944406
vt 0.160710 0.920352
vt 0.160714 0.965636
vt 0.195684 0.894567
vt 0.196428 0.982097
vt 0.178571 0.982097
vt 0.160714 0.982097
vt 0.142857 0.982097
vt 0.142857 0.965637
vt 0.142857 0.944413
vt 0.142857 0.920374
vt 0.160683 0.895436
vt 0.142857 0.895468
vt 0.178323 0.895216
vt 0.125000 0.920374
vt 0.125000 0.944413
vt 0.107143 0.944413
vt 0.107143 0.920374
vt 0.125000 0.965637
vt 0.107143 0.965637
vt 0.089286 0.944413
vt 0.089286 0.920374
vt 0.089286 0.965637
vt 0.142857 0.895468
vt 0.142857 0.920374
vt 0.125000 0.895468
vt 0.142857 0.944413
vt 0.142857 0.965637
vt 0.142857 0.982097
vt 0.125000 0.982097
vt 0.107143 0.982097
vt 0.089286 0.982097
vt 0.071428 0.982097
vt 0.071428 0.965637
vt 0.071428 0.944413
vt 0.071428 0.920374
vt 0.089286 0.895468
vt 0.071428 0.895468
vt 0.107143 0.895468
vt 0.982143 0.822190
vt 0.982143 0.846947
vt 0.964286 0.846514
vt 0.964286 0.820461
vt 0.982143 0.870609
vt 0.964286 0.870937
vt 0.946429 0.846336
vt 0.946429 0.819804
vt 0.946429 0.871060
vt 1.000000 0.802486
vt 1.000000 0.825010
vt 0.982143 0.793644
vt 1.000000 0.847533
vt 1.000000 0.870057
vt 1.000000 0.892580
vt 0.982143 0.894595
vt 0.964286 0.895227
vt 0.946429 0.895438
vt 0.928572 0.895468
vt 0.928572 0.871077
vt 0.928572 0.846310
vt 0.928572 0.819710
vt 0.946429 0.789948
vt 0.928572 0.789816
vt 0.964286 0.790872
vt 0.910706 0.194046
vt 0.902063 0.176860
vt 0.901314 0.177314
vt 0.910358 0.194226
vt 0.892941 0.160067
vt 0.891707 0.160953
vt 0.899654 0.178202
vt 0.909291 0.194708
vt 0.889787 0.162211
vt 0.919162 0.211390
vt 0.910786 0.193997
vt 0.919162 0.211390
vt 0.902410 0.176604
vt 0.894033 0.159210
vt 0.885657 0.141817
vt 0.882449 0.144376
vt 0.880885 0.145623
vt 0.878974 0.147147
vt 0.875841 0.149645
vt 0.886419 0.164336
vt 0.896142 0.179911
vt 0.905937 0.195929
vt 0.919162 0.211390
vt 0.053571 0.619047
vt 0.035714 0.618384
vt 0.035714 0.592561
vt 0.053571 0.592791
vt 0.017857 0.616644
vt 0.017857 0.592001
vt 0.035714 0.568844
vt 0.053571 0.568873
vt 0.017857 0.568774
vt 0.053571 0.648884
vt 0.035714 0.647962
vt 0.017857 0.645196
vt -0.000000 0.636373
vt -0.000000 0.613808
vt -0.000000 0.591244
vt -0.000000 0.568679
vt -0.000000 0.546115
vt 0.017857 0.546115
vt 0.035714 0.546115
vt 0.053571 0.546115
vt 0.071428 0.592824
vt 0.910714 0.819710
vt 0.910714 0.846310
vt 0.892857 0.846310
vt 0.892857 0.819710
vt 0.910714 0.871077
vt 0.892857 0.871077
vt 0.875000 0.846310
vt 0.875000 0.819710
vt 0.875000 0.871077
vt 0.928571 0.789816
vt 0.928572 0.819710
vt 0.910714 0.789816
vt 0.928571 0.846310
vt 0.928572 0.871077
vt 0.857143 0.871077
vt 0.857143 0.846310
vt 0.857143 0.819710
vt 0.875000 0.789816
vt 0.857143 0.789816
vt 0.892857 0.789816
vt 0.839286 0.819710
vt 0.839286 0.846310
vt 0.821428 0.846310
vt 0.821429 0.819710
vt 0.839286 0.871077
vt 0.821428 0.871077
vt 0.803571 0.846310
vt 0.803571 0.819710
vt 0.803572 0.871077
vt 0.839286 0.789816
vt 0.785714 0.871077
vt 0.785714 0.846310
vt 0.785714 0.819710
vt 0.803571 0.789816
vt 0.785714 0.789816
vt 0.821429 0.789816
vt 0.767857 0.819710
vt 0.767857 0.846310
vt 0.750000 0.846310
vt 0.750000 0.819710
vt 0.767857 0.871077
vt 0.750000 0.871077
vt 0.732143 0.846310
vt 0.732143 0.819710
vt 0.732143 0.871077
vt 0.767857 0.789816
vt 0.714286 0.871077
vt 0.714286 0.846310
vt 0.714286 0.819710
vt 0.732143 0.789816
vt 0.714286 0.789816
vt 0.750000 0.789816
vt 0.696428 0.819710
vt 0.696429 0.846310
vt 0.678571 0.846310
vt 0.678571 0.819710
vt 0.696429 0.871077
vt 0.678571 0.871077
vt 0.660714 0.846310
vt 0.660714 0.819710
vt 0.660714 0.871077
vt 0.696428 0.789816
vt 0.642857 0.871077
vt 0.642857 0.846310
vt 0.642857 0.819710
vt 0.660714 0.789816
vt 0.642857 0.789816
vt 0.678571 0.789816
vt 0.625000 0.819710
vt 0.625000 0.846310
vt 0.607143 0.846310
vt 0.607143 0.819710
vt 0.625000 0.871077
vt 0.607143 0.871077
vt 0.589286 0.846310
vt 0.589286 0.819710
vt 0.589286 0.871077
vt 0.625000 0.789816
vt 0.571428 0.871077
vt 0.571428 0.846310
vt 0.571428 0.819710
vt 0.589286 0.789816
vt 0.571428 0.789816
vt 0.607143 0.789816
vt 0.553571 0.819710
vt 0.553571 0.846310
vt 0.535714 0.846310
vt 0.535714 0.819710
vt 0.553571 0.871077
vt 0.535714 0.871077
vt 0.517857 0.846310
vt 0.517857 0.819710
vt 0.517857 0.871077
vt 0.553571 0.789816
vt 0.500000 0.871077
vt 0.500000 0.846310
vt 0.500000 0.819710
vt 0.517857 0.789816
vt 0.500000 0.789816
vt 0.535714 0.789816
vt 0.482143 0.819710
vt 0.482143 0.846310
vt 0.464286 0.846310
vt 0.464286 0.819710
vt 0.482143 0.871077
vt 0.464286 0.871077
vt 0.446428 0.846310
vt 0.446428 0.819710
vt 0.446428 0.871077
vt 0.482143 0.789816
vt 0.428571 0.871077
vt 0.428571 0.846310
vt 0.428571 0.819710
vt 0.446428 0.789816
vt 0.428571 0.789816
vt 0.464286 0.789816
vt 0.410714 0.819710
vt 0.410714 0.846310
vt 0.392857 0.846310
vt 0.392857 0.819710
vt 0.410714 0.871077
vt 0.392857 0.871077
vt 0.375000 0.846310
vt 0.375000 0.819710
vt 0.375000 0.871077
vt 0.410714 0.789816
vt 0.357143 0.871077
vt 0.357143 0.846310
vt 0.357143 0.819710
vt 0.375000 0.789816
vt 0.357143 0.789816
vt 0.392857 0.789816
vt 0.339375 0.819800
vt 0.339410 0.846330
vt 0.322420 0.846468
vt 0.322141 0.820428
vt 0.339375 0.871055
vt 0.322141 0.870904
vt 0.307168 0.846754
vt 0.306218 0.822001
vt 0.306218 0.870494
vt 0.357143 0.819710
vt 0.339317 0.789947
vt 0.357143 0.846310
vt 0.357143 0.871077
vt 0.293914 0.869785
vt 0.295635 0.846867
vt 0.293914 0.823880
vt 0.304315 0.793577
vt 0.285714 0.802486
vt 0.321676 0.790861
vt 0.193782 0.822001
vt 0.192832 0.846754
vt 0.177579 0.846468
vt 0.177858 0.820428
vt 0.193782 0.870494
vt 0.177858 0.870904
vt 0.160590 0.846330
vt 0.160625 0.819799
vt 0.160625 0.871055
vt 0.214286 0.802486
vt 0.206086 0.823880
vt 0.195684 0.793577
vt 0.204365 0.846866
vt 0.206086 0.869784
vt 0.142857 0.871077
vt 0.142857 0.846310
vt 0.142857 0.819710
vt 0.160683 0.789947
vt 0.142857 0.789816
vt 0.178323 0.790860
vt 0.053571 0.965770
vt 0.035714 0.966702
vt 0.035714 0.944726
vt 0.053571 0.944452
vt 0.017857 0.969151
vt 0.017857 0.945391
vt 0.035714 0.920247
vt 0.053571 0.920358
vt 0.017857 0.919949
vt 0.071428 0.982097
vt 0.053571 0.982283
vt 0.071428 0.965637
vt 0.035714 0.983589
vt 0.017857 0.987505
vt -0.000000 1.000000
vt -0.000000 0.973145
vt -0.000000 0.946290
vt -0.000000 0.919435
vt -0.000000 0.892580
vt 0.017857 0.894596
vt 0.035714 0.895227
vt 0.053571 0.895438
vt 0.071428 0.895468
vt 0.071428 0.944413
vt 0.982143 0.919949
vt 0.982143 0.945391
vt 0.964286 0.944726
vt 0.964286 0.920247
vt 0.982143 0.969151
vt 0.964286 0.966702
vt 0.946429 0.944452
vt 0.946429 0.920358
vt 0.946429 0.965770
vt 1.000000 0.919435
vt 1.000000 0.946290
vt 1.000000 0.973145
vt 1.000000 1.000000
vt 0.982143 0.987505
vt 0.964286 0.983589
vt 0.946429 0.982283
vt 0.928572 0.982097
vt 0.928572 0.965637
vt 0.928572 0.944413
vt 0.982143 0.568774
vt 0.982143 0.592001
vt 0.964286 0.592561
vt 0.964286 0.568844
vt 0.982143 0.616644
vt 0.964286 0.618384
vt 0.946429 0.592791
vt 0.946429 0.568873
vt 0.946429 0.619047
vt 1.000000 0.546115
vt 1.000000 0.568679
vt 0.982143 0.546115
vt 1.000000 0.591244
vt 1.000000 0.613808
vt 1.000000 0.636373
vt 0.982143 0.645196
vt 0.964286 0.647962
vt 0.946429 0.648884
vt 0.928572 0.649015
vt 0.928572 0.619142
vt 0.928572 0.592824
vt 0.928572 0.568877
vt 0.946429 0.546115
vt 0.928571 0.546115
vt 0.964286 0.546115
vt 0.053571 0.755901
vt 0.035714 0.756536
vt 0.035714 0.719427
vt 0.053571 0.719426
vt 0.017857 0.758211
vt 0.017857 0.719428
vt 0.035714 0.682312
vt 0.053571 0.682946
vt 0.017857 0.680642
vt 0.071428 0.789816
vt 0.053571 0.789948
vt 0.071428 0.755810
vt 0.035714 0.790872
vt 0.017857 0.793644
vt -0.000000 0.802486
vt -0.000000 0.760958
vt -0.000000 0.719429
vt -0.000000 0.677901
vt 0.071428 0.683037
vt 0.071428 0.719426
vt 0.910715 0.568877
vt 0.910714 0.592824
vt 0.892857 0.592824
vt 0.892857 0.568877
vt 0.910714 0.619142
vt 0.892857 0.619142
vt 0.875000 0.592824
vt 0.875000 0.568877
vt 0.875000 0.619142
vt 0.910714 0.546115
vt 0.910714 0.649015
vt 0.892857 0.649015
vt 0.875000 0.649015
vt 0.857143 0.649015
vt 0.857143 0.619142
vt 0.857143 0.592824
vt 0.857143 0.568877
vt 0.875000 0.546115
vt 0.857143 0.546115
vt 0.892857 0.546115
vt 0.839286 0.568877
vt 0.839286 0.592824
vt 0.821429 0.592824
vt 0.821429 0.568877
vt 0.839286 0.619142
vt 0.821429 0.619142
vt 0.803571 0.592824
vt 0.803571 0.568877
vt 0.803571 0.619142
vt 0.839286 0.546115
vt 0.839286 0.649015
vt 0.821429 0.649015
vt 0.803571 0.649015
vt 0.785714 0.649015
vt 0.785714 0.619142
vt 0.785714 0.592824
vt 0.785714 0.568877
vt 0.803572 0.546115
vt 0.785714 0.546115
vt 0.821429 0.546115
vt 0.767857 0.568877
vt 0.767857 0.592824
vt 0.750000 0.592824
vt 0.750000 0.568877
vt 0.767857 0.619142
vt 0.750000 0.619142
vt 0.732143 0.592824
vt 0.732143 0.568877
vt 0.732143 0.619142
vt 0.767857 0.546115
vt 0.767857 0.649015
vt 0.750000 0.649015
vt 0.732143 0.649015
vt 0.714286 0.649015
vt 0.714286 0.619142
vt 0.714286 0.592824
vt 0.714286 0.568877
vt 0.732143 0.546115
vt 0.714286 0.546115
vt 0.750000 0.546115
vt 0.696429 0.568877
vt 0.696429 0.592824
vt 0.678571 0.592824
vt 0.678571 0.568877
vt 0.696428 0.619142
vt 0.678571 0.619142
vt 0.660714 0.592824
vt 0.660714 0.568877
vt 0.660714 0.619142
vt 0.696429 0.546115
vt 0.696429 0.649015
vt 0.678571 0.649015
vt 0.660714 0.649015
vt 0.642857 0.649015
vt 0.642857 0.619142
vt 0.642857 0.592824
vt 0.642857 0.568877
vt 0.660714 0.546115
vt 0.642857 0.546115
vt 0.678571 0.546115
vt 0.625000 0.568877
vt 0.625000 0.592824
vt 0.607143 0.592824
vt 0.607143 0.568877
vt 0.625000 0.619142
vt 0.607143 0.619142
vt 0.589286 0.592824
vt 0.589286 0.568877
vt 0.589286 0.619142
vt 0.625000 0.546115
vt 0.625000 0.649015
vt 0.607143 0.649015
vt 0.589286 0.649015
vt 0.571428 0.649015
vt 0.571428 0.619142
vt 0.571428 0.592824
vt 0.571428 0.568877
vt 0.589286 0.546115
vt 0.571428 0.546115
vt 0.607143 0.546115
vt 0.553571 0.568877
vt 0.553571 0.592824
vt 0.535714 0.592824
vt 0.535714 0.568877
vt 0.553571 0.619142
vt 0.535714 0.619142
vt 0.517857 0.592824
vt 0.517857 0.568877
vt 0.517857 0.619142
vt 0.553571 0.546115
vt 0.553571 0.649015
vt 0.535714 0.649015
vt 0.517857 0.649015
vt 0.500000 0.649015
vt 0.500000 0.619142
vt 0.500000 0.592824
vt 0.500000 0.568877
vt 0.517857 0.546115
vt 0.500000 0.546115
vt 0.535714 0.546115
vt 0.482143 0.568877
vt 0.482143 0.592824
vt 0.464286 0.592824
vt 0.464286 0.568877
vt 0.482143 0.619142
vt 0.464286 0.619142
vt 0.446429 0.592824
vt 0.446428 0.568877
vt 0.446428 0.619142
vt 0.482143 0.546115
vt 0.482143 0.649015
vt 0.464286 0.649015
vt 0.446429 0.649015
vt 0.428571 0.649015
vt 0.428571 0.619142
vt 0.428571 0.592824
vt 0.428571 0.568877
vt 0.446429 0.546115
vt 0.428571 0.546115
vt 0.464286 0.546115
vt 0.410714 0.568877
vt 0.410714 0.592824
vt 0.392857 0.592824
vt 0.392857 0.568877
vt 0.410714 0.619142
vt 0.392857 0.619142
vt 0.375000 0.592824
vt 0.375000 0.568877
vt 0.375000 0.619142
vt 0.410714 0.546115
vt 0.410714 0.649015
vt 0.392857 0.649015
vt 0.375000 0.649015
vt 0.357143 0.649015
vt 0.357143 0.619142
vt 0.357143 0.592824
vt 0.357143 0.568877
vt 0.375000 0.546115
vt 0.357143 0.546115
vt 0.392857 0.546115
vt 0.339286 0.568873
vt 0.339286 0.592791
vt 0.321428 0.592561
vt 0.321428 0.568844
vt 0.339286 0.619047
vt 0.321428 0.618385
vt 0.303571 0.592001
vt 0.303571 0.568774
vt 0.303571 0.616644
vt 0.339286 0.546115
vt 0.339286 0.648884
vt 0.321428 0.647962
vt 0.303571 0.645213
vt 0.285714 0.636373
vt 0.285714 0.613808
vt 0.285714 0.591244
vt 0.285714 0.568679
vt 0.303571 0.546115
vt 0.285714 0.546115
vt 0.321428 0.546115
vt 0.214286 0.611661
vt 0.214286 0.589812
vt 0.214286 0.588381
vt 0.214286 0.609514
vt 0.214286 0.567963
vt 0.214286 0.567248
vt 0.214286 0.586950
vt 0.214286 0.607367
vt 0.214286 0.566532
vt 0.214286 0.636373
vt 0.214286 0.613808
vt 0.214286 0.633510
vt 0.214286 0.591244
vt 0.214286 0.568679
vt 0.214286 0.546115
vt 0.214286 0.546115
vt 0.214286 0.565816
vt 0.214286 0.585518
vt 0.214286 0.605220
vt 0.214286 0.627784
vt 0.214286 0.624922
vt 0.214286 0.630647
vt 0.193848 0.568778
vt 0.192832 0.592034
vt 0.177579 0.592561
vt 0.177889 0.568844
vt 0.193782 0.616714
vt 0.177858 0.618384
vt 0.160590 0.592791
vt 0.160629 0.568873
vt 0.160625 0.619047
vt 0.214286 0.546115
vt 0.206101 0.568712
vt 0.196428 0.546115
vt 0.204365 0.591507
vt 0.206086 0.614598
vt 0.214286 0.636373
vt 0.195684 0.645229
vt 0.178323 0.647962
vt 0.160683 0.648884
vt 0.160714 0.546115
vt 0.178571 0.546115
vt 0.125000 0.819710
vt 0.125000 0.846310
vt 0.107143 0.846310
vt 0.107143 0.819710
vt 0.125000 0.871077
vt 0.107143 0.871077
vt 0.089286 0.846310
vt 0.089286 0.819710
vt 0.089286 0.871077
vt 0.142857 0.789816
vt 0.142857 0.819710
vt 0.125000 0.789816
vt 0.142857 0.871077
vt 0.071428 0.871077
vt 0.071428 0.846310
vt 0.071428 0.819710
vt 0.089286 0.789816
vt 0.071428 0.789816
vt 0.107143 0.789816
vt 0.812416 0.428011
vt 0.791870 0.433446
vt 0.796194 0.452390
vt 0.818748 0.446212
vt 0.771001 0.437464
vt 0.773193 0.456609
vt 0.800678 0.472035
vt 0.825604 0.465545
vt 0.775405 0.477002
vt 0.825284 0.406329
vt 0.806463 0.410625
vt 0.832105 0.420492
vt 0.787642 0.414921
vt 0.768821 0.419216
vt 0.750000 0.423512
vt 0.750000 0.439232
vt 0.750000 0.458222
vt 0.750000 0.479273
vt 0.750000 0.504712
vt 0.777629 0.498405
vt 0.805258 0.492099
vt 0.832886 0.485793
vt 0.849478 0.456568
vt 0.860515 0.479487
vt 0.840344 0.437601
vt 0.883471 0.383301
vt 0.867318 0.397112
vt 0.879433 0.412304
vt 0.897073 0.396952
vt 0.850259 0.409787
vt 0.860541 0.426086
vt 0.891997 0.428058
vt 0.911638 0.411396
vt 0.871382 0.443499
vt 0.885657 0.358183
vt 0.870564 0.370220
vt 0.897947 0.367984
vt 0.855471 0.382256
vt 0.840377 0.394293
vt 0.882672 0.461818
vt 0.904828 0.444149
vt 0.926985 0.426479
vt 0.929253 0.392950
vt 0.949141 0.408810
vt 0.912794 0.379824
vt 0.928090 0.312189
vt 0.919529 0.331641
vt 0.937037 0.340072
vt 0.946268 0.318586
vt 0.909659 0.350462
vt 0.925994 0.360686
vt 0.955191 0.348815
vt 0.965658 0.325281
vt 0.943317 0.371671
vt 0.919162 0.288610
vt 0.910786 0.306003
vt 0.934488 0.292108
vt 0.902410 0.323397
vt 0.894033 0.340790
vt 0.961437 0.383277
vt 0.973734 0.357744
vt 0.986030 0.332212
vt 0.973525 0.301018
vt 0.998325 0.306679
vt 0.953001 0.296334
vt 0.937437 0.228760
vt 0.938163 0.250000
vt 0.957595 0.250000
vt 0.956590 0.226637
vt 0.937437 0.271240
vt 0.956590 0.273364
vt 0.977745 0.250000
vt 0.976964 0.224255
vt 0.976964 0.275745
vt 0.919162 0.230695
vt 0.934488 0.207892
vt 0.919162 0.250000
vt 0.919162 0.269305
vt 0.998326 0.278339
vt 0.998326 0.250000
vt 0.998325 0.221661
vt 0.973525 0.198982
vt 0.998325 0.193321
vt 0.953001 0.203666
vt 0.909659 0.149538
vt 0.919529 0.168359
vt 0.937037 0.159928
vt 0.925994 0.139314
vt 0.928090 0.187811
vt 0.946268 0.181414
vt 0.955191 0.151185
vt 0.943317 0.128329
vt 0.965658 0.174719
vt 0.885657 0.141817
vt 0.897947 0.132016
vt 0.986029 0.167789
vt 0.973733 0.142256
vt 0.961437 0.116723
vt 0.929253 0.107050
vt 0.949141 0.091190
vt 0.912794 0.120176
vt 0.850259 0.090213
vt 0.867318 0.102888
vt 0.879433 0.087696
vt 0.860541 0.073914
vt 0.883471 0.116699
vt 0.897073 0.103048
vt 0.891997 0.071942
vt 0.871382 0.056501
vt 0.911638 0.088604
vt 0.825284 0.093671
vt 0.840377 0.105708
vt 0.832105 0.079508
vt 0.855471 0.117744
vt 0.870564 0.129781
vt 0.926985 0.073521
vt 0.904828 0.055851
vt 0.882672 0.038182
vt 0.849478 0.043432
vt 0.860515 0.020513
vt 0.840344 0.062399
vt 0.771001 0.062537
vt 0.791870 0.066555
vt 0.796194 0.047610
vt 0.773193 0.043391
vt 0.812416 0.071989
vt 0.818749 0.053788
vt 0.800678 0.027965
vt 0.775405 0.022998
vt 0.825604 0.034455
vt 0.750000 0.076488
vt 0.768821 0.080784
vt 0.750000 0.060768
vt 0.787642 0.085080
vt 0.806463 0.089375
vt 0.832886 0.014207
vt 0.805258 0.007901
vt 0.777629 0.001595
vt 0.750000 0.020727
vt 0.750000 -0.004712
vt 0.750000 0.041778
vt 0.687584 0.071989
vt 0.708130 0.066555
vt 0.703806 0.047610
vt 0.681252 0.053788
vt 0.728999 0.062536
vt 0.726807 0.043391
vt 0.699322 0.027965
vt 0.674396 0.034455
vt 0.724595 0.022998
vt 0.674716 0.093671
vt 0.693537 0.089375
vt 0.667895 0.079508
vt 0.712358 0.085080
vt 0.731179 0.080784
vt 0.722371 0.001595
vt 0.694743 0.007901
vt 0.667114 0.014207
vt 0.650522 0.043432
vt 0.639485 0.020513
vt 0.659656 0.062399
vt 0.616529 0.116699
vt 0.632682 0.102888
vt 0.620567 0.087696
vt 0.602927 0.103048
vt 0.649741 0.090213
vt 0.639459 0.073914
vt 0.608003 0.071942
vt 0.588362 0.088604
vt 0.628618 0.056501
vt 0.614343 0.141817
vt 0.629436 0.129781
vt 0.602053 0.132016
vt 0.644529 0.117744
vt 0.659623 0.105708
vt 0.617328 0.038182
vt 0.595172 0.055851
vt 0.573015 0.073521
vt 0.570747 0.107050
vt 0.550858 0.091190
vt 0.587206 0.120176
vt 0.571910 0.187811
vt 0.580471 0.168359
vt 0.562963 0.159928
vt 0.553732 0.181414
vt 0.590341 0.149538
vt 0.574006 0.139314
vt 0.544809 0.151185
vt 0.534342 0.174719
vt 0.556683 0.128329
vt 0.580838 0.211390
vt 0.589215 0.193997
vt 0.565513 0.207892
vt 0.597591 0.176603
vt 0.605967 0.159210
vt 0.538563 0.116723
vt 0.526267 0.142256
vt 0.513971 0.167789
vt 0.526475 0.198982
vt 0.501675 0.193321
vt 0.546999 0.203666
vt 0.562563 0.271240
vt 0.561837 0.250000
vt 0.542405 0.250000
vt 0.543410 0.273364
vt 0.562563 0.228760
vt 0.543410 0.226637
vt 0.522255 0.250000
vt 0.523036 0.275745
vt 0.523036 0.224255
vt 0.580838 0.288610
vt 0.580838 0.269305
vt 0.565513 0.292108
vt 0.580838 0.250000
vt 0.580838 0.230695
vt 0.501675 0.221661
vt 0.501675 0.250000
vt 0.501675 0.278339
vt 0.526475 0.301018
vt 0.501675 0.306679
vt 0.546999 0.296334
vt 0.590341 0.350462
vt 0.580471 0.331641
vt 0.562963 0.340072
vt 0.574006 0.360686
vt 0.571910 0.312189
vt 0.553732 0.318586
vt 0.544809 0.348815
vt 0.556683 0.371671
vt 0.534342 0.325281
vt 0.614343 0.358183
vt 0.605967 0.340790
vt 0.602053 0.367984
vt 0.597591 0.323397
vt 0.589215 0.306003
vt 0.513971 0.332212
vt 0.526267 0.357744
vt 0.538563 0.383277
vt 0.570747 0.392950
vt 0.550858 0.408810
vt 0.587206 0.379824
vt 0.649741 0.409787
vt 0.632682 0.397112
vt 0.620567 0.412304
vt 0.639459 0.426086
vt 0.616529 0.383301
vt 0.602927 0.396952
vt 0.608003 0.428058
vt 0.628618 0.443499
vt 0.588362 0.411396
vt 0.674716 0.406329
vt 0.659623 0.394292
vt 0.667895 0.420492
vt 0.644530 0.382256
vt 0.629436 0.370219
vt 0.573015 0.426479
vt 0.595172 0.444149
vt 0.617328 0.461818
vt 0.650522 0.456568
vt 0.639485 0.479487
vt 0.659656 0.437601
vt 0.728999 0.437464
vt 0.708130 0.433445
vt 0.703806 0.452390
vt 0.726807 0.456609
vt 0.687584 0.428011
vt 0.681252 0.446212
vt 0.699322 0.472035
vt 0.724595 0.477002
vt 0.674397 0.465545
vt 0.731179 0.419216
vt 0.712358 0.414921
vt 0.693537 0.410625
vt 0.667114 0.485793
vt 0.694743 0.492099
vt 0.722371 0.498405
vt 0.750000 0.331704
vt 0.764684 0.314336
vt 0.750000 0.250000
vt 0.735316 0.314336
vt 0.785450 0.323613
vt 0.791144 0.301593
vt 0.764684 0.314336
vt 0.813879 0.300942
vt 0.809455 0.278632
vt 0.791144 0.301593
vt 0.829656 0.268181
vt 0.815990 0.250000
vt 0.809455 0.278632
vt 0.829656 0.231819
vt 0.809455 0.221368
vt 0.815990 0.250000
vt 0.813879 0.199058
vt 0.791144 0.198407
vt 0.809455 0.221368
vt 0.785450 0.176387
vt 0.764684 0.185664
vt 0.791144 0.198407
vt 0.750000 0.168296
vt 0.735316 0.185664
vt 0.714550 0.176387
vt 0.708856 0.198407
vt 0.735316 0.185664
vt 0.686121 0.199058
vt 0.690545 0.221368
vt 0.708856 0.198407
vt 0.670345 0.231819
vt 0.684010 0.250000
vt 0.690545 0.221368
vt 0.670344 0.268181
vt 0.690545 0.278632
vt 0.684010 0.250000
vt 0.686121 0.300942
vt 0.708856 0.301593
vt 0.714550 0.323613
vt 0.735316 0.314336
vt 0.750000 0.365203
vt 0.758990 0.356223
vt 0.741010 0.356223
vt 0.772437 0.348301
vt 0.727564 0.348300
vt 0.799985 0.353794
vt 0.804188 0.341803
vt 0.787989 0.349605
vt 0.812866 0.328831
vt 0.840069 0.321828
vt 0.838654 0.309201
vt 0.827444 0.323258
vt 0.840843 0.293748
vt 0.862315 0.275635
vt 0.855561 0.264872
vt 0.851560 0.282402
vt 0.850829 0.250000
vt 0.840843 0.293748
vt 0.862315 0.224365
vt 0.851560 0.217599
vt 0.855561 0.235128
vt 0.840843 0.206252
vt 0.840069 0.178172
vt 0.827444 0.176742
vt 0.838654 0.190800
vt 0.812866 0.171169
vt 0.840843 0.206252
vt 0.799985 0.146206
vt 0.787989 0.150396
vt 0.804188 0.158197
vt 0.772437 0.151700
vt 0.812866 0.171169
vt 0.750000 0.134797
vt 0.741010 0.143777
vt 0.758990 0.143777
vt 0.727564 0.151700
vt 0.772437 0.151700
vt 0.700015 0.146206
vt 0.695812 0.158197
vt 0.712011 0.150396
vt 0.687135 0.171169
vt 0.727564 0.151700
vt 0.659931 0.178172
vt 0.661346 0.190800
vt 0.672557 0.176742
vt 0.659157 0.206252
vt 0.637686 0.224365
vt 0.644440 0.235128
vt 0.648440 0.217599
vt 0.649172 0.250000
vt 0.637686 0.275635
vt 0.648440 0.282402
vt 0.644440 0.264872
vt 0.659157 0.293748
vt 0.649172 0.250000
vt 0.659931 0.321828
vt 0.672557 0.323258
vt 0.661346 0.309201
vt 0.687135 0.328831
vt 0.659157 0.293748
vt 0.700015 0.353794
vt 0.712011 0.349605
vt 0.695812 0.341803
vt 0.727564 0.348300
vt 0.630470 0.369347
vt 0.645102 0.381410
vt 0.645162 0.381421
vt 0.630821 0.369074
vt 0.660686 0.392127
vt 0.660569 0.392387
vt 0.644935 0.381742
vt 0.630426 0.369407
vt 0.660212 0.393109
vt 0.629755 0.369916
vt 0.617427 0.355723
vt 0.644933 0.381537
vt 0.660683 0.392106
vt 0.677201 0.401168
vt 0.677175 0.401222
vt 0.676994 0.401598
vt 0.676450 0.402727
vt 0.629436 0.370220
vt 0.617422 0.355728
vt 0.618075 0.355207
vt 0.869485 0.130655
vt 0.855144 0.118025
vt 0.854534 0.118654
vt 0.868347 0.131661
vt 0.840311 0.105774
vt 0.840059 0.106074
vt 0.853299 0.120075
vt 0.866693 0.133252
vt 0.839352 0.107006
vt 0.870564 0.129781
vt 0.840378 0.105708
vt 0.825284 0.093671
vt 0.837415 0.110004
vt 0.850852 0.123118
vt 0.863872 0.136063
vt 0.694567 0.408399
vt 0.712662 0.413588
vt 0.712617 0.413786
vt 0.694437 0.408682
vt 0.731217 0.416764
vt 0.731211 0.417076
vt 0.712507 0.414268
vt 0.694094 0.409424
vt 0.731198 0.417893
vt 0.694586 0.408358
vt 0.712669 0.413560
vt 0.731218 0.416719
vt 0.750000 0.417784
vt 0.750000 0.417844
vt 0.750000 0.418262
vt 0.750000 0.419515
vt 0.731179 0.419216
vt 0.806449 0.089447
vt 0.787636 0.085436
vt 0.787642 0.085557
vt 0.806463 0.089435
vt 0.768820 0.082059
vt 0.768821 0.082514
vt 0.787642 0.085408
vt 0.806463 0.089416
vt 0.768821 0.082026
vt 0.806308 0.089713
vt 0.787590 0.085306
vt 0.768815 0.081155
vt 0.750000 0.080433
vt 0.750000 0.081261
vt 0.750000 0.080426
vt 0.768821 0.080784
vt 0.806463 0.089375
vt 0.731197 0.082063
vt 0.712500 0.085703
vt 0.712565 0.085987
vt 0.731205 0.082568
vt 0.694076 0.090535
vt 0.694288 0.090994
vt 0.712501 0.085703
vt 0.731197 0.082063
vt 0.694076 0.090535
vt 0.712358 0.085080
vt 0.693537 0.089375
vt 0.674716 0.093671
vt 0.676428 0.097226
vt 0.676787 0.097972
vt 0.676425 0.097219
vt 0.693537 0.089375
vt 0.768820 0.416841
vt 0.787636 0.414206
vt 0.787642 0.414324
vt 0.768821 0.417143
vt 0.806449 0.410509
vt 0.806463 0.410550
vt 0.787642 0.414577
vt 0.768821 0.417932
vt 0.806463 0.410582
vt 0.768815 0.416787
vt 0.787590 0.414097
vt 0.806308 0.410213
vt 0.825284 0.406329
vt 0.825284 0.406329
vt 0.825284 0.406329
vt 0.806463 0.410625
vt 0.768821 0.419216
vt 0.660177 0.106856
vt 0.644690 0.118062
vt 0.644737 0.118174
vt 0.660373 0.107267
vt 0.629480 0.129839
vt 0.629462 0.129834
vt 0.644672 0.118040
vt 0.660161 0.106826
vt 0.629454 0.129818
vt 0.659790 0.106039
vt 0.644675 0.117926
vt 0.629723 0.130017
vt 0.614343 0.141817
vt 0.614343 0.141817
vt 0.614343 0.141817
vt 0.629436 0.129781
vt 0.659623 0.105708
vt 0.840311 0.394226
vt 0.855144 0.381975
vt 0.854534 0.381346
vt 0.840059 0.393927
vt 0.869485 0.369345
vt 0.868347 0.368340
vt 0.853299 0.379925
vt 0.839352 0.392994
vt 0.866693 0.366748
vt 0.825284 0.406329
vt 0.840377 0.394293
vt 0.855471 0.382256
vt 0.870564 0.370220
vt 0.885657 0.358183
vt 0.882449 0.355624
vt 0.880885 0.354377
vt 0.878974 0.352853
vt 0.875841 0.350355
vt 0.863872 0.363937
vt 0.850852 0.376882
vt 0.837415 0.389996
vt 0.606011 0.159232
vt 0.597655 0.176635
vt 0.598107 0.176852
vt 0.606322 0.159381
vt 0.589259 0.194018
vt 0.589570 0.194168
vt 0.599487 0.177517
vt 0.607320 0.159905
vt 0.590602 0.194622
vt 0.597591 0.176604
vt 0.589215 0.193997
vt 0.580838 0.211390
vt 0.580838 0.211390
vt 0.593948 0.195838
vt 0.602943 0.179181
vt 0.610358 0.161763
vt 0.892941 0.339933
vt 0.902063 0.323140
vt 0.901314 0.322686
vt 0.891707 0.339047
vt 0.910706 0.305954
vt 0.910358 0.305775
vt 0.899654 0.321798
vt 0.889787 0.337789
vt 0.909291 0.305292
vt 0.919162 0.288610
vt 0.919162 0.288610
vt 0.905937 0.304071
vt 0.896142 0.320089
vt 0.886419 0.335664
vt 0.580878 0.230686
vt 0.581158 0.249927
vt 0.581304 0.249894
vt 0.580896 0.230682
vt 0.582049 0.269029
vt 0.582525 0.268920
vt 0.582049 0.269029
vt 0.580838 0.230695
vt 0.580838 0.250000
vt 0.580839 0.269305
vt 0.580838 0.288610
vt 0.584677 0.287734
vt 0.585492 0.287548
vt 0.584678 0.287734
vt 0.580838 0.269305
vt 0.580838 0.230695
vt 0.580838 0.211390
vt 0.919129 0.269298
vt 0.919133 0.250000
vt 0.919162 0.250000
vt 0.919162 0.269305
vt 0.919129 0.230702
vt 0.919162 0.230695
vt 0.919162 0.269305
vt 0.919162 0.230695
vt 0.918798 0.269229
vt 0.918929 0.250000
vt 0.918798 0.230771
vt 0.919162 0.230695
vt 0.590457 0.305701
vt 0.598167 0.323119
vt 0.598429 0.322993
vt 0.590948 0.305581
vt 0.606978 0.340006
vt 0.607378 0.339698
vt 0.590457 0.305701
vt 0.606978 0.340006
vt 0.589215 0.306003
vt 0.597591 0.323397
vt 0.605967 0.340790
vt 0.589215 0.306003
vt 0.590948 0.305581
vt 0.606978 0.340006
vt 0.607378 0.339698
vt 0.617422 0.355728
vt 0.618075 0.355207
vt 0.584677 0.287734
vt 0.585492 0.287548
vt 0.917868 0.269029
vt 0.918493 0.250000
vt 0.917998 0.250000
vt 0.917068 0.268860
vt 0.917867 0.230971
vt 0.917068 0.231140
vt 0.917795 0.250000
vt 0.916762 0.268796
vt 0.916762 0.231204
vt 0.915264 0.287721
vt 0.915265 0.212279
vt 0.914043 0.212558
vt 0.913636 0.212651
vt 0.913578 0.212665
vt 0.916719 0.231213
vt 0.917766 0.250000
vt 0.916719 0.268787
vt 0.913636 0.287349
vt 0.913578 0.287336
vt 0.914043 0.287442
vt 0.582089 0.230962
vt 0.581478 0.250000
vt 0.581769 0.250000
vt 0.582583 0.231067
vt 0.582089 0.269038
vt 0.582583 0.268933
vt 0.582089 0.230962
vt 0.584677 0.212266
vt 0.584685 0.212268
vt 0.585492 0.212452
vt 0.892987 0.339979
vt 0.901807 0.323106
vt 0.901361 0.322892
vt 0.892340 0.339481
vt 0.909500 0.305691
vt 0.908706 0.305495
vt 0.901178 0.322803
vt 0.892092 0.339290
vt 0.908403 0.305421
vt 0.882532 0.355691
vt 0.908360 0.305410
vt 0.901152 0.322791
vt 0.892057 0.339263
vt 0.881226 0.354649
vt 0.881179 0.354612
vt 0.881552 0.354909
vt 0.607011 0.160020
vt 0.598179 0.176890
vt 0.598522 0.177082
vt 0.607646 0.160516
vt 0.590459 0.194300
vt 0.590960 0.194428
vt 0.598473 0.177117
vt 0.607864 0.160700
vt 0.590525 0.194335
vt 0.617468 0.144309
vt 0.589634 0.194132
vt 0.598267 0.177076
vt 0.607871 0.160720
vt 0.618774 0.145351
vt 0.618821 0.145388
vt 0.618448 0.145091
vt 0.839786 0.393108
vt 0.855053 0.381733
vt 0.854745 0.381346
vt 0.839419 0.392378
vt 0.869541 0.369380
vt 0.868911 0.368860
vt 0.854618 0.381187
vt 0.839279 0.392099
vt 0.868670 0.368661
vt 0.840377 0.394292
vt 0.823550 0.402727
vt 0.855471 0.382256
vt 0.868636 0.368632
vt 0.854600 0.381165
vt 0.839259 0.392060
vt 0.822825 0.401222
vt 0.822799 0.401169
vt 0.823006 0.401599
vt 0.660195 0.106853
vt 0.644940 0.118254
vt 0.645203 0.118546
vt 0.660432 0.107313
vt 0.630458 0.130618
vt 0.631083 0.131127
vt 0.645226 0.118490
vt 0.660244 0.106910
vt 0.631310 0.131299
vt 0.676424 0.097219
vt 0.631332 0.131301
vt 0.645141 0.118298
vt 0.659848 0.106086
vt 0.676428 0.097226
vt 0.768802 0.417893
vt 0.787493 0.414268
vt 0.787383 0.413786
vt 0.768789 0.417076
vt 0.805906 0.409424
vt 0.805564 0.408682
vt 0.787338 0.413588
vt 0.768783 0.416764
vt 0.805433 0.408399
vt 0.750000 0.419515
vt 0.805415 0.408358
vt 0.787331 0.413560
vt 0.768782 0.416719
vt 0.750000 0.418262
vt 0.731197 0.082063
vt 0.731205 0.082568
vt 0.694076 0.090535
vt 0.750000 0.080426
vt 0.750000 0.080433
vt 0.750000 0.081261
vt 0.805906 0.090574
vt 0.787493 0.085717
vt 0.787383 0.086094
vt 0.805564 0.091303
vt 0.768803 0.082064
vt 0.768789 0.082581
vt 0.787338 0.086054
vt 0.805433 0.091557
vt 0.768783 0.082136
vt 0.823550 0.097273
vt 0.768782 0.081222
vt 0.787332 0.085844
vt 0.805415 0.091567
vt 0.822825 0.098778
vt 0.822799 0.098832
vt 0.823006 0.098402
vt 0.694094 0.409424
vt 0.712507 0.414268
vt 0.712617 0.413786
vt 0.694437 0.408682
vt 0.731198 0.417893
vt 0.731211 0.417076
vt 0.712662 0.413588
vt 0.694567 0.408399
vt 0.731217 0.416764
vt 0.676450 0.402727
vt 0.731218 0.416719
vt 0.712669 0.413560
vt 0.694586 0.408358
vt 0.677175 0.401222
vt 0.676994 0.401599
vt 0.869541 0.130620
vt 0.855054 0.118267
vt 0.854745 0.118654
vt 0.868911 0.131140
vt 0.839787 0.106892
vt 0.839420 0.107622
vt 0.854618 0.118813
vt 0.868670 0.131339
vt 0.839279 0.107901
vt 0.882532 0.144309
vt 0.839259 0.107940
vt 0.854600 0.118836
vt 0.868636 0.131368
vt 0.881226 0.145351
vt 0.881179 0.145388
vt 0.881552 0.145091
vt 0.630426 0.369407
vt 0.644935 0.381742
vt 0.645162 0.381421
vt 0.630821 0.369073
vt 0.660212 0.393109
vt 0.645102 0.381410
vt 0.630470 0.369347
vt 0.660686 0.392127
vt 0.660683 0.392106
vt 0.629755 0.369916
vt 0.909500 0.194309
vt 0.901807 0.176894
vt 0.901361 0.177108
vt 0.908706 0.194505
vt 0.892987 0.160021
vt 0.892340 0.160520
vt 0.901178 0.177197
vt 0.908403 0.194580
vt 0.892092 0.160710
vt 0.892057 0.160737
vt 0.901152 0.177209
vt 0.908360 0.194590
vt 0.590425 0.305727
vt 0.597911 0.323324
vt 0.598056 0.323290
vt 0.590901 0.305618
vt 0.606007 0.340781
vt 0.606025 0.340777
vt 0.606007 0.340781
vt 0.614343 0.358183
vt 0.614343 0.358183
vt 0.584678 0.287734
vt 0.916762 0.268796
vt 0.917998 0.250000
vt 0.916762 0.231204
vt 0.917068 0.231140
vt 0.918464 0.250000
vt 0.917835 0.269022
vt 0.917835 0.230978
vt 0.913636 0.287349
vt 0.914043 0.212558
vt 0.915257 0.212281
vt 0.915257 0.287719
vt 0.914043 0.287442
vt 0.580878 0.230686
vt 0.582049 0.269029
vt 0.581158 0.249927
vt 0.580878 0.230686
vt 0.892092 0.339290
vt 0.901178 0.322803
vt 0.901361 0.322892
vt 0.892340 0.339481
vt 0.908706 0.305496
vt 0.901807 0.323106
vt 0.892987 0.339979
vt 0.909500 0.305691
vt 0.881226 0.354649
vt 0.882532 0.355691
vt 0.881552 0.354910
vt 0.607824 0.160691
vt 0.598153 0.177044
vt 0.598057 0.176975
vt 0.607588 0.160503
vt 0.589314 0.194058
vt 0.589273 0.194043
vt 0.597859 0.176817
vt 0.606971 0.160011
vt 0.589248 0.194023
vt 0.618774 0.145351
vt 0.617474 0.144314
vt 0.839279 0.392099
vt 0.854618 0.381187
vt 0.854745 0.381346
vt 0.839419 0.392378
vt 0.868670 0.368661
vt 0.868911 0.368860
vt 0.855054 0.381733
vt 0.839786 0.393108
vt 0.869541 0.369380
vt 0.822825 0.401222
vt 0.823546 0.402721
vt 0.823006 0.401599
vt 0.659705 0.105791
vt 0.645084 0.118195
vt 0.644996 0.118116
vt 0.659681 0.105754
vt 0.631293 0.131262
vt 0.631057 0.131073
vt 0.644816 0.117981
vt 0.659671 0.105764
vt 0.630466 0.130603
vt 0.674716 0.093671
vt 0.768783 0.416721
vt 0.787338 0.413573
vt 0.787383 0.413667
vt 0.768789 0.416733
vt 0.805433 0.408397
vt 0.805564 0.408667
vt 0.787487 0.413882
vt 0.768802 0.416760
vt 0.805892 0.409349
vt 0.750000 0.417784
vt 0.731179 0.080784
vt 0.712358 0.085080
vt 0.731179 0.080784
vt 0.750000 0.076488
vt 0.750000 0.076488
vt 0.674716 0.093671
vt 0.674716 0.093671
vt 0.805433 0.091516
vt 0.787338 0.085726
vt 0.787383 0.085617
vt 0.805564 0.091243
vt 0.768783 0.080894
vt 0.768789 0.080851
vt 0.787487 0.085417
vt 0.805892 0.090563
vt 0.768802 0.080856
vt 0.822825 0.098778
vt 0.823546 0.097279
vt 0.823006 0.098402
vt 0.694585 0.408358
vt 0.712669 0.413559
vt 0.712669 0.413559
vt 0.694585 0.408358
vt 0.731218 0.416719
vt 0.712669 0.413559
vt 0.731218 0.416719
vt 0.677201 0.401168
vt 0.694586 0.408358
vt 0.712669 0.413559
vt 0.750000 0.417784
vt 0.750000 0.417784
vt 0.750000 0.417784
vt 0.868670 0.131339
vt 0.854618 0.118813
vt 0.854745 0.118654
vt 0.839279 0.107901
vt 0.839419 0.107622
vt 0.869541 0.130620
vt 0.881226 0.145351
vt 0.882532 0.144309
vt 0.881552 0.145091
vt 0.629500 0.370119
vt 0.644852 0.381602
vt 0.644840 0.381611
vt 0.629475 0.370139
vt 0.660673 0.392114
vt 0.660671 0.392115
vt 0.629500 0.370119
vt 0.660673 0.392114
vt 0.677201 0.401168
vt 0.677201 0.401168
vt 0.908403 0.194580
vt 0.901178 0.177197
vt 0.901361 0.177108
vt 0.908706 0.194505
vt 0.892092 0.160710
vt 0.892340 0.160520
vt 0.901807 0.176894
vt 0.909500 0.194309
vt 0.892987 0.160021
vt 0.792960 0.370598
vt 0.778020 0.372765
vt 0.782085 0.390575
vt 0.798029 0.386689
vt 0.763619 0.377296
vt 0.766031 0.394009
vt 0.785122 0.403880
vt 0.802405 0.399398
vt 0.767598 0.407378
vt 0.787989 0.349605
vt 0.806493 0.367319
vt 0.772437 0.348301
vt 0.758990 0.356223
vt 0.750000 0.380229
vt 0.750000 0.395608
vt 0.750000 0.409002
vt 0.818724 0.392909
vt 0.813088 0.381077
vt 0.840925 0.339916
vt 0.828441 0.348373
vt 0.839338 0.362120
vt 0.851732 0.351520
vt 0.817467 0.358738
vt 0.826643 0.372449
vt 0.846495 0.371276
vt 0.859171 0.359185
vt 0.833121 0.382854
vt 0.827444 0.323258
vt 0.851687 0.331093
vt 0.812866 0.328831
vt 0.837415 0.389996
vt 0.850852 0.376882
vt 0.863872 0.363937
vt 0.870708 0.346262
vt 0.875841 0.350355
vt 0.862801 0.339956
vt 0.871025 0.291579
vt 0.863362 0.304584
vt 0.879188 0.312149
vt 0.886434 0.297474
vt 0.857894 0.318637
vt 0.871612 0.326591
vt 0.889707 0.317089
vt 0.898019 0.301475
vt 0.880740 0.332138
vt 0.851560 0.282402
vt 0.876948 0.278971
vt 0.840843 0.293748
vt 0.838654 0.309201
vt 0.886419 0.335664
vt 0.896142 0.320089
vt 0.905937 0.304071
vt 0.904618 0.285201
vt 0.891829 0.282339
vt 0.877133 0.234953
vt 0.875922 0.250000
vt 0.894190 0.250000
vt 0.893949 0.233591
vt 0.877133 0.265047
vt 0.893949 0.266409
vt 0.907837 0.250000
vt 0.907313 0.232153
vt 0.907313 0.267847
vt 0.876948 0.221029
vt 0.850829 0.250000
vt 0.855561 0.264872
vt 0.904618 0.214799
vt 0.891829 0.217661
vt 0.857894 0.181363
vt 0.863362 0.195416
vt 0.879188 0.187851
vt 0.871612 0.173409
vt 0.871025 0.208421
vt 0.886434 0.202526
vt 0.889707 0.182911
vt 0.880740 0.167862
vt 0.898019 0.198525
vt 0.838654 0.190800
vt 0.851688 0.168907
vt 0.840843 0.206252
vt 0.851560 0.217599
vt 0.905937 0.195929
vt 0.896142 0.179911
vt 0.886419 0.164336
vt 0.870708 0.153738
vt 0.875841 0.149645
vt 0.862801 0.160044
vt 0.817467 0.141262
vt 0.828441 0.151627
vt 0.839338 0.137880
vt 0.826643 0.127551
vt 0.840925 0.160084
vt 0.851732 0.148480
vt 0.846495 0.128724
vt 0.833121 0.117146
vt 0.859171 0.140816
vt 0.806493 0.132682
vt 0.827444 0.176742
vt 0.863872 0.136063
vt 0.850852 0.123118
vt 0.837415 0.110004
vt 0.818724 0.107091
vt 0.813088 0.118924
vt 0.763619 0.122704
vt 0.778021 0.127235
vt 0.782085 0.109425
vt 0.766031 0.105991
vt 0.792960 0.129403
vt 0.798029 0.113311
vt 0.785122 0.096121
vt 0.767598 0.092623
vt 0.802405 0.100602
vt 0.758990 0.143777
vt 0.750000 0.119771
vt 0.772437 0.151700
vt 0.787989 0.150396
vt 0.750000 0.090998
vt 0.750000 0.104392
vt 0.707039 0.129401
vt 0.721980 0.127235
vt 0.717915 0.109425
vt 0.701960 0.113297
vt 0.736381 0.122704
vt 0.733970 0.105991
vt 0.714878 0.096121
vt 0.697572 0.100572
vt 0.732402 0.092623
vt 0.693496 0.132667
vt 0.741010 0.143777
vt 0.681012 0.106744
vt 0.686823 0.118811
vt 0.658969 0.159985
vt 0.671489 0.151550
vt 0.660099 0.137268
vt 0.647420 0.147687
vt 0.682498 0.141219
vt 0.673074 0.127208
vt 0.651590 0.126598
vt 0.637964 0.138135
vt 0.665861 0.115843
vt 0.672557 0.176742
vt 0.648199 0.168811
vt 0.687135 0.171169
vt 0.695812 0.158197
vt 0.626076 0.151062
vt 0.636288 0.159277
vt 0.628972 0.208418
vt 0.636613 0.195396
vt 0.620607 0.187687
vt 0.613541 0.202505
vt 0.642031 0.181302
vt 0.627786 0.172924
vt 0.609691 0.182431
vt 0.601906 0.198465
vt 0.617373 0.166346
vt 0.648441 0.217599
vt 0.623052 0.221029
vt 0.659157 0.206252
vt 0.610358 0.161764
vt 0.602943 0.179181
vt 0.595382 0.214799
vt 0.608172 0.217661
vt 0.622865 0.265048
vt 0.624078 0.250000
vt 0.605810 0.250000
vt 0.606035 0.266416
vt 0.622867 0.234953
vt 0.606051 0.233591
vt 0.592163 0.250000
vt 0.592652 0.267863
vt 0.592687 0.232153
vt 0.623036 0.278979
vt 0.649172 0.250000
vt 0.644440 0.235128
vt 0.594985 0.285381
vt 0.608042 0.282401
vt 0.641984 0.318720
vt 0.636548 0.304636
vt 0.620090 0.312562
vt 0.627415 0.327255
vt 0.628926 0.291604
vt 0.613169 0.297674
vt 0.607794 0.318483
vt 0.615985 0.334365
vt 0.600484 0.302176
vt 0.661346 0.309200
vt 0.648183 0.331197
vt 0.659157 0.293748
vt 0.648441 0.282402
vt 0.625687 0.349136
vt 0.636159 0.340785
vt 0.682498 0.358781
vt 0.671489 0.348450
vt 0.660099 0.362732
vt 0.673074 0.372792
vt 0.658967 0.340016
vt 0.647404 0.352321
vt 0.651591 0.373402
vt 0.665861 0.384157
vt 0.637929 0.361882
vt 0.695812 0.341803
vt 0.693496 0.367333
vt 0.672557 0.323258
vt 0.681012 0.393256
vt 0.686823 0.381189
vt 0.736381 0.377296
vt 0.721980 0.372765
vt 0.717915 0.390575
vt 0.733970 0.394009
vt 0.707039 0.370599
vt 0.701960 0.386703
vt 0.714878 0.403879
vt 0.732402 0.407378
vt 0.697572 0.399428
vt 0.741010 0.356223
vt 0.712011 0.349605
vt 0.125000 0.569235
vt 0.107143 0.569235
vt 0.107143 0.595692
vt 0.125000 0.595693
vt 0.089286 0.569235
vt 0.089286 0.595692
vt 0.107143 0.628823
vt 0.125000 0.628823
vt 0.089286 0.628823
vt 0.142857 0.569235
vt 0.071428 0.569235
vt 0.071428 0.595692
vt 0.071428 0.628823
vt 0.071428 0.671964
vt 0.089286 0.671964
vt 0.107143 0.671964
vt 0.125000 0.671964
vt 0.142857 0.628823
vt 0.142857 0.671964
vt 0.142857 0.595693
vt 0.910714 0.937977
vt 0.892857 0.937977
vt 0.892857 0.965005
vt 0.910714 0.965005
vt 0.875000 0.937977
vt 0.875000 0.965005
vt 0.892857 0.984409
vt 0.910714 0.984409
vt 0.875000 0.984409
vt 0.928572 0.899513
vt 0.910714 0.899513
vt 0.928572 0.937977
vt 0.892857 0.899513
vt 0.875000 0.899513
vt 0.857143 0.899513
vt 0.857143 0.937977
vt 0.857143 0.965005
vt 0.857143 0.984409
vt 0.857143 1.000000
vt 0.875000 1.000000
vt 0.892857 1.000000
vt 0.910714 1.000000
vt 0.928572 0.984409
vt 0.928571 1.000000
vt 0.928572 0.965005
vt 0.839286 0.937977
vt 0.821429 0.937977
vt 0.821429 0.965005
vt 0.839286 0.965005
vt 0.803571 0.937977
vt 0.803571 0.965005
vt 0.821429 0.984409
vt 0.839286 0.984409
vt 0.803571 0.984409
vt 0.839286 0.899513
vt 0.821429 0.899513
vt 0.803571 0.899513
vt 0.785714 0.899513
vt 0.785714 0.937977
vt 0.785714 0.965005
vt 0.785714 0.984409
vt 0.785714 1.000000
vt 0.803571 1.000000
vt 0.821429 1.000000
vt 0.839286 1.000000
vt 0.767857 0.937977
vt 0.750000 0.937977
vt 0.750000 0.965005
vt 0.767857 0.965005
vt 0.732143 0.937977
vt 0.732143 0.965005
vt 0.750000 0.984409
vt 0.767857 0.984409
vt 0.732143 0.984409
vt 0.767857 0.899513
vt 0.750000 0.899513
vt 0.732143 0.899513
vt 0.714286 0.899513
vt 0.714286 0.937977
vt 0.714286 0.965005
vt 0.714286 0.984409
vt 0.714286 1.000000
vt 0.732143 1.000000
vt 0.750000 1.000000
vt 0.767857 1.000000
vt 0.696428 0.937977
vt 0.678571 0.937977
vt 0.678571 0.965005
vt 0.696429 0.965005
vt 0.660714 0.937977
vt 0.660714 0.965005
vt 0.678571 0.984409
vt 0.696429 0.984409
vt 0.660714 0.984409
vt 0.696429 0.899513
vt 0.678571 0.899513
vt 0.660714 0.899513
vt 0.642857 0.899513
vt 0.642857 0.937977
vt 0.642857 0.965005
vt 0.642857 0.984409
vt 0.642857 1.000000
vt 0.660714 1.000000
vt 0.678571 1.000000
vt 0.696429 1.000000
vt 0.625000 0.937977
vt 0.607143 0.937977
vt 0.607143 0.965005
vt 0.625000 0.965005
vt 0.589286 0.937977
vt 0.589286 0.965005
vt 0.607143 0.984409
vt 0.625000 0.984409
vt 0.589286 0.984409
vt 0.625000 0.899513
vt 0.607143 0.899513
vt 0.589286 0.899513
vt 0.571428 0.899513
vt 0.571428 0.937977
vt 0.571428 0.965005
vt 0.571429 0.984409
vt 0.571428 1.000000
vt 0.589286 1.000000
vt 0.607143 1.000000
vt 0.625000 1.000000
vt 0.553571 0.937977
vt 0.535714 0.937977
vt 0.535714 0.965005
vt 0.553571 0.965005
vt 0.517857 0.937977
vt 0.517857 0.965005
vt 0.535714 0.984409
vt 0.553571 0.984409
vt 0.517857 0.984409
vt 0.553571 0.899513
vt 0.535714 0.899513
vt 0.517857 0.899513
vt 0.500000 0.899513
vt 0.500000 0.937977
vt 0.500000 0.965005
vt 0.500000 0.984409
vt 0.500000 1.000000
vt 0.517857 1.000000
vt 0.535714 1.000000
vt 0.553571 1.000000
vt 0.482143 0.937977
vt 0.464286 0.937977
vt 0.464286 0.965005
vt 0.482143 0.965005
vt 0.446428 0.937977
vt 0.446428 0.965005
vt 0.464286 0.984409
vt 0.482143 0.984409
vt 0.446428 0.984409
vt 0.482143 0.899513
vt 0.464286 0.899513
vt 0.446429 0.899513
vt 0.428571 0.899513
vt 0.428571 0.937977
vt 0.428571 0.965005
vt 0.428571 0.984409
vt 0.428571 1.000000
vt 0.446429 1.000000
vt 0.464286 1.000000
vt 0.482143 1.000000
vt 0.410714 0.937977
vt 0.392857 0.937977
vt 0.392857 0.965005
vt 0.410714 0.965005
vt 0.375000 0.937977
vt 0.375000 0.965005
vt 0.392857 0.984409
vt 0.410714 0.984409
vt 0.375000 0.984409
vt 0.410714 0.899513
vt 0.392857 0.899513
vt 0.375000 0.899513
vt 0.357143 0.899513
vt 0.357143 0.937977
vt 0.357143 0.965005
vt 0.357143 0.984409
vt 0.357143 1.000000
vt 0.375000 1.000000
vt 0.392857 1.000000
vt 0.410714 1.000000
vt 0.339286 0.937977
vt 0.321428 0.937977
vt 0.321428 0.965005
vt 0.339286 0.965005
vt 0.303571 0.937977
vt 0.303571 0.965005
vt 0.321428 0.984409
vt 0.339286 0.984409
vt 0.303571 0.984409
vt 0.339286 0.899513
vt 0.321428 0.899513
vt 0.303571 0.899513
vt 0.285714 0.899513
vt 0.285714 0.937977
vt 0.285714 0.965005
vt 0.285714 0.984409
vt 0.285714 1.000000
vt 0.303571 1.000000
vt 0.321428 1.000000
vt 0.339286 1.000000
vt 0.267857 0.937977
vt 0.250000 0.937977
vt 0.250000 0.965005
vt 0.267857 0.965005
vt 0.232143 0.937977
vt 0.232143 0.965005
vt 0.250000 0.984409
vt 0.267857 0.984409
vt 0.232143 0.984409
vt 0.267857 0.899513
vt 0.250000 0.899513
vt 0.232143 0.899513
vt 0.214286 0.899513
vt 0.214286 0.937977
vt 0.214286 0.965005
vt 0.214286 0.984409
vt 0.214286 1.000000
vt 0.232143 1.000000
vt 0.250000 1.000000
vt 0.267857 1.000000
vt 0.196428 0.937977
vt 0.178571 0.937977
vt 0.178571 0.965005
vt 0.196428 0.965005
vt 0.160714 0.937977
vt 0.160714 0.965005
vt 0.178571 0.984409
vt 0.196428 0.984409
vt 0.160714 0.984409
vt 0.196428 0.899513
vt 0.178571 0.899513
vt 0.160714 0.899513
vt 0.142857 0.899513
vt 0.142857 0.937977
vt 0.142857 0.965005
vt 0.142857 0.984409
vt 0.142857 1.000000
vt 0.160714 1.000000
vt 0.178571 1.000000
vt 0.196428 1.000000
vt 0.125000 0.937977
vt 0.107143 0.937977
vt 0.107143 0.965005
vt 0.125000 0.965005
vt 0.089286 0.937977
vt 0.089286 0.965005
vt 0.107143 0.984409
vt 0.125000 0.984409
vt 0.089286 0.984409
vt 0.125000 0.899513
vt 0.107143 0.899513
vt 0.089286 0.899513
vt 0.071428 0.899513
vt 0.071428 0.937977
vt 0.071428 0.965005
vt 0.071428 0.984409
vt 0.071428 1.000000
vt 0.089286 1.000000
vt 0.107143 1.000000
vt 0.125000 1.000000
vt 0.982143 0.720002
vt 0.964286 0.724677
vt 0.964286 0.787746
vt 0.982143 0.787970
vt 0.946429 0.726450
vt 0.946429 0.787654
vt 0.964286 0.849969
vt 0.982143 0.855371
vt 0.946429 0.847919
vt 0.982143 0.661212
vt 1.000000 0.712323
vt 0.964286 0.668998
vt 0.946429 0.671593
vt 0.928572 0.671964
vt 0.928572 0.726703
vt 0.928572 0.787640
vt 0.928572 0.847627
vt 0.946429 0.899936
vt 0.964286 0.902901
vt 0.982143 0.911796
vt 1.000000 0.864225
vt 1.000000 0.940176
vt 1.000000 0.788274
vt 0.909399 0.194345
vt 0.907900 0.194786
vt 0.900593 0.177479
vt 0.901711 0.176940
vt 0.905685 0.195531
vt 0.898583 0.178446
vt 0.891617 0.160974
vt 0.892897 0.160078
vt 0.889654 0.162242
vt 0.915153 0.212305
vt 0.913211 0.212748
vt 0.910828 0.213292
vt 0.906922 0.214184
vt 0.901916 0.196845
vt 0.895001 0.180171
vt 0.886276 0.164369
vt 0.880885 0.145623
vt 0.882449 0.144376
vt 0.053571 0.628557
vt 0.053571 0.595600
vt 0.035714 0.594951
vt 0.035714 0.626691
vt 0.053571 0.569224
vt 0.035714 0.569142
vt 0.017857 0.593375
vt 0.017857 0.621790
vt 0.017857 0.568946
vt 0.071428 0.671963
vt 0.053571 0.671593
vt 0.071428 0.595693
vt 0.071428 0.569235
vt 0.017857 0.661212
vt 0.035714 0.668998
vt 0.910714 0.726703
vt 0.892857 0.726703
vt 0.892857 0.787640
vt 0.910714 0.787640
vt 0.875000 0.726703
vt 0.875000 0.787640
vt 0.892857 0.847627
vt 0.910714 0.847626
vt 0.875000 0.847627
vt 0.910714 0.671964
vt 0.892857 0.671964
vt 0.875000 0.671964
vt 0.857143 0.671964
vt 0.857143 0.726703
vt 0.857143 0.787640
vt 0.857143 0.847627
vt 0.857143 0.899513
vt 0.875000 0.899513
vt 0.892857 0.899513
vt 0.928571 0.847626
vt 0.928572 0.899513
vt 0.928571 0.787640
vt 0.839286 0.726703
vt 0.821428 0.726703
vt 0.821429 0.787640
vt 0.839286 0.787640
vt 0.803571 0.726703
vt 0.803571 0.787640
vt 0.821429 0.847627
vt 0.839286 0.847626
vt 0.803571 0.847627
vt 0.839286 0.671964
vt 0.821429 0.671964
vt 0.803571 0.671964
vt 0.785714 0.671964
vt 0.785714 0.726703
vt 0.785714 0.787640
vt 0.785714 0.847627
vt 0.785714 0.899513
vt 0.803571 0.899513
vt 0.821429 0.899513
vt 0.767857 0.726703
vt 0.750000 0.726703
vt 0.750000 0.787640
vt 0.767857 0.787640
vt 0.732143 0.726703
vt 0.732143 0.787640
vt 0.750000 0.847626
vt 0.767857 0.847626
vt 0.732143 0.847626
vt 0.767857 0.671964
vt 0.750000 0.671964
vt 0.732143 0.671964
vt 0.714286 0.671964
vt 0.714286 0.726703
vt 0.714286 0.787640
vt 0.714286 0.847626
vt 0.714286 0.899513
vt 0.732143 0.899513
vt 0.750000 0.899513
vt 0.767857 0.899513
vt 0.696429 0.726703
vt 0.678571 0.726703
vt 0.678571 0.787640
vt 0.696429 0.787640
vt 0.660714 0.726703
vt 0.660714 0.787640
vt 0.678571 0.847627
vt 0.696429 0.847626
vt 0.660714 0.847627
vt 0.696428 0.671964
vt 0.678571 0.671964
vt 0.660714 0.671964
vt 0.642857 0.671964
vt 0.642857 0.726703
vt 0.642857 0.787640
vt 0.642857 0.847627
vt 0.642857 0.899513
vt 0.660714 0.899513
vt 0.678571 0.899513
vt 0.696428 0.899513
vt 0.625000 0.726703
vt 0.607143 0.726703
vt 0.607143 0.787640
vt 0.625000 0.787640
vt 0.589286 0.726703
vt 0.589286 0.787640
vt 0.607143 0.847627
vt 0.625000 0.847626
vt 0.589286 0.847627
vt 0.625000 0.671964
vt 0.607143 0.671964
vt 0.589286 0.671964
vt 0.571428 0.671964
vt 0.571428 0.726703
vt 0.571428 0.787640
vt 0.571428 0.847627
vt 0.589286 0.899513
vt 0.607143 0.899513
vt 0.553571 0.726703
vt 0.535714 0.726703
vt 0.535714 0.787640
vt 0.553571 0.787640
vt 0.517857 0.726703
vt 0.517857 0.787640
vt 0.535714 0.847627
vt 0.553571 0.847626
vt 0.517857 0.847627
vt 0.553571 0.671964
vt 0.535714 0.671964
vt 0.517857 0.671964
vt 0.500000 0.671964
vt 0.500000 0.726703
vt 0.500000 0.787640
vt 0.500000 0.847627
vt 0.500000 0.899513
vt 0.535714 0.899513
vt 0.553571 0.899513
vt 0.482143 0.726703
vt 0.464286 0.726703
vt 0.464286 0.787640
vt 0.482143 0.787640
vt 0.446428 0.726703
vt 0.446428 0.787640
vt 0.464286 0.847627
vt 0.482143 0.847626
vt 0.446428 0.847627
vt 0.482143 0.671964
vt 0.464286 0.671964
vt 0.446428 0.671964
vt 0.428571 0.671964
vt 0.428571 0.726703
vt 0.428571 0.787640
vt 0.428571 0.847627
vt 0.428571 0.899513
vt 0.446428 0.899513
vt 0.464286 0.899513
vt 0.482143 0.899513
vt 0.410714 0.726703
vt 0.392857 0.726703
vt 0.392857 0.787640
vt 0.410714 0.787640
vt 0.375000 0.726703
vt 0.375000 0.787640
vt 0.392857 0.847627
vt 0.410714 0.847626
vt 0.375000 0.847627
vt 0.410714 0.671964
vt 0.392857 0.671964
vt 0.375000 0.671964
vt 0.357143 0.671964
vt 0.357143 0.726703
vt 0.357143 0.787640
vt 0.357143 0.847627
vt 0.357143 0.899513
vt 0.375000 0.899513
vt 0.392857 0.899513
vt 0.410714 0.899513
vt 0.339286 0.726703
vt 0.321428 0.726703
vt 0.321428 0.787640
vt 0.339286 0.787640
vt 0.303571 0.726703
vt 0.303571 0.787640
vt 0.321428 0.847627
vt 0.339286 0.847626
vt 0.303571 0.847627
vt 0.339286 0.671964
vt 0.321428 0.671964
vt 0.303571 0.671964
vt 0.285714 0.671964
vt 0.285714 0.726703
vt 0.285714 0.787640
vt 0.285714 0.847626
vt 0.285714 0.899513
vt 0.303571 0.899513
vt 0.321428 0.899513
vt 0.267857 0.726703
vt 0.250000 0.726703
vt 0.250000 0.787640
vt 0.267857 0.787640
vt 0.232143 0.726703
vt 0.232143 0.787640
vt 0.250000 0.847626
vt 0.267857 0.847626
vt 0.232143 0.847626
vt 0.267857 0.671964
vt 0.250000 0.671964
vt 0.232143 0.671964
vt 0.214286 0.671964
vt 0.214286 0.726703
vt 0.214286 0.787640
vt 0.214286 0.847626
vt 0.214286 0.899513
vt 0.232143 0.899513
vt 0.250000 0.899513
vt 0.267857 0.899513
vt 0.196428 0.726703
vt 0.178571 0.726703
vt 0.178571 0.787640
vt 0.196428 0.787640
vt 0.160714 0.726703
vt 0.160714 0.787640
vt 0.178571 0.847626
vt 0.196428 0.847626
vt 0.160714 0.847627
vt 0.196428 0.671963
vt 0.178571 0.671964
vt 0.160714 0.671964
vt 0.142857 0.671964
vt 0.142857 0.726703
vt 0.142857 0.787640
vt 0.142857 0.847626
vt 0.142857 0.899513
vt 0.160714 0.899513
vt 0.178571 0.899513
vt 0.053571 0.984422
vt 0.053571 0.965111
vt 0.035714 0.965852
vt 0.035714 0.984515
vt 0.053571 0.938282
vt 0.035714 0.940413
vt 0.017857 0.967652
vt 0.017857 0.984740
vt 0.017857 0.946012
vt 0.071428 0.984409
vt 0.053571 1.000000
vt 0.071428 0.899513
vt 0.053571 0.899936
vt 0.035714 0.902901
vt 0.017857 0.911797
vt -0.000000 0.940176
vt -0.000000 0.955132
vt -0.000000 0.970088
vt -0.000000 0.985044
vt 0.017857 1.000000
vt -0.000000 1.000000
vt 0.035714 1.000000
vt 0.982143 0.946012
vt 0.964286 0.940413
vt 0.964286 0.965852
vt 0.982143 0.967652
vt 0.946429 0.938282
vt 0.946429 0.965111
vt 0.964286 0.984515
vt 0.982143 0.984740
vt 0.946429 0.984422
vt 1.000000 0.955132
vt 0.946429 1.000000
vt 0.964286 1.000000
vt 0.982143 1.000000
vt 1.000000 0.985044
vt 1.000000 1.000000
vt 1.000000 0.970088
vt 0.982143 0.568946
vt 0.964286 0.569142
vt 0.964286 0.594951
vt 0.982143 0.593375
vt 0.946429 0.569224
vt 0.946429 0.595600
vt 0.964286 0.626691
vt 0.982143 0.621791
vt 0.946429 0.628557
vt 0.928572 0.569235
vt 0.928572 0.595692
vt 0.928572 0.628823
vt 0.053571 0.847919
vt 0.053571 0.787653
vt 0.035714 0.787746
vt 0.035714 0.849969
vt 0.053571 0.726450
vt 0.035714 0.724677
vt 0.017857 0.787970
vt 0.017857 0.855371
vt 0.017857 0.720001
vt 0.071428 0.847627
vt 0.071428 0.787640
vt 0.071428 0.726703
vt -0.000000 0.712324
vt -0.000000 0.788274
vt -0.000000 0.864225
vt 0.910715 0.569235
vt 0.892857 0.569235
vt 0.892857 0.595693
vt 0.910714 0.595693
vt 0.875000 0.569235
vt 0.875000 0.595693
vt 0.892857 0.628823
vt 0.910714 0.628823
vt 0.875000 0.628823
vt 0.857143 0.569235
vt 0.857143 0.595693
vt 0.857143 0.628823
vt 0.875000 0.671964
vt 0.892857 0.671964
vt 0.910714 0.671964
vt 0.839286 0.569235
vt 0.821429 0.569235
vt 0.821429 0.595693
vt 0.839286 0.595693
vt 0.803572 0.569235
vt 0.803572 0.595693
vt 0.821429 0.628823
vt 0.839286 0.628823
vt 0.803571 0.628823
vt 0.785714 0.569235
vt 0.785714 0.595693
vt 0.785714 0.628823
vt 0.785714 0.671964
vt 0.803571 0.671964
vt 0.821429 0.671964
vt 0.767857 0.569235
vt 0.750000 0.569235
vt 0.750000 0.595692
vt 0.767857 0.595693
vt 0.732143 0.569235
vt 0.732143 0.595693
vt 0.750000 0.628823
vt 0.767857 0.628823
vt 0.732143 0.628823
vt 0.714286 0.569235
vt 0.714286 0.595693
vt 0.714286 0.628823
vt 0.714286 0.671964
vt 0.732143 0.671964
vt 0.750000 0.671964
vt 0.696429 0.569235
vt 0.678571 0.569235
vt 0.678571 0.595693
vt 0.696429 0.595693
vt 0.660714 0.569235
vt 0.660714 0.595693
vt 0.678571 0.628823
vt 0.696428 0.628823
vt 0.660714 0.628823
vt 0.642857 0.569235
vt 0.642857 0.595693
vt 0.642857 0.628823
vt 0.642857 0.671964
vt 0.660714 0.671964
vt 0.678571 0.671964
vt 0.696429 0.671964
vt 0.625000 0.569235
vt 0.607143 0.569235
vt 0.607143 0.595693
vt 0.625000 0.595693
vt 0.589286 0.569235
vt 0.589286 0.595693
vt 0.607143 0.628823
vt 0.625000 0.628823
vt 0.589286 0.628823
vt 0.571428 0.569235
vt 0.571428 0.595693
vt 0.571428 0.628823
vt 0.571428 0.671964
vt 0.589286 0.671964
vt 0.607143 0.671964
vt 0.553571 0.569235
vt 0.535714 0.569235
vt 0.535714 0.595693
vt 0.553571 0.595693
vt 0.517857 0.569235
vt 0.517857 0.595693
vt 0.535714 0.628823
vt 0.553571 0.628823
vt 0.517857 0.628823
vt 0.500000 0.569235
vt 0.500000 0.595693
vt 0.500000 0.628823
vt 0.535714 0.671964
vt 0.482143 0.569235
vt 0.464286 0.569235
vt 0.464286 0.595693
vt 0.482143 0.595693
vt 0.446429 0.569235
vt 0.446429 0.595693
vt 0.464286 0.628823
vt 0.482143 0.628823
vt 0.446429 0.628823
vt 0.428571 0.569235
vt 0.428571 0.595693
vt 0.428571 0.628823
vt 0.428571 0.671964
vt 0.446429 0.671964
vt 0.464286 0.671964
vt 0.482143 0.671964
vt 0.410714 0.569235
vt 0.392857 0.569235
vt 0.392857 0.595693
vt 0.410714 0.595693
vt 0.375000 0.569235
vt 0.375000 0.595693
vt 0.392857 0.628823
vt 0.410714 0.628823
vt 0.375000 0.628823
vt 0.357143 0.569235
vt 0.357143 0.595693
vt 0.357143 0.628823
vt 0.375000 0.671964
vt 0.392857 0.671964
vt 0.410714 0.671964
vt 0.339286 0.569235
vt 0.321428 0.569235
vt 0.321428 0.595692
vt 0.339286 0.595693
vt 0.303571 0.569235
vt 0.303571 0.595692
vt 0.321429 0.628823
vt 0.339286 0.628823
vt 0.303571 0.628823
vt 0.285714 0.546115
vt 0.285714 0.569235
vt 0.285714 0.595693
vt 0.285714 0.628823
vt 0.285714 0.671964
vt 0.303571 0.671964
vt 0.321428 0.671964
vt 0.339286 0.671964
vt 0.267857 0.569235
vt 0.250000 0.569235
vt 0.250000 0.595692
vt 0.267857 0.595693
vt 0.232143 0.569235
vt 0.232143 0.595692
vt 0.250000 0.628823
vt 0.267857 0.628823
vt 0.232143 0.628823
vt 0.267857 0.546115
vt 0.250000 0.546115
vt 0.232143 0.546115
vt 0.214286 0.569235
vt 0.214286 0.595693
vt 0.214286 0.628823
vt 0.214286 0.671964
vt 0.232143 0.671964
vt 0.250000 0.671964
vt 0.267857 0.671964
vt 0.196428 0.569235
vt 0.178571 0.569235
vt 0.178571 0.595692
vt 0.196428 0.595693
vt 0.160714 0.569235
vt 0.160714 0.595692
vt 0.178571 0.628823
vt 0.196428 0.628823
vt 0.160714 0.628823
vt 0.160714 0.671964
vt 0.178571 0.671964
vt 0.196428 0.671964
vt 0.125000 0.726703
vt 0.107143 0.726703
vt 0.107143 0.787640
vt 0.125000 0.787640
vt 0.089286 0.726703
vt 0.089286 0.787640
vt 0.107143 0.847627
vt 0.125000 0.847626
vt 0.089286 0.847627
vt 0.107143 0.671964
vt 0.089286 0.671964
vt 0.071428 0.671964
vt 0.071428 0.726703
vt 0.071428 0.847626
vt 0.071428 0.899513
vt 0.089286 0.899513
vt 0.107143 0.899513
vt 0.813749 0.432155
vt 0.819140 0.447432
vt 0.796506 0.453758
vt 0.792937 0.438118
vt 0.825653 0.465697
vt 0.800717 0.472206
vt 0.773370 0.457878
vt 0.771599 0.441776
vt 0.775427 0.477161
vt 0.828477 0.412959
vt 0.833749 0.423907
vt 0.809737 0.420709
vt 0.840847 0.438645
vt 0.849541 0.456699
vt 0.750000 0.479418
vt 0.750000 0.459380
vt 0.750000 0.443023
vt 0.770247 0.429723
vt 0.750000 0.430871
vt 0.790243 0.426316
vt 0.886470 0.386457
vt 0.897955 0.397881
vt 0.880308 0.413401
vt 0.870306 0.400859
vt 0.911748 0.411512
vt 0.892106 0.428195
vt 0.861250 0.427152
vt 0.852668 0.413413
vt 0.871470 0.443633
vt 0.891411 0.362771
vt 0.900911 0.370348
vt 0.877889 0.377885
vt 0.913700 0.380547
vt 0.929366 0.393040
vt 0.846221 0.403140
vt 0.862759 0.391395
vt 0.932161 0.313731
vt 0.947466 0.319041
vt 0.938301 0.340681
vt 0.923848 0.333721
vt 0.965808 0.325338
vt 0.955349 0.348891
vt 0.927097 0.361339
vt 0.913403 0.352684
vt 0.943455 0.371753
vt 0.926336 0.290248
vt 0.938183 0.292952
vt 0.920711 0.309732
vt 0.954131 0.296592
vt 0.973666 0.301050
vt 0.903137 0.346226
vt 0.912941 0.328468
vt 0.941774 0.228383
vt 0.957867 0.226526
vt 0.958998 0.250000
vt 0.942956 0.250000
vt 0.977124 0.224241
vt 0.977920 0.250000
vt 0.957867 0.273474
vt 0.941774 0.271617
vt 0.977124 0.275759
vt 0.926336 0.209753
vt 0.938183 0.207048
vt 0.929722 0.229747
vt 0.954131 0.203409
vt 0.973666 0.198950
vt 0.929722 0.270253
vt 0.930851 0.250000
vt 0.913403 0.147316
vt 0.927097 0.138661
vt 0.938301 0.159319
vt 0.923848 0.166279
vt 0.943455 0.128247
vt 0.955349 0.151109
vt 0.947466 0.180959
vt 0.932161 0.186269
vt 0.965808 0.174662
vt 0.891411 0.137229
vt 0.900911 0.129652
vt 0.903137 0.153775
vt 0.913700 0.119453
vt 0.929366 0.106960
vt 0.920711 0.190269
vt 0.912941 0.171532
vt 0.852668 0.086588
vt 0.861250 0.072848
vt 0.880308 0.086599
vt 0.870306 0.099141
vt 0.871470 0.056367
vt 0.892106 0.071805
vt 0.897955 0.102119
vt 0.886470 0.113543
vt 0.911748 0.088488
vt 0.828477 0.087041
vt 0.833750 0.076093
vt 0.846221 0.096860
vt 0.840847 0.061355
vt 0.849541 0.043302
vt 0.877889 0.122115
vt 0.862759 0.108605
vt 0.771599 0.058224
vt 0.773370 0.042122
vt 0.796507 0.046242
vt 0.792937 0.061882
vt 0.775427 0.022839
vt 0.800717 0.027794
vt 0.819140 0.052568
vt 0.813749 0.067845
vt 0.825653 0.034303
vt 0.750000 0.069129
vt 0.750000 0.056978
vt 0.770247 0.070277
vt 0.750000 0.040620
vt 0.750000 0.020582
vt 0.809737 0.079291
vt 0.790243 0.073684
vt 0.686252 0.067845
vt 0.680860 0.052568
vt 0.703494 0.046242
vt 0.707063 0.061882
vt 0.674347 0.034303
vt 0.699283 0.027794
vt 0.726630 0.042122
vt 0.728401 0.058224
vt 0.724573 0.022839
vt 0.671523 0.087041
vt 0.666251 0.076093
vt 0.690263 0.079291
vt 0.659153 0.061355
vt 0.650459 0.043302
vt 0.729753 0.070277
vt 0.709757 0.073684
vt 0.613531 0.113543
vt 0.602045 0.102119
vt 0.619692 0.086599
vt 0.629694 0.099141
vt 0.588252 0.088488
vt 0.607894 0.071805
vt 0.638750 0.072848
vt 0.647332 0.086588
vt 0.628530 0.056367
vt 0.608590 0.137229
vt 0.599089 0.129652
vt 0.622111 0.122115
vt 0.586300 0.119454
vt 0.570634 0.106960
vt 0.653779 0.096860
vt 0.637241 0.108605
vt 0.567839 0.186269
vt 0.552534 0.180959
vt 0.561699 0.159319
vt 0.576153 0.166279
vt 0.534193 0.174663
vt 0.544651 0.151109
vt 0.572904 0.138661
vt 0.586597 0.147317
vt 0.556545 0.128247
vt 0.573664 0.209752
vt 0.561817 0.207048
vt 0.579289 0.190268
vt 0.545869 0.203408
vt 0.526334 0.198950
vt 0.596863 0.153775
vt 0.587059 0.171532
vt 0.558226 0.271617
vt 0.542134 0.273474
vt 0.541002 0.250000
vt 0.557044 0.250000
vt 0.522877 0.275759
vt 0.522080 0.250000
vt 0.542134 0.226526
vt 0.558227 0.228383
vt 0.522877 0.224241
vt 0.573664 0.290248
vt 0.561817 0.292952
vt 0.570278 0.270253
vt 0.545869 0.296591
vt 0.526334 0.301050
vt 0.570278 0.229747
vt 0.569149 0.250000
vt 0.586597 0.352684
vt 0.572903 0.361339
vt 0.561699 0.340681
vt 0.576153 0.333721
vt 0.556545 0.371753
vt 0.544651 0.348891
vt 0.552534 0.319041
vt 0.567839 0.313731
vt 0.534193 0.325338
vt 0.608590 0.362771
vt 0.599089 0.370348
vt 0.596863 0.346225
vt 0.586300 0.380547
vt 0.570634 0.393040
vt 0.579289 0.309732
vt 0.587059 0.328468
vt 0.647332 0.413413
vt 0.638750 0.427152
vt 0.619692 0.413401
vt 0.629694 0.400859
vt 0.628530 0.443633
vt 0.607894 0.428195
vt 0.602045 0.397881
vt 0.613530 0.386457
vt 0.588252 0.411512
vt 0.671523 0.412959
vt 0.666251 0.423907
vt 0.653779 0.403140
vt 0.659153 0.438645
vt 0.650459 0.456699
vt 0.622111 0.377885
vt 0.637241 0.391395
vt 0.728401 0.441776
vt 0.726630 0.457878
vt 0.703494 0.453758
vt 0.707063 0.438118
vt 0.724573 0.477161
vt 0.699283 0.472206
vt 0.680860 0.447432
vt 0.686252 0.432155
vt 0.674348 0.465697
vt 0.729753 0.429723
vt 0.690263 0.420709
vt 0.709757 0.426316
vt 0.750000 0.331704
vt 0.735316 0.314336
vt 0.750000 0.250000
vt 0.764684 0.314336
vt 0.714550 0.323613
vt 0.735316 0.314336
vt 0.686121 0.300942
vt 0.670345 0.268181
vt 0.684010 0.250000
vt 0.690545 0.278632
vt 0.670345 0.231819
vt 0.690545 0.221368
vt 0.686121 0.199058
vt 0.708856 0.198407
vt 0.690545 0.221368
vt 0.714550 0.176387
vt 0.735316 0.185664
vt 0.708856 0.198407
vt 0.785450 0.176387
vt 0.791144 0.198407
vt 0.764684 0.185664
vt 0.813879 0.199058
vt 0.809455 0.221368
vt 0.829656 0.231819
vt 0.815990 0.250000
vt 0.809455 0.278632
vt 0.815990 0.250000
vt 0.813879 0.300942
vt 0.791144 0.301593
vt 0.785450 0.323613
vt 0.764684 0.314336
vt 0.791144 0.301593
vt 0.741010 0.356223
vt 0.758990 0.356223
vt 0.727564 0.348300
vt 0.700015 0.353794
vt 0.712011 0.349605
vt 0.727564 0.348301
vt 0.659157 0.293748
vt 0.687135 0.328831
vt 0.644440 0.264872
vt 0.649172 0.250000
vt 0.644440 0.235128
vt 0.649172 0.250000
vt 0.659931 0.178172
vt 0.672557 0.176742
vt 0.661346 0.190800
vt 0.659157 0.206252
vt 0.700015 0.146206
vt 0.712011 0.150396
vt 0.695812 0.158197
vt 0.727564 0.151700
vt 0.750000 0.134797
vt 0.758990 0.143777
vt 0.741010 0.143777
vt 0.804188 0.158197
vt 0.787989 0.150396
vt 0.840069 0.178172
vt 0.827444 0.176742
vt 0.855561 0.235128
vt 0.850829 0.250000
vt 0.840843 0.206252
vt 0.862315 0.275635
vt 0.851560 0.282402
vt 0.855561 0.264872
vt 0.850829 0.250000
vt 0.840069 0.321828
vt 0.838654 0.309201
vt 0.812866 0.328831
vt 0.840843 0.293748
vt 0.799985 0.353794
vt 0.787989 0.349605
vt 0.804188 0.341803
vt 0.772437 0.348301
vt 0.629532 0.370079
vt 0.629729 0.369814
vt 0.645260 0.381033
vt 0.644904 0.381529
vt 0.630475 0.368929
vt 0.646325 0.379607
vt 0.661111 0.391404
vt 0.660728 0.392025
vt 0.662165 0.389708
vt 0.632966 0.366375
vt 0.648741 0.376557
vt 0.664259 0.386370
vt 0.680164 0.395017
vt 0.678451 0.398573
vt 0.677571 0.400400
vt 0.677248 0.401072
vt 0.660683 0.392106
vt 0.644933 0.381537
vt 0.869466 0.130696
vt 0.868307 0.131744
vt 0.854213 0.119321
vt 0.854987 0.118350
vt 0.866634 0.133376
vt 0.852823 0.121064
vt 0.838966 0.108345
vt 0.839730 0.106982
vt 0.837747 0.110339
vt 0.863809 0.136195
vt 0.850344 0.124173
vt 0.835627 0.113721
vt 0.819837 0.104983
vt 0.821575 0.101373
vt 0.822636 0.099170
vt 0.823500 0.097376
vt 0.694621 0.408258
vt 0.694867 0.407553
vt 0.712859 0.412728
vt 0.712692 0.413455
vt 0.695537 0.405640
vt 0.713310 0.410752
vt 0.731313 0.415871
vt 0.731230 0.416613
vt 0.731540 0.413857
vt 0.677201 0.401168
vt 0.677247 0.401072
vt 0.694586 0.408358
vt 0.677572 0.400400
vt 0.678451 0.398573
vt 0.680163 0.395017
vt 0.696840 0.401914
vt 0.714188 0.406904
vt 0.731982 0.409935
vt 0.750000 0.410957
vt 0.750000 0.414904
vt 0.750000 0.416931
vt 0.750000 0.417678
vt 0.750000 0.417784
vt 0.805857 0.090662
vt 0.805282 0.092031
vt 0.787193 0.086306
vt 0.787463 0.085503
vt 0.804482 0.094183
vt 0.786697 0.088121
vt 0.768693 0.081252
vt 0.768790 0.080906
vt 0.768461 0.082399
vt 0.806308 0.089713
vt 0.803160 0.097939
vt 0.785812 0.091926
vt 0.768016 0.085941
vt 0.768815 0.081155
vt 0.787590 0.085306
vt 0.731179 0.080784
vt 0.712358 0.085080
vt 0.693537 0.089375
vt 0.768790 0.416654
vt 0.768693 0.415885
vt 0.787193 0.412835
vt 0.787463 0.413778
vt 0.768461 0.413859
vt 0.786697 0.410765
vt 0.805282 0.407862
vt 0.805857 0.409249
vt 0.804482 0.405678
vt 0.768815 0.416787
vt 0.750000 0.416931
vt 0.750000 0.414904
vt 0.750000 0.410957
vt 0.768018 0.409935
vt 0.785812 0.406904
vt 0.803160 0.401914
vt 0.819837 0.395017
vt 0.821575 0.398627
vt 0.822636 0.400830
vt 0.823500 0.402625
vt 0.806308 0.410213
vt 0.659689 0.105774
vt 0.659941 0.106074
vt 0.645466 0.118654
vt 0.644856 0.118025
vt 0.660648 0.107006
vt 0.646701 0.120075
vt 0.631653 0.131661
vt 0.630515 0.130655
vt 0.633307 0.133252
vt 0.662585 0.110004
vt 0.649148 0.123118
vt 0.636128 0.136063
vt 0.624159 0.149645
vt 0.621026 0.147147
vt 0.619115 0.145623
vt 0.617552 0.144376
vt 0.839730 0.393018
vt 0.838965 0.391655
vt 0.854213 0.380679
vt 0.854987 0.381650
vt 0.837747 0.389661
vt 0.852823 0.378936
vt 0.868307 0.368256
vt 0.869466 0.369305
vt 0.866634 0.366624
vt 0.835627 0.386279
vt 0.850344 0.375827
vt 0.863808 0.363805
vt 0.880885 0.354377
vt 0.607059 0.160067
vt 0.608293 0.160953
vt 0.598686 0.177314
vt 0.597937 0.176860
vt 0.610213 0.162211
vt 0.600346 0.178202
vt 0.589642 0.194225
vt 0.589294 0.194046
vt 0.590709 0.194708
vt 0.613581 0.164336
vt 0.603858 0.179911
vt 0.594063 0.195929
vt 0.892897 0.339923
vt 0.891617 0.339027
vt 0.900593 0.322522
vt 0.901711 0.323060
vt 0.889654 0.337758
vt 0.898583 0.321554
vt 0.907900 0.305214
vt 0.909399 0.305656
vt 0.905685 0.304469
vt 0.886276 0.335631
vt 0.895001 0.319829
vt 0.901916 0.303155
vt 0.906921 0.285816
vt 0.910828 0.286708
vt 0.913211 0.287252
vt 0.915153 0.287695
vt 0.580896 0.230682
vt 0.581304 0.249894
vt 0.582525 0.268920
vt 0.584677 0.287734
vt 0.585492 0.287548
vt 0.917729 0.269010
vt 0.916220 0.268765
vt 0.917145 0.250000
vt 0.918357 0.250000
vt 0.913900 0.268474
vt 0.914915 0.250000
vt 0.916220 0.231235
vt 0.917729 0.230990
vt 0.913900 0.231526
vt 0.918798 0.269229
vt 0.909935 0.268023
vt 0.910939 0.250000
vt 0.909935 0.231977
vt 0.918798 0.230771
vt 0.590425 0.305727
vt 0.590901 0.305618
vt 0.598056 0.323290
vt 0.597911 0.323323
vt 0.590425 0.305727
vt 0.597911 0.323323
vt 0.606025 0.340777
vt 0.586430 0.307233
vt 0.590096 0.305950
vt 0.597375 0.323501
vt 0.593875 0.325186
vt 0.591447 0.305477
vt 0.598664 0.322880
vt 0.606558 0.340134
vt 0.603269 0.342200
vt 0.607770 0.339372
vt 0.573664 0.290248
vt 0.581040 0.288564
vt 0.579289 0.309732
vt 0.584828 0.287700
vt 0.586223 0.287381
vt 0.586423 0.287336
vt 0.591640 0.305410
vt 0.598848 0.322791
vt 0.607943 0.339263
vt 0.618821 0.354612
vt 0.618661 0.354739
vt 0.617542 0.355632
vt 0.614505 0.358054
vt 0.596863 0.346225
vt 0.608590 0.362771
vt 0.587059 0.328468
vt 0.922248 0.269415
vt 0.918693 0.269043
vt 0.919634 0.250000
vt 0.923315 0.250000
vt 0.918038 0.269045
vt 0.918668 0.250000
vt 0.918693 0.230957
vt 0.922248 0.230586
vt 0.918038 0.230955
vt 0.926336 0.290248
vt 0.919018 0.288577
vt 0.929722 0.270253
vt 0.915638 0.287806
vt 0.915457 0.287764
vt 0.918798 0.269229
vt 0.918929 0.250000
vt 0.918798 0.230771
vt 0.915457 0.212236
vt 0.915638 0.212194
vt 0.919018 0.211423
vt 0.929722 0.229747
vt 0.926336 0.209753
vt 0.577754 0.230585
vt 0.581321 0.230953
vt 0.580482 0.249973
vt 0.576700 0.249997
vt 0.582006 0.230945
vt 0.581681 0.249920
vt 0.581641 0.268967
vt 0.577794 0.269405
vt 0.583035 0.268800
vt 0.573664 0.209752
vt 0.580982 0.211423
vt 0.570278 0.229747
vt 0.584362 0.212194
vt 0.584544 0.212236
vt 0.581275 0.230755
vt 0.581653 0.249867
vt 0.583209 0.268771
vt 0.586422 0.287336
vt 0.586223 0.287381
vt 0.584828 0.287700
vt 0.581040 0.288564
vt 0.570278 0.270253
vt 0.573664 0.290248
vt 0.569149 0.250000
vt 0.896767 0.342228
vt 0.893725 0.340351
vt 0.902835 0.323602
vt 0.906152 0.325199
vt 0.893160 0.340088
vt 0.901991 0.323195
vt 0.910250 0.306036
vt 0.913614 0.307244
vt 0.909693 0.305758
vt 0.885542 0.358091
vt 0.903137 0.346226
vt 0.882831 0.355929
vt 0.882692 0.355818
vt 0.912941 0.328468
vt 0.603234 0.157772
vt 0.606275 0.159649
vt 0.597165 0.176399
vt 0.593849 0.174801
vt 0.606840 0.159912
vt 0.598009 0.176805
vt 0.589750 0.193964
vt 0.586386 0.192756
vt 0.590307 0.194242
vt 0.608590 0.137229
vt 0.614458 0.141909
vt 0.596863 0.153775
vt 0.617169 0.144071
vt 0.617308 0.144182
vt 0.579289 0.190268
vt 0.842216 0.396774
vt 0.840290 0.393763
vt 0.855765 0.382625
vt 0.858060 0.385503
vt 0.839895 0.393281
vt 0.855181 0.381893
vt 0.870067 0.370016
vt 0.872574 0.372564
vt 0.869686 0.369524
vt 0.828477 0.412959
vt 0.825220 0.406196
vt 0.846221 0.403140
vt 0.823716 0.403072
vt 0.823635 0.402905
vt 0.877889 0.377885
vt 0.862759 0.391395
vt 0.657784 0.103226
vt 0.659710 0.106237
vt 0.644235 0.117375
vt 0.641940 0.114497
vt 0.660105 0.106719
vt 0.644819 0.118107
vt 0.629933 0.129984
vt 0.627426 0.127436
vt 0.630315 0.130476
vt 0.674780 0.093804
vt 0.676284 0.096928
vt 0.676365 0.097095
vt 0.622111 0.122115
vt 0.769401 0.422207
vt 0.768972 0.418358
vt 0.787747 0.415262
vt 0.788566 0.418955
vt 0.768825 0.416963
vt 0.787532 0.414081
vt 0.806104 0.410211
vt 0.807257 0.413608
vt 0.805960 0.409542
vt 0.750000 0.423305
vt 0.770247 0.429723
vt 0.750000 0.419420
vt 0.750000 0.417989
vt 0.806308 0.410213
vt 0.809737 0.420709
vt 0.790243 0.426317
vt 0.730599 0.077793
vt 0.731028 0.081642
vt 0.712253 0.084738
vt 0.711434 0.081045
vt 0.731175 0.083037
vt 0.712468 0.085919
vt 0.693896 0.089789
vt 0.692743 0.086393
vt 0.694041 0.090458
vt 0.750000 0.069129
vt 0.750000 0.076695
vt 0.729753 0.070277
vt 0.750000 0.080580
vt 0.750000 0.082011
vt 0.750000 0.082216
vt 0.731186 0.083214
vt 0.712410 0.085903
vt 0.693692 0.089787
vt 0.690263 0.079291
vt 0.709757 0.073684
vt 0.807257 0.086393
vt 0.806104 0.089789
vt 0.787747 0.084738
vt 0.788566 0.081045
vt 0.805960 0.090458
vt 0.787532 0.085919
vt 0.768972 0.081642
vt 0.769401 0.077793
vt 0.768825 0.083037
vt 0.828477 0.087041
vt 0.825220 0.093804
vt 0.823716 0.096928
vt 0.823635 0.097095
vt 0.806308 0.089787
vt 0.787590 0.085903
vt 0.768815 0.083214
vt 0.770247 0.070277
vt 0.692762 0.413569
vt 0.694045 0.409902
vt 0.712305 0.415154
vt 0.711440 0.418941
vt 0.694518 0.408551
vt 0.712623 0.413759
vt 0.731035 0.418345
vt 0.730600 0.422205
vt 0.731195 0.416922
vt 0.671523 0.412959
vt 0.674806 0.406143
vt 0.690263 0.420709
vt 0.676492 0.402642
vt 0.677112 0.401353
vt 0.750000 0.417989
vt 0.750000 0.419420
vt 0.750000 0.423305
vt 0.729753 0.429723
vt 0.750000 0.430871
vt 0.709757 0.426316
vt 0.872574 0.127436
vt 0.870067 0.129984
vt 0.855765 0.117375
vt 0.858060 0.114497
vt 0.869686 0.130476
vt 0.855181 0.118107
vt 0.840290 0.106237
vt 0.842216 0.103226
vt 0.839895 0.106719
vt 0.891411 0.137229
vt 0.885542 0.141909
vt 0.877889 0.122115
vt 0.882831 0.144071
vt 0.882692 0.144182
vt 0.846221 0.096860
vt 0.862759 0.108605
vt 0.627460 0.372536
vt 0.630208 0.369789
vt 0.644380 0.382443
vt 0.641958 0.385480
vt 0.631220 0.368777
vt 0.645272 0.381324
vt 0.659871 0.393445
vt 0.657804 0.396734
vt 0.660632 0.392233
vt 0.622111 0.377885
vt 0.631364 0.368632
vt 0.645400 0.381165
vt 0.660741 0.392060
vt 0.653779 0.403140
vt 0.637242 0.391395
vt 0.913614 0.192756
vt 0.910250 0.193964
vt 0.902835 0.176399
vt 0.906151 0.174801
vt 0.909693 0.194242
vt 0.901991 0.176805
vt 0.893725 0.159649
vt 0.896767 0.157772
vt 0.893160 0.159912
vt 0.920711 0.190269
vt 0.903137 0.153775
vt 0.912941 0.171532
vt 0.591597 0.305420
vt 0.591294 0.305496
vt 0.598639 0.322892
vt 0.598822 0.322803
vt 0.590500 0.305691
vt 0.598193 0.323106
vt 0.607660 0.339480
vt 0.607908 0.339290
vt 0.607013 0.339979
vt 0.586364 0.287349
vt 0.591640 0.305410
vt 0.585957 0.287442
vt 0.584736 0.287721
vt 0.617474 0.355686
vt 0.618448 0.354909
vt 0.618774 0.354649
vt 0.618821 0.354612
vt 0.598848 0.322791
vt 0.919162 0.230695
vt 0.919129 0.230702
vt 0.580955 0.230683
vt 0.580911 0.230678
vt 0.581420 0.249867
vt 0.581536 0.249847
vt 0.580880 0.230685
vt 0.581173 0.249924
vt 0.582860 0.268844
vt 0.583154 0.268777
vt 0.582091 0.269019
vt 0.893062 0.340016
vt 0.892681 0.339711
vt 0.902036 0.323099
vt 0.902153 0.323192
vt 0.893063 0.340016
vt 0.910739 0.305966
vt 0.910753 0.305978
vt 0.910754 0.305978
vt 0.882579 0.355728
vt 0.881925 0.355207
vt 0.882579 0.355728
vt 0.606938 0.159984
vt 0.607319 0.160289
vt 0.597964 0.176901
vt 0.597847 0.176808
vt 0.606938 0.159984
vt 0.597847 0.176808
vt 0.589261 0.194034
vt 0.589247 0.194022
vt 0.589247 0.194022
vt 0.617422 0.144272
vt 0.618075 0.144793
vt 0.617422 0.144272
vt 0.840345 0.394267
vt 0.840331 0.394255
vt 0.855097 0.381958
vt 0.855214 0.382051
vt 0.869211 0.369141
vt 0.869593 0.369445
vt 0.869593 0.369445
vt 0.659655 0.105733
vt 0.659669 0.105745
vt 0.644903 0.118042
vt 0.644786 0.117949
vt 0.659655 0.105733
vt 0.644786 0.117949
vt 0.630789 0.130859
vt 0.630407 0.130555
vt 0.768820 0.416798
vt 0.768821 0.416800
vt 0.787642 0.414205
vt 0.787636 0.414191
vt 0.806463 0.410535
vt 0.806449 0.410507
vt 0.806449 0.410507
vt 0.750000 0.417784
vt 0.731180 0.083159
vt 0.731179 0.082857
vt 0.712358 0.085676
vt 0.712365 0.085794
vt 0.731179 0.082068
vt 0.712358 0.085423
vt 0.693537 0.089450
vt 0.693551 0.089492
vt 0.693537 0.089418
vt 0.750000 0.082156
vt 0.750000 0.081738
vt 0.750000 0.080493
vt 0.806449 0.089492
vt 0.806463 0.089450
vt 0.787642 0.085676
vt 0.787636 0.085794
vt 0.806449 0.089449
vt 0.787636 0.085451
vt 0.768821 0.082857
vt 0.768820 0.083159
vt 0.768820 0.082102
vt 0.712669 0.413559
vt 0.731218 0.416719
vt 0.677201 0.401168
vt 0.677201 0.401168
vt 0.869593 0.130555
vt 0.869211 0.130859
vt 0.855097 0.118042
vt 0.855214 0.117949
vt 0.869593 0.130555
vt 0.855214 0.117949
vt 0.840331 0.105745
vt 0.840345 0.105733
vt 0.840345 0.105733
vt 0.882579 0.144272
vt 0.881926 0.144793
vt 0.882578 0.144272
vt 0.631331 0.368659
vt 0.631096 0.368846
vt 0.645307 0.381239
vt 0.645388 0.381174
vt 0.630504 0.369318
vt 0.645120 0.381388
vt 0.660729 0.392069
vt 0.660740 0.392061
vt 0.660706 0.392088
vt 0.631364 0.368632
vt 0.645400 0.381165
vt 0.910754 0.194022
vt 0.910739 0.194034
vt 0.902036 0.176901
vt 0.902153 0.176808
vt 0.902153 0.176808
vt 0.892681 0.160289
vt 0.893062 0.159984
vt 0.893063 0.159984
vt 0.792908 0.370458
vt 0.797610 0.385573
vt 0.781844 0.389516
vt 0.777990 0.372633
vt 0.800986 0.395643
vt 0.784319 0.400363
vt 0.765929 0.392804
vt 0.763607 0.377146
vt 0.767255 0.403342
vt 0.806432 0.367183
vt 0.787989 0.349605
vt 0.812600 0.379990
vt 0.816988 0.389102
vt 0.803160 0.401914
vt 0.785812 0.406904
vt 0.768018 0.409935
vt 0.750000 0.404392
vt 0.750000 0.394278
vt 0.750000 0.380063
vt 0.758990 0.356223
vt 0.840923 0.339912
vt 0.851718 0.351490
vt 0.839224 0.361883
vt 0.828427 0.348344
vt 0.859129 0.359098
vt 0.846161 0.370582
vt 0.826312 0.371751
vt 0.817426 0.358651
vt 0.832079 0.380670
vt 0.827444 0.323258
vt 0.862801 0.339956
vt 0.863809 0.363805
vt 0.850344 0.375827
vt 0.835627 0.386279
vt 0.804188 0.341803
vt 0.870930 0.291558
vt 0.885679 0.297306
vt 0.878932 0.312090
vt 0.863330 0.304577
vt 0.895658 0.300944
vt 0.888956 0.316918
vt 0.871580 0.326584
vt 0.857890 0.318636
vt 0.880646 0.332116
vt 0.876802 0.278942
vt 0.890661 0.282105
vt 0.900521 0.284355
vt 0.906922 0.285816
vt 0.901916 0.303155
vt 0.876986 0.234973
vt 0.892768 0.233752
vt 0.893104 0.250000
vt 0.875786 0.250000
vt 0.903337 0.232701
vt 0.904230 0.250000
vt 0.892768 0.266248
vt 0.876986 0.265027
vt 0.903337 0.267299
vt 0.876802 0.221058
vt 0.890660 0.217895
vt 0.900521 0.215645
vt 0.906921 0.214184
vt 0.909935 0.231977
vt 0.910939 0.250000
vt 0.909935 0.268023
vt 0.855561 0.264872
vt 0.857890 0.181364
vt 0.871580 0.173416
vt 0.878932 0.187910
vt 0.863330 0.195423
vt 0.880646 0.167884
vt 0.888956 0.183082
vt 0.885680 0.202694
vt 0.870930 0.208442
vt 0.895658 0.199056
vt 0.851687 0.168907
vt 0.862801 0.160044
vt 0.875841 0.149645
vt 0.886276 0.164369
vt 0.895001 0.180171
vt 0.901916 0.196845
vt 0.851560 0.217599
vt 0.817426 0.141349
vt 0.826312 0.128249
vt 0.839224 0.138117
vt 0.828427 0.151656
vt 0.832079 0.119331
vt 0.846161 0.129418
vt 0.851718 0.148510
vt 0.840923 0.160088
vt 0.859129 0.140902
vt 0.806432 0.132817
vt 0.812600 0.120010
vt 0.816988 0.110898
vt 0.835627 0.113721
vt 0.850344 0.124173
vt 0.863808 0.136195
vt 0.827444 0.176742
vt 0.812866 0.171169
vt 0.763606 0.122758
vt 0.765925 0.106423
vt 0.781844 0.110221
vt 0.777990 0.127335
vt 0.767247 0.094238
vt 0.784320 0.098867
vt 0.797610 0.114394
vt 0.792908 0.129538
vt 0.800986 0.104261
vt 0.749996 0.119788
vt 0.749968 0.104531
vt 0.749912 0.091426
vt 0.785812 0.091926
vt 0.803160 0.097939
vt 0.787989 0.150396
vt 0.707040 0.129403
vt 0.701971 0.113311
vt 0.717915 0.109425
vt 0.721980 0.127235
vt 0.697595 0.100602
vt 0.733966 0.106009
vt 0.736380 0.122706
vt 0.732394 0.092660
vt 0.693507 0.132682
vt 0.712011 0.150396
vt 0.686912 0.118924
vt 0.681276 0.107091
vt 0.741010 0.143777
vt 0.659075 0.160084
vt 0.648268 0.148480
vt 0.660662 0.137880
vt 0.671559 0.151627
vt 0.640829 0.140816
vt 0.653505 0.128724
vt 0.673357 0.127551
vt 0.682533 0.141262
vt 0.666879 0.117146
vt 0.648313 0.168907
vt 0.672557 0.176742
vt 0.637199 0.160044
vt 0.629292 0.153738
vt 0.624159 0.149645
vt 0.636128 0.136063
vt 0.662585 0.110004
vt 0.687135 0.171169
vt 0.628976 0.208421
vt 0.613566 0.202526
vt 0.620812 0.187851
vt 0.636639 0.195416
vt 0.601981 0.198525
vt 0.610293 0.182911
vt 0.628388 0.173409
vt 0.642106 0.181363
vt 0.619260 0.167862
vt 0.623052 0.221029
vt 0.595382 0.214799
vt 0.594063 0.195929
vt 0.603858 0.179911
vt 0.613581 0.164336
vt 0.661346 0.190800
vt 0.622865 0.265048
vt 0.606035 0.266416
vt 0.605810 0.250000
vt 0.624078 0.250000
vt 0.592652 0.267863
vt 0.606051 0.233591
vt 0.622867 0.234953
vt 0.592687 0.232153
vt 0.623036 0.278979
vt 0.594985 0.285381
vt 0.641986 0.318718
vt 0.627426 0.327241
vt 0.620090 0.312562
vt 0.636548 0.304636
vt 0.616009 0.334335
vt 0.607794 0.318483
vt 0.628926 0.291604
vt 0.648194 0.331183
vt 0.636248 0.340673
vt 0.625967 0.348801
vt 0.648440 0.282402
vt 0.659157 0.293748
vt 0.682571 0.358653
vt 0.673663 0.371772
vt 0.660571 0.362047
vt 0.671548 0.348364
vt 0.667846 0.380729
vt 0.653237 0.371062
vt 0.647676 0.351969
vt 0.659001 0.339972
vt 0.638973 0.360600
vt 0.693568 0.367183
vt 0.687400 0.379990
vt 0.683012 0.389102
vt 0.680164 0.395017
vt 0.648741 0.376557
vt 0.632966 0.366375
vt 0.736394 0.377146
vt 0.734072 0.392804
vt 0.718156 0.389516
vt 0.722010 0.372633
vt 0.732745 0.403342
vt 0.715681 0.400363
vt 0.702391 0.385573
vt 0.707093 0.370458
vt 0.699014 0.395643
vt 0.731982 0.409935
vt 0.714188 0.406904
vt 0.696840 0.401914
vt 0.946429 0.992581
vt 0.964286 0.993519
vt 0.964286 0.998135
vt 0.946429 0.997809
vt 0.982143 0.995985
vt 0.982143 0.998928
vt 0.964286 0.999767
vt 0.946429 0.999726
vt 0.982143 0.999866
vt 0.928572 0.982097
vt 0.928572 0.992447
vt 0.964286 0.983589
vt 0.982143 0.987505
vt 0.928572 0.999720
vt 0.928572 0.997762
vt 0.875000 0.992447
vt 0.892857 0.992447
vt 0.892857 0.997762
vt 0.875000 0.997762
vt 0.910714 0.992447
vt 0.910714 0.997762
vt 0.892857 0.999720
vt 0.875000 0.999720
vt 0.910714 0.999720
vt 0.857143 0.982097
vt 0.875000 0.982097
vt 0.857143 0.992447
vt 0.892857 0.982097
vt 0.910714 0.982097
vt 0.857143 0.999720
vt 0.857143 0.997762
vt 0.803571 0.992447
vt 0.821429 0.992447
vt 0.821429 0.997762
vt 0.803571 0.997762
vt 0.839286 0.992447
vt 0.839286 0.997762
vt 0.821429 0.999720
vt 0.803571 0.999720
vt 0.839286 0.999720
vt 0.803571 0.982097
vt 0.785714 0.992447
vt 0.839286 0.982097
vt 0.821429 1.000000
vt 0.803571 1.000000
vt 0.785714 0.999720
vt 0.785714 0.997762
vt 0.732143 0.992447
vt 0.750000 0.992447
vt 0.750000 0.997762
vt 0.732143 0.997762
vt 0.767857 0.992447
vt 0.767857 0.997762
vt 0.750000 0.999720
vt 0.732143 0.999720
vt 0.767857 0.999720
vt 0.714286 0.982097
vt 0.732143 0.982097
vt 0.714286 0.992447
vt 0.750000 0.982097
vt 0.767857 0.982097
vt 0.767857 1.000000
vt 0.750000 1.000000
vt 0.714286 0.999720
vt 0.714286 0.997762
vt 0.660714 0.992447
vt 0.678571 0.992447
vt 0.678571 0.997762
vt 0.660714 0.997762
vt 0.696428 0.992447
vt 0.696429 0.997762
vt 0.678571 0.999720
vt 0.660714 0.999720
vt 0.696429 0.999720
vt 0.642857 0.982097
vt 0.660714 0.982097
vt 0.642857 0.992447
vt 0.678571 0.982097
vt 0.696429 0.982097
vt 0.642857 0.999720
vt 0.642857 0.997762
vt 0.589286 0.992447
vt 0.607143 0.992447
vt 0.607143 0.997762
vt 0.589286 0.997762
vt 0.625000 0.992447
vt 0.625000 0.997762
vt 0.607143 0.999720
vt 0.589286 0.999720
vt 0.625000 0.999720
vt 0.571428 0.982097
vt 0.589286 0.982097
vt 0.571428 0.992447
vt 0.625000 0.982097
vt 0.625000 1.000000
vt 0.571428 0.999720
vt 0.571428 0.997762
vt 0.517857 0.992447
vt 0.535714 0.992447
vt 0.535714 0.997762
vt 0.517857 0.997762
vt 0.553571 0.992447
vt 0.553571 0.997762
vt 0.535714 0.999720
vt 0.517857 0.999720
vt 0.553571 0.999720
vt 0.500000 0.982097
vt 0.517857 0.982097
vt 0.500000 0.992447
vt 0.535714 0.982097
vt 0.553571 0.982097
vt 0.500000 0.999720
vt 0.500000 0.997762
vt 0.446428 0.992447
vt 0.464286 0.992447
vt 0.464286 0.997762
vt 0.446428 0.997762
vt 0.482143 0.992447
vt 0.482143 0.997762
vt 0.464286 0.999720
vt 0.446428 0.999720
vt 0.482143 0.999720
vt 0.428571 0.982097
vt 0.446428 0.982097
vt 0.428571 0.992447
vt 0.464286 0.982097
vt 0.482143 0.982097
vt 0.482143 1.000000
vt 0.428571 0.999720
vt 0.428571 0.997762
vt 0.375000 0.992447
vt 0.392857 0.992447
vt 0.392857 0.997762
vt 0.375000 0.997762
vt 0.410714 0.992447
vt 0.410714 0.997762
vt 0.392857 0.999720
vt 0.375000 0.999720
vt 0.410714 0.999720
vt 0.357143 0.982097
vt 0.375000 0.982097
vt 0.357143 0.992447
vt 0.410714 0.982097
vt 0.375000 1.000000
vt 0.357143 0.999720
vt 0.357143 0.997762
vt 0.303571 0.992447
vt 0.321428 0.992447
vt 0.321428 0.997762
vt 0.303571 0.997762
vt 0.339286 0.992447
vt 0.339286 0.997762
vt 0.321428 0.999720
vt 0.303571 0.999720
vt 0.339286 0.999720
vt 0.285714 0.982097
vt 0.303571 0.982097
vt 0.285714 0.992447
vt 0.321428 0.982097
vt 0.339286 1.000000
vt 0.303571 1.000000
vt 0.285714 0.999720
vt 0.285714 0.997762
vt 0.232143 0.992447
vt 0.250000 0.992447
vt 0.250000 0.997762
vt 0.232143 0.997762
vt 0.267857 0.992447
vt 0.267857 0.997762
vt 0.250000 0.999720
vt 0.232143 0.999720
vt 0.267857 0.999720
vt 0.214286 0.982097
vt 0.232143 0.982097
vt 0.214286 0.992447
vt 0.250000 0.982097
vt 0.267857 0.982097
vt 0.214286 0.999720
vt 0.214286 0.997762
vt 0.160714 0.992447
vt 0.178571 0.992447
vt 0.178571 0.997762
vt 0.160714 0.997762
vt 0.196428 0.992447
vt 0.196428 0.997762
vt 0.178571 0.999720
vt 0.160714 0.999720
vt 0.196428 0.999720
vt 0.142857 0.982097
vt 0.160714 0.982097
vt 0.142857 0.992447
vt 0.178571 0.982097
vt 0.142857 0.999720
vt 0.142857 0.997762
vt 0.089286 0.992447
vt 0.107143 0.992447
vt 0.107143 0.997762
vt 0.089286 0.997762
vt 0.125000 0.992447
vt 0.125000 0.997762
vt 0.107143 0.999720
vt 0.089286 0.999720
vt 0.125000 0.999720
vt 0.089286 0.982097
vt 0.071428 0.992447
vt 0.107143 0.982097
vt 0.125000 0.982097
vt 0.125000 1.000000
vt 0.089286 1.000000
vt 0.071428 0.999720
vt 0.071428 0.997762
vt 0.017857 0.995985
vt 0.035714 0.993519
vt 0.035714 0.998135
vt 0.017857 0.998928
vt 0.053571 0.992581
vt 0.053571 0.997809
vt 0.035714 0.999767
vt 0.017857 0.999866
vt 0.053571 0.999726
vt 0.017857 0.987505
vt 0.216956 0.602285
vt 0.214999 0.584731
vt 0.215526 0.584150
vt 0.218595 0.600470
vt 0.214375 0.565718
vt 0.214441 0.565645
vt 0.215743 0.583911
vt 0.219219 0.599778
vt 0.214468 0.565615
vt 0.214286 0.624922
vt 0.222610 0.615857
vt 0.214472 0.565611
vt 0.215774 0.583876
vt 0.219308 0.599679
vt 0.226066 0.611929
vt 0.226190 0.611787
vt 0.225198 0.612922
vt 0.501675 0.221661
vt 0.501675 0.306679
vt 0.501675 0.221661
vt 0.501675 0.193321
vt 0.265187 0.630364
vt 0.249287 0.632693
vt 0.248760 0.629393
vt 0.263548 0.625821
vt 0.232054 0.633419
vt 0.231988 0.630580
vt 0.248574 0.626762
vt 0.262928 0.622885
vt 0.232026 0.627930
vt 0.285714 0.636373
vt 0.267857 0.636373
vt 0.277406 0.623513
vt 0.250000 0.636373
vt 0.232143 0.636373
vt 0.232701 0.625225
vt 0.248760 0.624716
vt 0.262866 0.621101
vt 0.273933 0.615001
vt 0.273809 0.613378
vt 0.274801 0.618011
vt 0.285625 0.567866
vt 0.285001 0.588985
vt 0.284474 0.587048
vt 0.285559 0.567126
vt 0.283044 0.608509
vt 0.281405 0.604634
vt 0.284257 0.585673
vt 0.285532 0.566523
vt 0.280781 0.602285
vt 0.285714 0.613808
vt 0.280692 0.600976
vt 0.284226 0.584791
vt 0.285528 0.566083
vt 0.285629 0.568571
vt 0.285032 0.590382
vt 0.284722 0.589990
vt 0.285590 0.568522
vt 0.283133 0.610547
vt 0.282118 0.609264
vt 0.285032 0.590382
vt 0.277530 0.626031
vt 0.275794 0.623837
vt 0.277530 0.626031
vt 0.265276 0.633111
vt 0.249318 0.635511
vt 0.249008 0.635119
vt 0.264261 0.631828
vt 0.232057 0.636265
vt 0.232019 0.636216
vt 0.249318 0.635511
vt 0.265276 0.633111
vt 0.232057 0.636265
vt 0.267857 0.636373
vt 0.250000 0.636373
vt 0.501675 0.306679
vt 0.501675 0.193321
vt 0.211705 0.613878
vt 0.210689 0.591277
vt 0.213294 0.591244
vt 0.213604 0.613808
vt 0.211705 0.568683
vt 0.213604 0.568679
vt 0.214162 0.591244
vt 0.214200 0.613808
vt 0.214200 0.568679
vt 0.206086 0.614598
vt 0.262928 0.620012
vt 0.249256 0.623133
vt 0.249752 0.622106
vt 0.262990 0.619426
vt 0.234693 0.622134
vt 0.236266 0.620081
vt 0.249969 0.621697
vt 0.263017 0.619207
vt 0.236890 0.619289
vt 0.273809 0.612458
vt 0.236979 0.619175
vt 0.250000 0.621638
vt 0.263021 0.619175
vt 0.273809 0.611812
vt 0.273809 0.611787
vt 0.273809 0.611986
vt 0.285528 0.565810
vt 0.284226 0.584262
vt 0.284226 0.583991
vt 0.285528 0.565670
vt 0.280692 0.600226
vt 0.280692 0.599841
vt 0.284226 0.583891
vt 0.285528 0.565619
vt 0.280692 0.599699
vt 0.280692 0.599679
vt 0.284226 0.583876
vt 0.285528 0.565611
vt 0.263021 0.619174
vt 0.250000 0.621637
vt 0.250000 0.621630
vt 0.263021 0.619167
vt 0.236979 0.619174
vt 0.236979 0.619167
vt 0.250000 0.621610
vt 0.263021 0.619148
vt 0.236979 0.619148
vt 0.273809 0.611787
vt 0.263021 0.619175
vt 0.273809 0.611786
vt 0.250000 0.621638
vt 0.236979 0.619175
vt 0.226190 0.611787
vt 0.226190 0.611786
vt 0.226190 0.611780
vt 0.226190 0.611762
vt 0.226190 0.611729
vt 0.236979 0.619110
vt 0.250000 0.621571
vt 0.263021 0.619110
vt 0.273809 0.611762
vt 0.273809 0.611729
vt 0.273809 0.611780
vt 0.263021 0.619175
vt 0.236979 0.619175
vt 0.236979 0.619175
vt 0.250000 0.621638
vt 0.263021 0.619175
vt 0.236979 0.619175
vt 0.226190 0.611787
vt 0.226190 0.611787
vt 0.273809 0.611787
vt 0.273809 0.611787
vt 0.284226 0.583876
vt 0.280692 0.599679
vt 0.280692 0.599679
vt 0.273809 0.611787
vt 0.219308 0.599679
vt 0.215774 0.583876
vt 0.215774 0.583876
vt 0.219308 0.599679
vt 0.214472 0.565611
vt 0.219308 0.599679
vt 0.226190 0.611787
vt 0.226190 0.611787
vt 0.219219 0.599685
vt 0.215743 0.583845
vt 0.215526 0.584043
vt 0.218595 0.600312
vt 0.214468 0.565582
vt 0.214441 0.565591
vt 0.214999 0.584575
vt 0.216956 0.602044
vt 0.214375 0.565639
vt 0.226190 0.611729
vt 0.219308 0.599631
vt 0.226066 0.611811
vt 0.215774 0.583843
vt 0.214472 0.565594
vt 0.214286 0.546115
vt 0.214286 0.565711
vt 0.214286 0.585307
vt 0.214286 0.604903
vt 0.222594 0.615469
vt 0.214286 0.624499
vt 0.225198 0.612692
vt 0.285528 0.565611
vt 0.284226 0.583876
vt 0.284226 0.583872
vt 0.285528 0.565609
vt 0.280692 0.599678
vt 0.280692 0.599673
vt 0.284226 0.583862
vt 0.285528 0.565604
vt 0.280692 0.599659
vt 0.273809 0.611786
vt 0.273809 0.611780
vt 0.273809 0.611763
vt 0.280692 0.599631
vt 0.284226 0.583843
vt 0.285528 0.565594
vt 0.219308 0.599678
vt 0.215774 0.583876
vt 0.215774 0.583872
vt 0.219308 0.599673
vt 0.214472 0.565611
vt 0.214472 0.565609
vt 0.215774 0.583862
vt 0.219308 0.599659
vt 0.214472 0.565604
vt 0.226190 0.611786
vt 0.226190 0.611762
vt 0.226190 0.611780
vt 0.267942 0.668437
vt 0.250682 0.668477
vt 0.250992 0.712430
vt 0.267981 0.712372
vt 0.234724 0.668315
vt 0.235739 0.712605
vt 0.250682 0.756342
vt 0.267942 0.756302
vt 0.234724 0.756758
vt 0.285714 0.624499
vt 0.267857 0.624499
vt 0.285714 0.668432
vt 0.250000 0.624499
vt 0.232143 0.624499
vt 0.222470 0.666092
vt 0.224206 0.713028
vt 0.222470 0.759732
vt 0.214286 0.800229
vt 0.232143 0.800229
vt 0.250000 0.800229
vt 0.267857 0.800229
vt 0.285714 0.756296
vt 0.285714 0.800229
vt 0.285714 0.712364
vt 0.501675 0.278339
vt 0.501675 0.250000
vt 0.501675 0.278339
vt 0.263106 0.619166
vt 0.250000 0.621577
vt 0.250000 0.621972
vt 0.263703 0.619900
vt 0.236894 0.619152
vt 0.236297 0.619788
vt 0.250000 0.623034
vt 0.265276 0.621807
vt 0.234724 0.621568
vt 0.263021 0.619110
vt 0.273933 0.611923
vt 0.250000 0.621571
vt 0.236979 0.619110
vt 0.277390 0.618079
vt 0.285714 0.624499
vt 0.274801 0.613592
vt 0.285532 0.565891
vt 0.284257 0.584295
vt 0.284474 0.587642
vt 0.285559 0.568065
vt 0.280781 0.600008
vt 0.281405 0.602898
vt 0.284970 0.597586
vt 0.285621 0.575285
vt 0.282978 0.611285
vt 0.284970 0.630950
vt 0.285466 0.621021
vt 0.285683 0.598246
vt 0.285714 0.546115
vt 0.285710 0.650171
vt 0.285683 0.662598
vt 0.285714 0.714804
vt 0.285714 0.715984
vt 0.285648 0.667928
vt 0.285714 0.713593
vt 0.285714 0.767061
vt 0.285714 0.781860
vt 0.285714 0.759248
vt 0.285714 0.631630
vt 0.285714 0.800229
vt 0.285714 0.795783
vt 0.285714 0.808707
vt 0.285714 0.834055
vt 0.285714 0.802661
vt 0.285714 0.888176
vt 0.285714 0.717145
vt 0.216867 0.659115
vt 0.214968 0.650076
vt 0.215278 0.714820
vt 0.217882 0.713799
vt 0.214371 0.640835
vt 0.214410 0.715957
vt 0.214968 0.779523
vt 0.216867 0.768348
vt 0.214371 0.791073
vt 0.214286 0.631629
vt 0.214286 0.717144
vt 0.214286 0.802658
vt 0.214286 0.888173
vt 0.214286 0.866187
vt 0.214286 0.844201
vt 0.214286 0.822215
vt 0.501675 0.278232
vt 0.501675 0.250033
vt 0.501675 0.250066
vt 0.501675 0.278124
vt 0.501675 0.221835
vt 0.501675 0.222009
vt 0.501675 0.250099
vt 0.501675 0.278016
vt 0.501675 0.222183
vt 0.501675 0.306430
vt 0.501675 0.193636
vt 0.501675 0.193951
vt 0.501675 0.194266
vt 0.501675 0.194581
vt 0.501675 0.222357
vt 0.501675 0.250133
vt 0.501675 0.277908
vt 0.501675 0.305933
vt 0.501675 0.305684
vt 0.501675 0.306181
vt 0.125000 0.683037
vt 0.125000 0.719426
vt 0.107143 0.719426
vt 0.107143 0.683037
vt 0.125000 0.755810
vt 0.107143 0.755810
vt 0.089286 0.719426
vt 0.089286 0.683037
vt 0.089286 0.755810
vt 0.142857 0.649015
vt 0.142857 0.683037
vt 0.125000 0.649015
vt 0.142857 0.719426
vt 0.142857 0.755810
vt 0.071428 0.719426
vt 0.089286 0.649015
vt 0.071428 0.649015
vt 0.107143 0.649015
vt 0.053571 0.871060
vt 0.035714 0.870937
vt 0.035714 0.846514
vt 0.053571 0.846336
vt 0.017857 0.870609
vt 0.017857 0.846947
vt 0.035714 0.820461
vt 0.053571 0.819804
vt 0.017857 0.822190
vt 0.071428 0.871077
vt -0.000000 0.870057
vt -0.000000 0.847533
vt -0.000000 0.825010
vt 0.071428 0.846310
vt 0.196363 0.680708
vt 0.196428 0.719428
vt 0.178571 0.719427
vt 0.178540 0.682313
vt 0.196363 0.758142
vt 0.178540 0.756535
vt 0.160714 0.719426
vt 0.160710 0.682946
vt 0.160710 0.755901
vt 0.214270 0.678658
vt 0.214286 0.719429
vt 0.214270 0.760198
vt 0.142857 0.755810
vt 0.142857 0.719426
vt 0.142857 0.683037
vt 0.267857 0.677967
vt 0.267857 0.719429
vt 0.250000 0.719429
vt 0.250000 0.677901
vt 0.267857 0.760892
vt 0.250000 0.760958
vt 0.232143 0.719429
vt 0.232143 0.677967
vt 0.232143 0.760892
vt 0.285714 0.678658
vt 0.285714 0.719429
vt 0.285730 0.760198
vt 0.267857 0.802486
vt 0.250000 0.802486
vt 0.232143 0.802486
vt 0.339286 0.682946
vt 0.339286 0.719426
vt 0.321428 0.719427
vt 0.321428 0.682312
vt 0.339289 0.755901
vt 0.321459 0.756535
vt 0.303571 0.719428
vt 0.303571 0.680708
vt 0.303637 0.758142
vt 0.357143 0.683037
vt 0.357143 0.719426
vt 0.357143 0.755810
vt 0.410714 0.683037
vt 0.410714 0.719426
vt 0.392857 0.719426
vt 0.392857 0.683037
vt 0.410714 0.755810
vt 0.392857 0.755810
vt 0.375000 0.719426
vt 0.375000 0.683037
vt 0.375000 0.755810
vt 0.428571 0.649015
vt 0.428571 0.683037
vt 0.410714 0.649015
vt 0.428571 0.719426
vt 0.428571 0.755810
vt 0.357143 0.755810
vt 0.357143 0.719426
vt 0.357143 0.683037
vt 0.375000 0.649015
vt 0.392857 0.649015
vt 0.482143 0.683037
vt 0.482143 0.719426
vt 0.464286 0.719426
vt 0.464286 0.683037
vt 0.482143 0.755810
vt 0.464286 0.755810
vt 0.446428 0.719426
vt 0.446428 0.683037
vt 0.446428 0.755810
vt 0.500000 0.649015
vt 0.500000 0.683037
vt 0.482143 0.649015
vt 0.500000 0.719426
vt 0.500000 0.755810
vt 0.446428 0.649015
vt 0.464286 0.649015
vt 0.553571 0.683037
vt 0.553571 0.719426
vt 0.535714 0.719426
vt 0.535714 0.683037
vt 0.553571 0.755810
vt 0.535714 0.755810
vt 0.517857 0.719426
vt 0.517857 0.683037
vt 0.517857 0.755810
vt 0.571428 0.649015
vt 0.571428 0.683037
vt 0.553571 0.649015
vt 0.571428 0.719426
vt 0.571428 0.755810
vt 0.517857 0.649015
vt 0.535714 0.649015
vt 0.625000 0.683037
vt 0.625000 0.719426
vt 0.607143 0.719426
vt 0.607143 0.683037
vt 0.625000 0.755810
vt 0.607143 0.755810
vt 0.589286 0.719426
vt 0.589286 0.683037
vt 0.589286 0.755810
vt 0.642857 0.649015
vt 0.642857 0.683037
vt 0.625000 0.649015
vt 0.642857 0.719426
vt 0.642857 0.755810
vt 0.589286 0.649015
vt 0.696429 0.683037
vt 0.696429 0.719426
vt 0.678571 0.719426
vt 0.678571 0.683037
vt 0.696429 0.755810
vt 0.678571 0.755810
vt 0.660714 0.719426
vt 0.660714 0.683037
vt 0.660714 0.755810
vt 0.714286 0.683037
vt 0.696428 0.649015
vt 0.714286 0.719426
vt 0.714286 0.755810
vt 0.660714 0.649015
vt 0.678571 0.649015
vt 0.767857 0.683037
vt 0.767857 0.719426
vt 0.750000 0.719426
vt 0.750000 0.683037
vt 0.767857 0.755810
vt 0.750000 0.755810
vt 0.732143 0.719426
vt 0.732143 0.683037
vt 0.732143 0.755810
vt 0.785714 0.649015
vt 0.785714 0.683037
vt 0.767857 0.649015
vt 0.785714 0.719426
vt 0.785714 0.755810
vt 0.732143 0.649015
vt 0.750000 0.649015
vt 0.839286 0.683037
vt 0.839286 0.719426
vt 0.821429 0.719426
vt 0.821429 0.683037
vt 0.839286 0.755810
vt 0.821428 0.755810
vt 0.803571 0.719426
vt 0.803571 0.683037
vt 0.803571 0.755810
vt 0.857143 0.649015
vt 0.857143 0.683037
vt 0.839286 0.649015
vt 0.857143 0.719426
vt 0.857143 0.755810
vt 0.803571 0.649015
vt 0.821429 0.649015
vt 0.910714 0.683037
vt 0.910714 0.719426
vt 0.892857 0.719426
vt 0.892857 0.683037
vt 0.910714 0.755810
vt 0.892857 0.755810
vt 0.875000 0.719426
vt 0.875000 0.683037
vt 0.875000 0.755810
vt 0.928572 0.649015
vt 0.928571 0.683037
vt 0.910714 0.649015
vt 0.928571 0.719426
vt 0.928571 0.755810
vt 0.875000 0.649015
vt 0.892857 0.649015
vt 0.982143 0.680642
vt 0.982143 0.719428
vt 0.964286 0.719427
vt 0.964286 0.682312
vt 0.982143 0.758211
vt 0.964286 0.756536
vt 0.946429 0.719426
vt 0.946429 0.682946
vt 0.946429 0.755901
vt 1.000000 0.677901
vt 1.000000 0.719429
vt 1.000000 0.760958
vt 0.928572 0.755810
vt 0.928572 0.719426
vt 0.928572 0.683037
vt 0.211705 0.824125
vt 0.213604 0.823580
vt 0.213294 0.845821
vt 0.210689 0.846507
vt 0.214200 0.822909
vt 0.214162 0.845028
vt 0.213604 0.868090
vt 0.211705 0.868977
vt 0.214200 0.867150
vt 0.214286 0.801922
vt 0.206086 0.823880
vt 0.214286 0.801358
vt 0.214286 0.800793
vt 0.214286 0.800229
vt 0.214286 0.889275
vt 0.214286 0.890377
vt 0.214286 0.891478
vt 0.206086 0.869784
vt 0.285799 0.813961
vt 0.286396 0.821141
vt 0.286706 0.842272
vt 0.285838 0.832162
vt 0.288295 0.823820
vt 0.289310 0.846064
vt 0.286396 0.865651
vt 0.285799 0.857633
vt 0.288295 0.868673
vt 0.285714 0.800793
vt 0.285714 0.795783
vt 0.285714 0.801358
vt 0.285714 0.801922
vt 0.293914 0.823880
vt 0.295635 0.846867
vt 0.293914 0.869785
vt 0.285714 0.891479
vt 0.285714 0.890378
vt 0.285714 0.889277
vt 0.285714 0.834056
vt 0.000000 0.000000
s 1
f 2029/1/1977 2030/2/1978 2033/3/1981 2032/4/1980
f 2030/2/1978 2031/5/1979 2034/6/1982 2033/3/1981
f 2032/4/1980 2033/3/1981 2036/7/1984 2035/8/1983
f 2033/3/1981 2034/6/1982 2037/9/1985 2036/7/1984
f 69/10/69 543/11/543 2029/1/1977 406/12/406
f 543/11/543 542/13/542 2030/2/1978 2029/1/1977
f 542/13/542 541/14/541 2031/5/1979 2030/2/1978
f 541/14/541 44/15/44 586/16/586 2031/5/1979
f 2031/5/1979 586/16/586 587/17/587 2034/6/1982
f 2034/6/1982 587/17/587 588/18/588 2037/9/1985
f 2037/9/1985 588/18/588 43/19/43 544/20/544
f 2036/7/1984 2037/9/1985 544/20/544 545/21/545
f 2035/8/1983 2036/7/1984 545/21/545 546/22/546
f 408/23/408 2035/8/1983 546/22/546 70/24/70
f 407/25/407 2032/4/1980 2035/8/1983 408/23/408
f 406/12/406 2029/1/1977 2032/4/1980 407/25/407
f 2038/26/1986 2039/27/1987 2042/28/1990 2041/29/1989
f 2039/27/1987 2040/30/1988 2043/31/1991 2042/28/1990
f 2041/29/1989 2042/28/1990 2045/32/1993 2044/33/1992
f 2042/28/1990 2043/31/1991 2046/34/1994 2045/32/1993
f 41/35/41 405/36/405 2038/26/1986 463/37/463
f 405/36/405 404/38/404 2039/27/1987 2038/26/1986
f 404/38/404 403/39/403 2040/30/1988 2039/27/1987
f 403/39/403 4/40/4 312/41/312 2040/30/1988
f 2040/30/1988 312/41/312 311/42/311 2043/31/1991
f 2043/31/1991 311/42/311 310/43/310 2046/34/1994
f 2046/34/1994 310/43/310 6/44/6 394/45/394
f 2045/32/1993 2046/34/1994 394/45/394 395/46/395
f 2044/33/1992 2045/32/1993 395/46/395 396/47/396
f 465/48/465 2044/33/1992 396/47/396 40/49/40
f 464/50/464 2041/29/1989 2044/33/1992 465/48/465
f 463/37/463 2038/26/1986 2041/29/1989 464/50/464
f 2047/51/1995 2048/52/1996 2051/53/1999 2050/54/1998
f 2048/52/1996 2049/55/1997 2052/56/2000 2051/53/1999
f 2050/54/1998 2051/53/1999 2054/57/2002 2053/58/2001
f 2051/53/1999 2052/56/2000 2055/59/2003 2054/57/2002
f 40/49/40 396/47/396 2047/51/1995 466/60/466
f 396/47/396 395/46/395 2048/52/1996 2047/51/1995
f 395/46/395 394/45/394 2049/55/1997 2048/52/1996
f 394/45/394 6/44/6 321/61/321 2049/55/1997
f 2049/55/1997 321/61/321 320/62/320 2052/56/2000
f 2052/56/2000 320/62/320 319/63/319 2055/59/2003
f 2055/59/2003 319/63/319 8/64/8 385/65/385
f 2054/57/2002 2055/59/2003 385/65/385 386/66/386
f 2053/58/2001 2054/57/2002 386/66/386 387/67/387
f 468/68/468 2053/58/2001 387/67/387 39/69/39
f 467/70/467 2050/54/1998 2053/58/2001 468/68/468
f 466/60/466 2047/51/1995 2050/54/1998 467/70/467
f 2056/71/2004 2057/72/2005 2060/73/2008 2059/74/2007
f 2057/72/2005 2058/75/2006 2061/76/2009 2060/73/2008
f 2059/74/2007 2060/73/2008 2063/77/2011 2062/78/2010
f 2060/73/2008 2061/76/2009 2064/79/2012 2063/77/2011
f 39/69/39 387/67/387 2056/71/2004 469/80/469
f 387/67/387 386/66/386 2057/72/2005 2056/71/2004
f 386/66/386 385/65/385 2058/75/2006 2057/72/2005
f 385/65/385 8/64/8 330/81/330 2058/75/2006
f 2058/75/2006 330/81/330 329/82/329 2061/76/2009
f 2061/76/2009 329/82/329 328/83/328 2064/79/2012
f 2064/79/2012 328/83/328 10/84/10 376/85/376
f 2063/77/2011 2064/79/2012 376/85/376 377/86/377
f 2062/78/2010 2063/77/2011 377/86/377 378/87/378
f 471/88/471 2062/78/2010 378/87/378 38/89/38
f 470/90/470 2059/74/2007 2062/78/2010 471/88/471
f 469/80/469 2056/71/2004 2059/74/2007 470/90/470
f 2065/91/2013 2066/92/2014 2069/93/2017 2068/94/2016
f 2066/92/2014 2067/95/2015 2070/96/2018 2069/93/2017
f 2068/94/2016 2069/93/2017 2072/97/2020 2071/98/2019
f 2069/93/2017 2070/96/2018 2073/99/2021 2072/97/2020
f 38/89/38 378/87/378 2065/91/2013 472/100/472
f 378/87/378 377/86/377 2066/92/2014 2065/91/2013
f 377/86/377 376/85/376 2067/95/2015 2066/92/2014
f 376/85/376 10/84/10 339/101/339 2067/95/2015
f 2067/95/2015 339/101/339 338/102/338 2070/96/2018
f 2070/96/2018 338/102/338 337/103/337 2073/99/2021
f 2073/99/2021 337/103/337 12/104/12 367/105/367
f 2072/97/2020 2073/99/2021 367/105/367 368/106/368
f 2071/98/2019 2072/97/2020 368/106/368 369/107/369
f 474/108/474 2071/98/2019 369/107/369 37/109/37
f 473/110/473 2068/94/2016 2071/98/2019 474/108/474
f 472/100/472 2065/91/2013 2068/94/2016 473/110/473
f 2074/111/2022 2075/112/2023 2078/113/2026 2077/114/2025
f 2075/112/2023 2076/115/2024 2079/116/2027 2078/113/2026
f 2077/114/2025 2078/113/2026 2081/117/2029 2080/118/2028
f 2078/113/2026 2079/116/2027 2082/119/2030 2081/117/2029
f 37/109/37 369/107/369 2074/111/2022 475/120/475
f 369/107/369 368/106/368 2075/112/2023 2074/111/2022
f 368/106/368 367/105/367 2076/115/2024 2075/112/2023
f 367/105/367 12/104/12 348/121/348 2076/115/2024
f 2076/115/2024 348/121/348 347/122/347 2079/116/2027
f 2079/116/2027 347/122/347 346/123/346 2082/119/2030
f 2082/119/2030 346/123/346 14/124/14 358/125/358
f 2081/117/2029 2082/119/2030 358/125/358 359/126/359
f 2080/118/2028 2081/117/2029 359/126/359 360/127/360
f 477/128/477 2080/118/2028 360/127/360 36/129/36
f 476/130/476 2077/114/2025 2080/118/2028 477/128/477
f 475/120/475 2074/111/2022 2077/114/2025 476/130/476
f 2083/131/2031 2084/132/2032 2087/133/2035 2086/134/2034
f 2084/132/2032 2085/135/2033 2088/136/2036 2087/133/2035
f 2086/134/2034 2087/133/2035 2090/137/2038 2089/138/2037
f 2087/133/2035 2088/136/2036 2091/139/2039 2090/137/2038
f 36/129/36 360/127/360 2083/131/2031 478/140/478
f 360/127/360 359/126/359 2084/132/2032 2083/131/2031
f 359/126/359 358/125/358 2085/135/2033 2084/132/2032
f 358/125/358 14/124/14 357/141/357 2085/135/2033
f 2085/135/2033 357/141/357 356/142/356 2088/136/2036
f 2088/136/2036 356/142/356 355/143/355 2091/139/2039
f 2091/139/2039 355/143/355 16/144/16 349/145/349
f 2090/137/2038 2091/139/2039 349/145/349 350/146/350
f 2089/138/2037 2090/137/2038 350/146/350 351/147/351
f 480/148/480 2089/138/2037 351/147/351 35/149/35
f 479/150/479 2086/134/2034 2089/138/2037 480/148/480
f 478/140/478 2083/131/2031 2086/134/2034 479/150/479
f 2092/151/2040 2093/152/2041 2096/153/2044 2095/154/2043
f 2093/152/2041 2094/155/2042 2097/156/2045 2096/153/2044
f 2095/154/2043 2096/153/2044 2099/157/2047 2098/158/2046
f 2096/153/2044 2097/156/2045 2100/159/2048 2099/157/2047
f 35/149/35 351/147/351 2092/151/2040 481/160/481
f 351/147/351 350/146/350 2093/152/2041 2092/151/2040
f 350/146/350 349/145/349 2094/155/2042 2093/152/2041
f 349/145/349 16/144/16 366/161/366 2094/155/2042
f 2094/155/2042 366/161/366 365/162/365 2097/156/2045
f 2097/156/2045 365/162/365 364/163/364 2100/159/2048
f 2100/159/2048 364/163/364 18/164/18 340/165/340
f 2099/157/2047 2100/159/2048 340/165/340 341/166/341
f 2098/158/2046 2099/157/2047 341/166/341 342/167/342
f 483/168/483 2098/158/2046 342/167/342 34/169/34
f 482/170/482 2095/154/2043 2098/158/2046 483/168/483
f 481/160/481 2092/151/2040 2095/154/2043 482/170/482
f 2101/171/2049 2102/172/2050 2105/173/2053 2104/174/2052
f 2102/172/2050 2103/175/2051 2106/176/2054 2105/173/2053
f 2104/174/2052 2105/173/2053 2108/177/2056 2107/178/2055
f 2105/173/2053 2106/176/2054 2109/179/2057 2108/177/2056
f 34/169/34 342/167/342 2101/171/2049 484/180/484
f 342/167/342 341/166/341 2102/172/2050 2101/171/2049
f 341/166/341 340/165/340 2103/175/2051 2102/172/2050
f 340/165/340 18/164/18 375/181/375 2103/175/2051
f 2103/175/2051 375/181/375 374/182/374 2106/176/2054
f 2106/176/2054 374/182/374 373/183/373 2109/179/2057
f 2109/179/2057 373/183/373 20/184/20 331/185/331
f 2108/177/2056 2109/179/2057 331/185/331 332/186/332
f 2107/178/2055 2108/177/2056 332/186/332 333/187/333
f 486/188/486 2107/178/2055 333/187/333 33/189/33
f 485/190/485 2104/174/2052 2107/178/2055 486/188/486
f 484/180/484 2101/171/2049 2104/174/2052 485/190/485
f 2110/191/2058 2111/192/2059 2114/193/2062 2113/194/2061
f 2111/192/2059 2112/195/2060 2115/196/2063 2114/193/2062
f 2113/194/2061 2114/193/2062 2117/197/2065 2116/198/2064
f 2114/193/2062 2115/196/2063 2118/199/2066 2117/197/2065
f 33/189/33 333/200/333 2110/191/2058 487/201/487
f 333/200/333 332/202/332 2111/192/2059 2110/191/2058
f 332/202/332 331/203/331 2112/195/2060 2111/192/2059
f 331/203/331 20/204/20 384/205/384 2112/195/2060
f 2112/195/2060 384/205/384 383/206/383 2115/196/2063
f 2115/196/2063 383/206/383 382/207/382 2118/199/2066
f 2118/199/2066 382/207/382 22/208/22 322/209/322
f 2117/197/2065 2118/199/2066 322/209/322 323/210/323
f 2116/198/2064 2117/197/2065 323/210/323 324/211/324
f 489/212/489 2116/198/2064 324/211/324 32/213/32
f 488/214/488 2113/194/2061 2116/198/2064 489/212/489
f 487/201/487 2110/191/2058 2113/194/2061 488/214/488
f 2119/215/2067 2120/216/2068 2123/217/2071 2122/218/2070
f 2120/216/2068 2121/219/2069 2124/220/2072 2123/217/2071
f 2122/218/2070 2123/217/2071 2126/221/2074 2125/222/2073
f 2123/217/2071 2124/220/2072 2127/223/2075 2126/221/2074
f 32/213/32 324/211/324 2119/215/2067 490/224/490
f 324/211/324 323/210/323 2120/216/2068 2119/215/2067
f 323/210/323 322/209/322 2121/219/2069 2120/216/2068
f 322/209/322 22/208/22 393/225/393 2121/219/2069
f 2121/219/2069 393/225/393 392/226/392 2124/220/2072
f 2124/220/2072 392/226/392 391/227/391 2127/223/2075
f 2127/223/2075 391/227/391 24/228/24 313/229/313
f 2126/221/2074 2127/223/2075 313/229/313 314/230/314
f 2125/222/2073 2126/221/2074 314/230/314 315/231/315
f 492/232/492 2125/222/2073 315/231/315 31/233/31
f 491/234/491 2122/218/2070 2125/222/2073 492/232/492
f 490/224/490 2119/215/2067 2122/218/2070 491/234/491
f 2128/235/2076 2129/236/2077 2132/237/2080 2131/238/2079
f 2129/236/2077 2130/239/2078 2133/240/2081 2132/237/2080
f 2131/238/2079 2132/237/2080 2135/241/2083 2134/242/2082
f 2132/237/2080 2133/240/2081 2136/243/2084 2135/241/2083
f 31/233/31 315/231/315 2128/235/2076 493/244/493
f 315/231/315 314/230/314 2129/236/2077 2128/235/2076
f 314/230/314 313/229/313 2130/239/2078 2129/236/2077
f 313/229/313 24/228/24 402/245/402 2130/239/2078
f 2130/239/2078 402/245/402 401/246/401 2133/240/2081
f 2133/240/2081 401/246/401 400/247/400 2136/243/2084
f 2136/243/2084 400/247/400 26/248/26 304/249/304
f 2135/241/2083 2136/243/2084 304/249/304 305/250/305
f 2134/242/2082 2135/241/2083 305/250/305 306/251/306
f 495/252/495 2134/242/2082 306/251/306 30/253/30
f 494/254/494 2131/238/2079 2134/242/2082 495/252/495
f 493/244/493 2128/235/2076 2131/238/2079 494/254/494
f 2137/255/2085 2138/256/2086 2141/257/2089 2140/258/2088
f 2138/256/2086 2139/259/2087 2142/260/2090 2141/257/2089
f 2140/258/2088 2141/257/2089 2144/261/2092 2143/262/2091
f 2141/257/2089 2142/260/2090 2145/263/2093 2144/261/2092
f 30/264/30 306/265/306 2137/255/2085 496/266/496
f 306/265/306 305/267/305 2138/256/2086 2137/255/2085
f 305/267/305 304/268/304 2139/259/2087 2138/256/2086
f 304/268/304 26/269/26 411/270/411 2139/259/2087
f 2139/259/2087 411/270/411 410/271/410 2142/260/2090
f 2142/260/2090 410/271/410 409/272/409 2145/263/2093
f 2145/263/2093 409/272/409 28/273/28 301/274/301
f 2144/261/2092 2145/263/2093 301/274/301 302/275/302
f 2143/262/2091 2144/261/2092 302/275/302 303/276/303
f 498/277/498 2143/262/2091 303/276/303 29/278/29
f 497/279/497 2140/258/2088 2143/262/2091 498/277/498
f 496/266/496 2137/255/2085 2140/258/2088 497/279/497
f 2146/280/2094 2147/281/2095 2150/282/2098 2149/283/2097
f 2147/281/2095 2148/284/2096 2151/285/2099 2150/282/2098
f 2149/283/2097 2150/282/2098 2153/286/2101 2152/287/2100
f 2150/282/2098 2151/285/2099 2154/288/2102 2153/286/2101
f 294/289/294 505/290/505 2146/280/2094 2014/291/1962
f 505/290/505 506/292/506 2147/281/2095 2146/280/2094
f 506/292/506 507/293/507 2148/284/2096 2147/281/2095
f 507/293/507 42/294/42 502/295/502 2148/284/2096
f 2148/284/2096 502/295/502 503/296/503 2151/285/2099
f 2151/285/2099 503/296/503 504/297/504 2154/288/2102
f 2154/288/2102 504/297/504 41/298/41 1969/299/1917
f 2153/286/2101 2154/288/2102 1969/299/1917 1970/300/1918
f 2152/287/2100 2153/286/2101 1970/300/1918 1971/301/1919
f 2016/302/1964 2152/287/2100 1971/301/1919 293/303/293
f 2015/304/1963 2149/283/2097 2152/287/2100 2016/302/1964
f 2014/291/1962 2146/280/2094 2149/283/2097 2015/304/1963
f 2155/305/2103 2156/306/2104 2159/307/2107 2158/308/2106
f 2156/306/2104 2157/309/2105 2160/310/2108 2159/307/2107
f 2158/308/2106 2159/307/2107 2162/311/2110 2161/312/2109
f 2159/307/2107 2160/310/2108 2163/313/2111 2162/311/2110
f 111/314/111 924/315/896 2155/305/2103 879/316/851
f 924/315/896 923/317/895 2156/306/2104 2155/305/2103
f 923/317/895 922/318/894 2157/309/2105 2156/306/2104
f 922/318/894 99/319/99 715/320/715 2157/309/2105
f 2157/309/2105 715/320/715 716/321/716 2160/310/2108
f 2160/310/2108 716/321/716 717/322/717 2163/313/2111
f 2163/313/2111 717/322/717 118/323/118 687/324/687
f 2162/311/2110 2163/313/2111 687/324/687 686/325/686
f 2161/312/2109 2162/311/2110 686/325/686 685/326/685
f 877/316/849 2161/312/2109 685/326/685 117/327/117
f 878/316/850 2158/308/2106 2161/312/2109 877/316/849
f 879/316/851 2155/305/2103 2158/308/2106 878/316/850
f 2164/328/2112 2165/329/2113 2168/330/2116 2167/331/2115
f 2165/329/2113 2166/332/2114 2169/333/2117 2168/330/2116
f 2167/331/2115 2168/330/2116 2171/334/2119 2170/335/2118
f 2168/330/2116 2169/333/2117 2172/336/2120 2171/334/2119
f 43/19/43 552/337/552 2164/328/2112 544/20/544
f 552/337/552 551/338/551 2165/329/2113 2164/328/2112
f 551/338/551 550/339/550 2166/332/2114 2165/329/2113
f 550/339/550 56/340/56 462/341/462 2166/332/2114
f 2166/332/2114 462/341/462 461/342/461 2169/333/2117
f 2169/333/2117 461/342/461 460/343/460 2172/336/2120
f 2172/336/2120 460/343/460 57/344/57 417/345/417
f 2171/334/2119 2172/336/2120 417/345/417 416/346/416
f 2170/335/2118 2171/334/2119 416/346/416 415/347/415
f 546/22/546 2170/335/2118 415/347/415 70/24/70
f 545/348/545 2167/331/2115 2170/335/2118 546/22/546
f 544/20/544 2164/328/2112 2167/331/2115 545/348/545
f 2173/349/2121 2174/350/2122 2177/351/2125 2176/352/2124
f 2174/350/2122 2175/353/2123 2178/354/2126 2177/351/2125
f 2176/352/2124 2177/351/2125 2180/355/2128 2179/356/2127
f 2177/351/2125 2178/354/2126 2181/357/2129 2180/355/2128
f 293/358/293 1971/359/1919 2173/349/2121 2011/360/1959
f 1971/359/1919 1970/361/1918 2174/350/2122 2173/349/2121
f 1970/361/1918 1969/362/1917 2175/353/2123 2174/350/2122
f 1969/362/1917 41/35/41 463/37/463 2175/353/2123
f 2175/353/2123 463/37/463 464/50/464 2178/354/2126
f 2178/354/2126 464/50/464 465/48/465 2181/357/2129
f 2181/357/2129 465/48/465 40/49/40 1966/363/1914
f 2180/355/2128 2181/357/2129 1966/363/1914 1967/364/1915
f 2179/356/2127 2180/355/2128 1967/364/1915 1968/365/1916
f 2013/366/1961 2179/356/2127 1968/365/1916 292/367/292
f 2012/368/1960 2176/352/2124 2179/356/2127 2013/366/1961
f 2011/360/1959 2173/349/2121 2176/352/2124 2012/368/1960
f 2182/369/2130 2183/370/2131 2186/371/2134 2185/372/2133
f 2183/370/2131 2184/373/2132 2187/374/2135 2186/371/2134
f 2185/372/2133 2186/371/2134 2189/375/2137 2188/376/2136
f 2186/371/2134 2187/374/2135 2190/377/2138 2189/375/2137
f 292/367/292 1968/365/1916 2182/369/2130 2008/378/1956
f 1968/365/1916 1967/364/1915 2183/370/2131 2182/369/2130
f 1967/364/1915 1966/363/1914 2184/373/2132 2183/370/2131
f 1966/363/1914 40/49/40 466/60/466 2184/373/2132
f 2184/373/2132 466/60/466 467/70/467 2187/374/2135
f 2187/374/2135 467/70/467 468/68/468 2190/377/2138
f 2190/377/2138 468/68/468 39/69/39 1963/379/1911
f 2189/375/2137 2190/377/2138 1963/379/1911 1964/380/1912
f 2188/376/2136 2189/375/2137 1964/380/1912 1965/381/1913
f 2010/382/1958 2188/376/2136 1965/381/1913 291/383/291
f 2009/384/1957 2185/372/2133 2188/376/2136 2010/382/1958
f 2008/378/1956 2182/369/2130 2185/372/2133 2009/384/1957
f 2191/385/2139 2192/386/2140 2195/387/2143 2194/388/2142
f 2192/386/2140 2193/389/2141 2196/390/2144 2195/387/2143
f 2194/388/2142 2195/387/2143 2198/391/2146 2197/392/2145
f 2195/387/2143 2196/390/2144 2199/393/2147 2198/391/2146
f 291/383/291 1965/381/1913 2191/385/2139 2005/394/1953
f 1965/381/1913 1964/380/1912 2192/386/2140 2191/385/2139
f 1964/380/1912 1963/379/1911 2193/389/2141 2192/386/2140
f 1963/379/1911 39/69/39 469/80/469 2193/389/2141
f 2193/389/2141 469/80/469 470/90/470 2196/390/2144
f 2196/390/2144 470/90/470 471/88/471 2199/393/2147
f 2199/393/2147 471/88/471 38/89/38 1960/395/1908
f 2198/391/2146 2199/393/2147 1960/395/1908 1961/396/1909
f 2197/392/2145 2198/391/2146 1961/396/1909 1962/397/1910
f 2007/398/1955 2197/392/2145 1962/397/1910 290/399/290
f 2006/400/1954 2194/388/2142 2197/392/2145 2007/398/1955
f 2005/394/1953 2191/385/2139 2194/388/2142 2006/400/1954
f 2200/401/2148 2201/402/2149 2204/403/2152 2203/404/2151
f 2201/402/2149 2202/405/2150 2205/406/2153 2204/403/2152
f 2203/404/2151 2204/403/2152 2207/407/2155 2206/408/2154
f 2204/403/2152 2205/406/2153 2208/409/2156 2207/407/2155
f 290/399/290 1962/397/1910 2200/401/2148 2002/410/1950
f 1962/397/1910 1961/396/1909 2201/402/2149 2200/401/2148
f 1961/396/1909 1960/395/1908 2202/405/2150 2201/402/2149
f 1960/395/1908 38/89/38 472/100/472 2202/405/2150
f 2202/405/2150 472/100/472 473/110/473 2205/406/2153
f 2205/406/2153 473/110/473 474/108/474 2208/409/2156
f 2208/409/2156 474/108/474 37/109/37 1957/411/1905
f 2207/407/2155 2208/409/2156 1957/411/1905 1958/412/1906
f 2206/408/2154 2207/407/2155 1958/412/1906 1959/413/1907
f 2004/414/1952 2206/408/2154 1959/413/1907 289/415/289
f 2003/416/1951 2203/404/2151 2206/408/2154 2004/414/1952
f 2002/410/1950 2200/401/2148 2203/404/2151 2003/416/1951
f 2209/417/2157 2210/418/2158 2213/419/2161 2212/420/2160
f 2210/418/2158 2211/421/2159 2214/422/2162 2213/419/2161
f 2212/420/2160 2213/419/2161 2216/423/2164 2215/424/2163
f 2213/419/2161 2214/422/2162 2217/425/2165 2216/423/2164
f 289/415/289 1959/413/1907 2209/417/2157 1999/426/1947
f 1959/413/1907 1958/412/1906 2210/418/2158 2209/417/2157
f 1958/412/1906 1957/411/1905 2211/421/2159 2210/418/2158
f 1957/411/1905 37/109/37 475/120/475 2211/421/2159
f 2211/421/2159 475/120/475 476/130/476 2214/422/2162
f 2214/422/2162 476/130/476 477/128/477 2217/425/2165
f 2217/425/2165 477/128/477 36/129/36 1954/427/1902
f 2216/423/2164 2217/425/2165 1954/427/1902 1955/428/1903
f 2215/424/2163 2216/423/2164 1955/428/1903 1956/429/1904
f 2001/430/1949 2215/424/2163 1956/429/1904 288/431/288
f 2000/432/1948 2212/420/2160 2215/424/2163 2001/430/1949
f 1999/426/1947 2209/417/2157 2212/420/2160 2000/432/1948
f 2218/433/2166 2219/434/2167 2222/435/2170 2221/436/2169
f 2219/434/2167 2220/437/2168 2223/438/2171 2222/435/2170
f 2221/436/2169 2222/435/2170 2225/439/2173 2224/440/2172
f 2222/435/2170 2223/438/2171 2226/441/2174 2225/439/2173
f 288/431/288 1956/429/1904 2218/433/2166 1996/442/1944
f 1956/429/1904 1955/428/1903 2219/434/2167 2218/433/2166
f 1955/428/1903 1954/427/1902 2220/437/2168 2219/434/2167
f 1954/427/1902 36/129/36 478/140/478 2220/437/2168
f 2220/437/2168 478/140/478 479/150/479 2223/438/2171
f 2223/438/2171 479/150/479 480/148/480 2226/441/2174
f 2226/441/2174 480/148/480 35/149/35 1951/443/1899
f 2225/439/2173 2226/441/2174 1951/443/1899 1952/444/1900
f 2224/440/2172 2225/439/2173 1952/444/1900 1953/445/1901
f 1998/446/1946 2224/440/2172 1953/445/1901 287/447/287
f 1997/448/1945 2221/436/2169 2224/440/2172 1998/446/1946
f 1996/442/1944 2218/433/2166 2221/436/2169 1997/448/1945
f 2227/449/2175 2228/450/2176 2231/451/2179 2230/452/2178
f 2228/450/2176 2229/453/2177 2232/454/2180 2231/451/2179
f 2230/452/2178 2231/451/2179 2234/455/2182 2233/456/2181
f 2231/451/2179 2232/454/2180 2235/457/2183 2234/455/2182
f 287/447/287 1953/445/1901 2227/449/2175 1993/458/1941
f 1953/445/1901 1952/444/1900 2228/450/2176 2227/449/2175
f 1952/444/1900 1951/443/1899 2229/453/2177 2228/450/2176
f 1951/443/1899 35/149/35 481/160/481 2229/453/2177
f 2229/453/2177 481/160/481 482/170/482 2232/454/2180
f 2232/454/2180 482/170/482 483/168/483 2235/457/2183
f 2235/457/2183 483/168/483 34/169/34 1948/459/1896
f 2234/455/2182 2235/457/2183 1948/459/1896 1949/460/1897
f 2233/456/2181 2234/455/2182 1949/460/1897 1950/461/1898
f 1995/462/1943 2233/456/2181 1950/461/1898 286/463/286
f 1994/464/1942 2230/452/2178 2233/456/2181 1995/462/1943
f 1993/458/1941 2227/449/2175 2230/452/2178 1994/464/1942
f 2236/465/2184 2237/466/2185 2240/467/2188 2239/468/2187
f 2237/466/2185 2238/469/2186 2241/470/2189 2240/467/2188
f 2239/468/2187 2240/467/2188 2243/471/2191 2242/472/2190
f 2240/467/2188 2241/470/2189 2244/473/2192 2243/471/2191
f 286/463/286 1950/461/1898 2236/465/2184 1990/474/1938
f 1950/461/1898 1949/460/1897 2237/466/2185 2236/465/2184
f 1949/460/1897 1948/459/1896 2238/469/2186 2237/466/2185
f 1948/459/1896 34/169/34 484/180/484 2238/469/2186
f 2238/469/2186 484/180/484 485/190/485 2241/470/2189
f 2241/470/2189 485/190/485 486/188/486 2244/473/2192
f 2244/473/2192 486/188/486 33/189/33 1945/475/1893
f 2243/471/2191 2244/473/2192 1945/475/1893 1946/476/1894
f 2242/472/2190 2243/471/2191 1946/476/1894 1947/477/1895
f 1992/478/1940 2242/472/2190 1947/477/1895 285/479/285
f 1991/480/1939 2239/468/2187 2242/472/2190 1992/478/1940
f 1990/474/1938 2236/465/2184 2239/468/2187 1991/480/1939
f 2245/481/2193 2246/482/2194 2249/483/2197 2248/484/2196
f 2246/482/2194 2247/485/2195 2250/486/2198 2249/483/2197
f 2248/484/2196 2249/483/2197 2252/487/2200 2251/488/2199
f 2249/483/2197 2250/486/2198 2253/489/2201 2252/487/2200
f 285/479/285 1947/490/1895 2245/481/2193 1987/491/1935
f 1947/490/1895 1946/492/1894 2246/482/2194 2245/481/2193
f 1946/492/1894 1945/493/1893 2247/485/2195 2246/482/2194
f 1945/493/1893 33/189/33 487/201/487 2247/485/2195
f 2247/485/2195 487/201/487 488/214/488 2250/486/2198
f 2250/486/2198 488/214/488 489/212/489 2253/489/2201
f 2253/489/2201 489/212/489 32/213/32 1942/494/1890
f 2252/487/2200 2253/489/2201 1942/494/1890 1943/495/1891
f 2251/488/2199 2252/487/2200 1943/495/1891 1944/496/1892
f 1989/497/1937 2251/488/2199 1944/496/1892 284/498/284
f 1988/499/1936 2248/484/2196 2251/488/2199 1989/497/1937
f 1987/491/1935 2245/481/2193 2248/484/2196 1988/499/1936
f 2254/500/2202 2255/501/2203 2258/502/2206 2257/503/2205
f 2255/501/2203 2256/504/2204 2259/505/2207 2258/502/2206
f 2257/503/2205 2258/502/2206 2261/506/2209 2260/507/2208
f 2258/502/2206 2259/505/2207 2262/508/2210 2261/506/2209
f 283/509/283 1941/510/1889 2254/500/2202 1981/511/1929
f 1941/510/1889 1940/512/1888 2255/501/2203 2254/500/2202
f 1940/512/1888 1939/513/1887 2256/504/2204 2255/501/2203
f 1939/513/1887 31/233/31 493/244/493 2256/504/2204
f 2256/504/2204 493/244/493 494/254/494 2259/505/2207
f 2259/505/2207 494/254/494 495/252/495 2262/508/2210
f 2262/508/2210 495/252/495 30/253/30 1936/514/1884
f 2261/506/2209 2262/508/2210 1936/514/1884 1937/515/1885
f 2260/507/2208 2261/506/2209 1937/515/1885 1938/516/1886
f 1983/517/1931 2260/507/2208 1938/516/1886 282/518/282
f 1982/519/1930 2257/503/2205 2260/507/2208 1983/517/1931
f 1981/511/1929 2254/500/2202 2257/503/2205 1982/519/1930
f 2263/520/2211 2264/521/2212 2267/522/2215 2266/523/2214
f 2264/521/2212 2265/524/2213 2268/525/2216 2267/522/2215
f 2266/523/2214 2267/522/2215 2270/526/2218 2269/527/2217
f 2267/522/2215 2268/525/2216 2271/528/2219 2270/526/2218
f 28/529/28 420/530/420 2263/520/2211 301/531/301
f 420/530/420 419/532/419 2264/521/2212 2263/520/2211
f 419/532/419 418/533/418 2265/524/2213 2264/521/2212
f 418/533/418 2/534/2 423/535/423 2265/524/2213
f 2265/524/2213 423/535/423 422/536/422 2268/525/2216
f 2268/525/2216 422/536/422 421/537/421 2271/528/2219
f 2271/528/2219 421/537/421 42/538/42 499/539/499
f 2270/526/2218 2271/528/2219 499/539/499 500/540/500
f 2269/527/2217 2270/526/2218 500/540/500 501/541/501
f 303/276/303 2269/527/2217 501/541/501 29/542/29
f 302/543/302 2266/523/2214 2269/527/2217 303/276/303
f 301/531/301 2263/520/2211 2266/523/2214 302/543/302
f 2272/544/2220 2273/545/2221 2276/546/2224 2275/547/2223
f 2273/545/2221 2274/548/2222 2277/549/2225 2276/546/2224
f 2275/547/2223 2276/546/2224 2279/550/2227 2278/551/2226
f 2276/546/2224 2277/549/2225 2280/552/2228 2279/550/2227
f 42/294/42 421/553/421 2272/544/2220 502/295/502
f 421/553/421 422/554/422 2273/545/2221 2272/544/2220
f 422/554/422 423/555/423 2274/548/2222 2273/545/2221
f 423/555/423 2/556/2 300/557/300 2274/548/2222
f 2274/548/2222 300/557/300 299/558/299 2277/549/2225
f 2277/549/2225 299/558/299 298/559/298 2280/552/2228
f 2280/552/2228 298/559/298 4/560/4 403/561/403
f 2279/550/2227 2280/552/2228 403/561/403 404/562/404
f 2278/551/2226 2279/550/2227 404/562/404 405/36/405
f 504/297/504 2278/551/2226 405/36/405 41/298/41
f 503/296/503 2275/547/2223 2278/551/2226 504/297/504
f 502/295/502 2272/544/2220 2275/547/2223 503/296/503
f 2281/563/2229 2282/564/2230 2285/565/2233 2284/566/2232
f 2282/564/2230 2283/567/2231 2286/568/2234 2285/565/2233
f 2284/566/2232 2285/565/2233 2288/569/2236 2287/570/2235
f 2285/565/2233 2286/568/2234 2289/571/2237 2288/569/2236
f 57/572/57 460/573/460 2281/563/2229 295/574/295
f 460/573/460 461/575/461 2282/564/2230 2281/563/2229
f 461/575/461 462/576/462 2283/567/2231 2282/564/2230
f 462/576/462 56/577/56 547/578/547 2283/567/2231
f 2283/567/2231 547/578/547 548/579/548 2286/568/2234
f 2286/568/2234 548/579/548 549/580/549 2289/571/2237
f 2289/571/2237 549/580/549 55/581/55 508/582/508
f 2288/569/2236 2289/571/2237 508/582/508 509/583/509
f 2287/570/2235 2288/569/2236 509/583/509 510/584/510
f 297/585/297 2287/570/2235 510/584/510 58/586/58
f 296/587/296 2284/566/2232 2287/570/2235 297/585/297
f 295/574/295 2281/563/2229 2284/566/2232 296/587/296
f 2290/588/2238 2291/589/2239 2294/590/2242 2293/591/2241
f 2291/589/2239 2292/592/2240 2295/593/2243 2294/590/2242
f 2293/591/2241 2294/590/2242 2297/594/2245 2296/595/2244
f 2294/590/2242 2295/593/2243 2298/596/2246 2297/594/2245
f 281/597/281 1980/598/1928 2290/588/2238 412/599/412
f 1980/598/1928 1979/600/1927 2291/589/2239 2290/588/2238
f 1979/600/1927 1978/601/1926 2292/592/2240 2291/589/2239
f 1978/601/1926 294/602/294 1974/603/1922 2292/592/2240
f 2292/592/2240 1974/603/1922 1973/604/1921 2295/593/2243
f 2295/593/2243 1973/604/1921 1972/605/1920 2298/596/2246
f 2298/596/2246 1972/605/1920 56/340/56 550/339/550
f 2297/594/2245 2298/596/2246 550/339/550 551/338/551
f 2296/595/2244 2297/594/2245 551/338/551 552/337/552
f 414/606/414 2296/595/2244 552/337/552 43/19/43
f 413/607/413 2293/591/2241 2296/595/2244 414/606/414
f 412/599/412 2290/588/2238 2293/591/2241 413/607/413
f 2299/608/2247 2300/609/2248 2303/610/2251 2302/611/2250
f 2300/609/2248 2301/612/2249 2304/613/2252 2303/610/2251
f 2302/611/2250 2303/610/2251 2306/614/2254 2305/615/2253
f 2303/610/2251 2304/613/2252 2307/616/2255 2306/614/2254
f 58/586/58 510/584/510 2299/608/2247 307/617/307
f 510/584/510 509/583/509 2300/609/2248 2299/608/2247
f 509/583/509 508/582/508 2301/612/2249 2300/609/2248
f 508/582/508 55/581/55 553/618/553 2301/612/2249
f 2301/612/2249 553/618/553 554/619/554 2304/613/2252
f 2304/613/2252 554/619/554 555/620/555 2307/616/2255
f 2307/616/2255 555/620/555 54/621/54 511/622/511
f 2306/614/2254 2307/616/2255 511/622/511 512/623/512
f 2305/615/2253 2306/614/2254 512/623/512 513/624/513
f 309/625/309 2305/615/2253 513/624/513 59/626/59
f 308/627/308 2302/611/2250 2305/615/2253 309/625/309
f 307/617/307 2299/608/2247 2302/611/2250 308/627/308
f 2308/628/2256 2309/629/2257 2312/630/2260 2311/631/2259
f 2309/629/2257 2310/632/2258 2313/633/2261 2312/630/2260
f 2311/631/2259 2312/630/2260 2315/634/2263 2314/635/2262
f 2312/630/2260 2313/633/2261 2316/636/2264 2315/634/2263
f 59/626/59 513/624/513 2308/628/2256 316/637/316
f 513/624/513 512/623/512 2309/629/2257 2308/628/2256
f 512/623/512 511/622/511 2310/632/2258 2309/629/2257
f 511/622/511 54/621/54 556/638/556 2310/632/2258
f 2310/632/2258 556/638/556 557/639/557 2313/633/2261
f 2313/633/2261 557/639/557 558/640/558 2316/636/2264
f 2316/636/2264 558/640/558 53/641/53 514/642/514
f 2315/634/2263 2316/636/2264 514/642/514 515/643/515
f 2314/635/2262 2315/634/2263 515/643/515 516/644/516
f 318/645/318 2314/635/2262 516/644/516 60/646/60
f 317/647/317 2311/631/2259 2314/635/2262 318/645/318
f 316/637/316 2308/628/2256 2311/631/2259 317/647/317
f 2317/648/2265 2318/649/2266 2321/650/2269 2320/651/2268
f 2318/649/2266 2319/652/2267 2322/653/2270 2321/650/2269
f 2320/651/2268 2321/650/2269 2324/654/2272 2323/655/2271
f 2321/650/2269 2322/653/2270 2325/656/2273 2324/654/2272
f 60/646/60 516/644/516 2317/648/2265 325/657/325
f 516/644/516 515/643/515 2318/649/2266 2317/648/2265
f 515/643/515 514/642/514 2319/652/2267 2318/649/2266
f 514/642/514 53/641/53 559/658/559 2319/652/2267
f 2319/652/2267 559/658/559 560/659/560 2322/653/2270
f 2322/653/2270 560/659/560 561/660/561 2325/656/2273
f 2325/656/2273 561/660/561 52/661/52 517/662/517
f 2324/654/2272 2325/656/2273 517/662/517 518/663/518
f 2323/655/2271 2324/654/2272 518/663/518 519/664/519
f 327/665/327 2323/655/2271 519/664/519 61/666/61
f 326/667/326 2320/651/2268 2323/655/2271 327/665/327
f 325/657/325 2317/648/2265 2320/651/2268 326/667/326
f 2326/668/2274 2327/669/2275 2330/670/2278 2329/671/2277
f 2327/669/2275 2328/672/2276 2331/673/2279 2330/670/2278
f 2329/671/2277 2330/670/2278 2333/674/2281 2332/675/2280
f 2330/670/2278 2331/673/2279 2334/676/2282 2333/674/2281
f 61/666/61 519/664/519 2326/668/2274 334/677/334
f 519/664/519 518/663/518 2327/669/2275 2326/668/2274
f 518/663/518 517/662/517 2328/672/2276 2327/669/2275
f 517/662/517 52/661/52 562/678/562 2328/672/2276
f 2328/672/2276 562/678/562 563/679/563 2331/673/2279
f 2331/673/2279 563/679/563 564/680/564 2334/676/2282
f 2334/676/2282 564/680/564 51/681/51 520/682/520
f 2333/674/2281 2334/676/2282 520/682/520 521/683/521
f 2332/675/2280 2333/674/2281 521/683/521 522/684/522
f 336/685/336 2332/675/2280 522/684/522 62/686/62
f 335/687/335 2329/671/2277 2332/675/2280 336/685/336
f 334/677/334 2326/668/2274 2329/671/2277 335/687/335
f 2335/688/2283 2336/689/2284 2339/690/2287 2338/691/2286
f 2336/689/2284 2337/692/2285 2340/693/2288 2339/690/2287
f 2338/691/2286 2339/690/2287 2342/694/2290 2341/695/2289
f 2339/690/2287 2340/693/2288 2343/696/2291 2342/694/2290
f 62/686/62 522/684/522 2335/688/2283 343/697/343
f 522/684/522 521/683/521 2336/689/2284 2335/688/2283
f 521/683/521 520/682/520 2337/692/2285 2336/689/2284
f 520/682/520 51/681/51 565/698/565 2337/692/2285
f 2337/692/2285 565/698/565 566/699/566 2340/693/2288
f 2340/693/2288 566/699/566 567/700/567 2343/696/2291
f 2343/696/2291 567/700/567 50/701/50 523/702/523
f 2342/694/2290 2343/696/2291 523/702/523 524/703/524
f 2341/695/2289 2342/694/2290 524/703/524 525/704/525
f 345/705/345 2341/695/2289 525/704/525 63/706/63
f 344/707/344 2338/691/2286 2341/695/2289 345/705/345
f 343/697/343 2335/688/2283 2338/691/2286 344/707/344
f 2344/708/2292 2345/709/2293 2348/710/2296 2347/711/2295
f 2345/709/2293 2346/712/2294 2349/713/2297 2348/710/2296
f 2347/711/2295 2348/710/2296 2351/714/2299 2350/715/2298
f 2348/710/2296 2349/713/2297 2352/716/2300 2351/714/2299
f 63/706/63 525/704/525 2344/708/2292 352/717/352
f 525/704/525 524/703/524 2345/709/2293 2344/708/2292
f 524/703/524 523/702/523 2346/712/2294 2345/709/2293
f 523/702/523 50/701/50 568/718/568 2346/712/2294
f 2346/712/2294 568/718/568 569/719/569 2349/713/2297
f 2349/713/2297 569/719/569 570/720/570 2352/716/2300
f 2352/716/2300 570/720/570 49/721/49 526/722/526
f 2351/714/2299 2352/716/2300 526/722/526 527/723/527
f 2350/715/2298 2351/714/2299 527/723/527 528/724/528
f 354/725/354 2350/715/2298 528/724/528 64/726/64
f 353/727/353 2347/711/2295 2350/715/2298 354/725/354
f 352/717/352 2344/708/2292 2347/711/2295 353/727/353
f 2353/728/2301 2354/729/2302 2357/730/2305 2356/731/2304
f 2354/729/2302 2355/732/2303 2358/733/2306 2357/730/2305
f 2356/731/2304 2357/730/2305 2360/734/2308 2359/735/2307
f 2357/730/2305 2358/733/2306 2361/736/2309 2360/734/2308
f 64/726/64 528/724/528 2353/728/2301 361/737/361
f 528/724/528 527/723/527 2354/729/2302 2353/728/2301
f 527/723/527 526/722/526 2355/732/2303 2354/729/2302
f 526/722/526 49/721/49 571/738/571 2355/732/2303
f 2355/732/2303 571/738/571 572/739/572 2358/733/2306
f 2358/733/2306 572/739/572 573/740/573 2361/736/2309
f 2361/736/2309 573/740/573 48/741/48 529/742/529
f 2360/734/2308 2361/736/2309 529/742/529 530/743/530
f 2359/735/2307 2360/734/2308 530/743/530 531/744/531
f 363/745/363 2359/735/2307 531/744/531 65/746/65
f 362/747/362 2356/731/2304 2359/735/2307 363/745/363
f 361/737/361 2353/728/2301 2356/731/2304 362/747/362
f 2362/748/2310 2363/749/2311 2366/750/2314 2365/751/2313
f 2363/749/2311 2364/752/2312 2367/753/2315 2366/750/2314
f 2365/751/2313 2366/750/2314 2369/754/2317 2368/755/2316
f 2366/750/2314 2367/753/2315 2370/756/2318 2369/754/2317
f 65/746/65 531/744/531 2362/748/2310 370/757/370
f 531/744/531 530/743/530 2363/749/2311 2362/748/2310
f 530/743/530 529/742/529 2364/752/2312 2363/749/2311
f 529/742/529 48/741/48 574/758/574 2364/752/2312
f 2364/752/2312 574/758/574 575/759/575 2367/753/2315
f 2367/753/2315 575/759/575 576/760/576 2370/756/2318
f 2370/756/2318 576/760/576 47/761/47 532/762/532
f 2369/754/2317 2370/756/2318 532/762/532 533/763/533
f 2368/755/2316 2369/754/2317 533/763/533 534/764/534
f 372/765/372 2368/755/2316 534/764/534 66/766/66
f 371/767/371 2365/751/2313 2368/755/2316 372/765/372
f 370/757/370 2362/748/2310 2365/751/2313 371/767/371
f 2371/768/2319 2372/769/2320 2375/770/2323 2374/771/2322
f 2372/769/2320 2373/772/2321 2376/773/2324 2375/770/2323
f 2374/771/2322 2375/770/2323 2378/774/2326 2377/775/2325
f 2375/770/2323 2376/773/2324 2379/776/2327 2378/774/2326
f 66/766/66 534/764/534 2371/768/2319 379/777/379
f 534/764/534 533/763/533 2372/769/2320 2371/768/2319
f 533/763/533 532/762/532 2373/772/2321 2372/769/2320
f 532/762/532 47/761/47 577/778/577 2373/772/2321
f 2373/772/2321 577/778/577 578/779/578 2376/773/2324
f 2376/773/2324 578/779/578 579/780/579 2379/776/2327
f 2379/776/2327 579/780/579 46/781/46 535/782/535
f 2378/774/2326 2379/776/2327 535/782/535 536/783/536
f 2377/775/2325 2378/774/2326 536/783/536 537/784/537
f 381/785/381 2377/775/2325 537/784/537 67/786/67
f 380/787/380 2374/771/2322 2377/775/2325 381/785/381
f 379/777/379 2371/768/2319 2374/771/2322 380/787/380
f 2380/788/2328 2381/789/2329 2384/790/2332 2383/791/2331
f 2381/789/2329 2382/792/2330 2385/793/2333 2384/790/2332
f 2383/791/2331 2384/790/2332 2387/794/2335 2386/795/2334
f 2384/790/2332 2385/793/2333 2388/796/2336 2387/794/2335
f 258/797/258 1812/798/1760 2380/788/2328 1794/799/1742
f 1812/798/1760 1811/800/1759 2381/789/2329 2380/788/2328
f 1811/800/1759 1810/801/1758 2382/792/2330 2381/789/2329
f 1810/801/1758 257/802/257 1777/803/1725 2382/792/2330
f 2382/792/2330 1777/803/1725 1778/803/1726 2385/793/2333
f 2385/793/2333 1778/803/1726 1779/803/1727 2388/796/2336
f 2388/796/2336 1779/803/1727 254/802/254 1773/804/1721
f 2387/794/2335 2388/796/2336 1773/804/1721 1772/805/1720
f 2386/795/2334 2387/794/2335 1772/805/1720 1771/806/1719
f 1792/807/1740 2386/795/2334 1771/806/1719 256/808/256
f 1793/809/1741 2383/791/2331 2386/795/2334 1792/807/1740
f 1794/799/1742 2380/788/2328 2383/791/2331 1793/809/1741
f 2389/810/2337 2390/811/2338 2393/812/2341 2392/813/2340
f 2390/811/2338 2391/814/2339 2394/815/2342 2393/812/2341
f 2392/813/2340 2393/812/2341 2396/816/2344 2395/817/2343
f 2393/812/2341 2394/815/2342 2397/818/2345 2396/816/2344
f 68/819/68 540/820/540 2389/810/2337 397/821/397
f 540/820/540 539/822/539 2390/811/2338 2389/810/2337
f 539/822/539 538/823/538 2391/814/2339 2390/811/2338
f 538/823/538 45/824/45 583/825/583 2391/814/2339
f 2391/814/2339 583/825/583 584/826/584 2394/815/2342
f 2394/815/2342 584/826/584 585/827/585 2397/818/2345
f 2397/818/2345 585/827/585 44/15/44 541/14/541
f 2396/816/2344 2397/818/2345 541/14/541 542/13/542
f 2395/817/2343 2396/816/2344 542/13/542 543/11/543
f 399/828/399 2395/817/2343 543/11/543 69/10/69
f 398/829/398 2392/813/2340 2395/817/2343 399/828/399
f 397/821/397 2389/810/2337 2392/813/2340 398/829/398
f 2398/830/2346 2399/831/2347 2402/832/2350 2401/833/2349
f 2399/831/2347 2400/834/2348 2403/835/2351 2402/832/2350
f 2401/833/2349 2402/832/2350 2405/836/2353 2404/837/2352
f 2402/832/2350 2403/835/2351 2406/838/2354 2405/836/2353
f 282/839/282 1938/840/1886 2398/830/2346 1975/841/1923
f 1938/840/1886 1937/515/1885 2399/831/2347 2398/830/2346
f 1937/515/1885 1936/842/1884 2400/834/2348 2399/831/2347
f 1936/842/1884 30/264/30 496/266/496 2400/834/2348
f 2400/834/2348 496/266/496 497/279/497 2403/835/2351
f 2403/835/2351 497/279/497 498/277/498 2406/838/2354
f 2406/838/2354 498/277/498 29/278/29 1933/843/1881
f 2405/836/2353 2406/838/2354 1933/843/1881 1934/844/1882
f 2404/837/2352 2405/836/2353 1934/844/1882 1935/845/1883
f 1977/846/1925 2404/837/2352 1935/845/1883 281/847/281
f 1976/848/1924 2401/833/2349 2404/837/2352 1977/846/1925
f 1975/841/1923 2398/830/2346 2401/833/2349 1976/848/1924
f 2407/849/2355 2408/850/2356 2411/851/2359 2410/852/2358
f 2408/850/2356 2409/853/2357 2412/854/2360 2411/851/2359
f 2410/852/2358 2411/851/2359 2414/855/2362 2413/856/2361
f 2411/851/2359 2412/854/2360 2415/857/2363 2414/855/2362
f 3/858/3 591/859/591 2407/849/2355 633/860/633
f 591/859/591 590/861/590 2408/850/2356 2407/849/2355
f 590/861/590 589/862/589 2409/853/2357 2408/850/2356
f 589/862/589 1/863/1 634/864/634 2409/853/2357
f 2409/853/2357 634/864/634 635/865/635 2412/854/2360
f 2412/854/2360 635/865/635 636/866/636 2415/857/2363
f 2415/857/2363 636/866/636 57/867/57 295/868/295
f 2414/855/2362 2415/857/2363 295/868/295 296/869/296
f 2413/856/2361 2414/855/2362 296/869/296 297/870/297
f 631/871/631 2413/856/2361 297/870/297 58/872/58
f 632/873/632 2410/852/2358 2413/856/2361 631/871/631
f 633/860/633 2407/849/2355 2410/852/2358 632/873/632
f 2416/874/2364 2417/875/2365 2420/876/2368 2419/877/2367
f 2417/875/2365 2418/878/2366 2421/879/2369 2420/876/2368
f 2419/877/2367 2420/876/2368 2423/880/2371 2422/881/2370
f 2420/876/2368 2421/879/2369 2424/882/2372 2423/880/2371
f 5/883/5 594/884/594 2416/874/2364 639/885/639
f 594/884/594 593/886/593 2417/875/2365 2416/874/2364
f 593/886/593 592/887/592 2418/878/2366 2417/875/2365
f 592/887/592 3/858/3 633/860/633 2418/878/2366
f 2418/878/2366 633/860/633 632/873/632 2421/879/2369
f 2421/879/2369 632/873/632 631/871/631 2424/882/2372
f 2424/882/2372 631/871/631 58/872/58 307/888/307
f 2423/880/2371 2424/882/2372 307/888/307 308/889/308
f 2422/881/2370 2423/880/2371 308/889/308 309/890/309
f 637/891/637 2422/881/2370 309/890/309 59/892/59
f 638/893/638 2419/877/2367 2422/881/2370 637/891/637
f 639/885/639 2416/874/2364 2419/877/2367 638/893/638
f 2425/894/2373 2426/895/2374 2429/896/2377 2428/897/2376
f 2426/895/2374 2427/898/2375 2430/899/2378 2429/896/2377
f 2428/897/2376 2429/896/2377 2432/900/2380 2431/901/2379
f 2429/896/2377 2430/899/2378 2433/902/2381 2432/900/2380
f 7/903/7 597/904/597 2425/894/2373 642/905/642
f 597/904/597 596/906/596 2426/895/2374 2425/894/2373
f 596/906/596 595/907/595 2427/898/2375 2426/895/2374
f 595/907/595 5/883/5 639/885/639 2427/898/2375
f 2427/898/2375 639/885/639 638/893/638 2430/899/2378
f 2430/899/2378 638/893/638 637/891/637 2433/902/2381
f 2433/902/2381 637/891/637 59/892/59 316/908/316
f 2432/900/2380 2433/902/2381 316/908/316 317/909/317
f 2431/901/2379 2432/900/2380 317/909/317 318/910/318
f 640/911/640 2431/901/2379 318/910/318 60/912/60
f 641/913/641 2428/897/2376 2431/901/2379 640/911/640
f 642/905/642 2425/894/2373 2428/897/2376 641/913/641
f 2434/914/2382 2435/915/2383 2438/916/2386 2437/917/2385
f 2435/915/2383 2436/918/2384 2439/919/2387 2438/916/2386
f 2437/917/2385 2438/916/2386 2441/920/2389 2440/921/2388
f 2438/916/2386 2439/919/2387 2442/922/2390 2441/920/2389
f 9/327/9 600/923/600 2434/914/2382 645/924/645
f 600/923/600 599/925/599 2435/915/2383 2434/914/2382
f 599/925/599 598/926/598 2436/918/2384 2435/915/2383
f 598/926/598 7/903/7 642/905/642 2436/918/2384
f 2436/918/2384 642/905/642 641/913/641 2439/919/2387
f 2439/919/2387 641/913/641 640/911/640 2442/922/2390
f 2442/922/2390 640/911/640 60/912/60 325/927/325
f 2441/920/2389 2442/922/2390 325/927/325 326/928/326
f 2440/921/2388 2441/920/2389 326/928/326 327/929/327
f 643/930/643 2440/921/2388 327/929/327 61/931/61
f 644/932/644 2437/917/2385 2440/921/2388 643/930/643
f 645/924/645 2434/914/2382 2437/917/2385 644/932/644
f 2443/933/2391 2444/934/2392 2447/935/2395 2446/936/2394
f 2444/934/2392 2445/937/2393 2448/938/2396 2447/935/2395
f 2446/936/2394 2447/935/2395 2450/939/2398 2449/940/2397
f 2447/935/2395 2448/938/2396 2451/941/2399 2450/939/2398
f 11/942/11 603/318/603 2443/933/2391 648/943/648
f 603/318/603 602/317/602 2444/934/2392 2443/933/2391
f 602/317/602 601/315/601 2445/937/2393 2444/934/2392
f 601/315/601 9/327/9 645/924/645 2445/937/2393
f 2445/937/2393 645/924/645 644/932/644 2448/938/2396
f 2448/938/2396 644/932/644 643/930/643 2451/941/2399
f 2451/941/2399 643/930/643 61/931/61 334/944/334
f 2450/939/2398 2451/941/2399 334/944/334 335/945/335
f 2449/940/2397 2450/939/2398 335/945/335 336/946/336
f 646/947/646 2449/940/2397 336/946/336 62/948/62
f 647/949/647 2446/936/2394 2449/940/2397 646/947/646
f 648/943/648 2443/933/2391 2446/936/2394 647/949/647
f 2452/950/2400 2453/951/2401 2456/952/2404 2455/953/2403
f 2453/951/2401 2454/954/2402 2457/955/2405 2456/952/2404
f 2455/953/2403 2456/952/2404 2459/956/2407 2458/957/2406
f 2456/952/2404 2457/955/2405 2460/958/2408 2459/956/2407
f 13/959/13 606/960/606 2452/950/2400 651/961/651
f 606/960/606 605/962/605 2453/951/2401 2452/950/2400
f 605/962/605 604/963/604 2454/954/2402 2453/951/2401
f 604/963/604 11/942/11 648/943/648 2454/954/2402
f 2454/954/2402 648/943/648 647/949/647 2457/955/2405
f 2457/955/2405 647/949/647 646/947/646 2460/958/2408
f 2460/958/2408 646/947/646 62/948/62 343/964/343
f 2459/956/2407 2460/958/2408 343/964/343 344/965/344
f 2458/957/2406 2459/956/2407 344/965/344 345/966/345
f 649/967/649 2458/957/2406 345/966/345 63/968/63
f 650/969/650 2455/953/2403 2458/957/2406 649/967/649
f 651/961/651 2452/950/2400 2455/953/2403 650/969/650
f 2461/970/2409 2462/971/2410 2465/972/2413 2464/973/2412
f 2462/971/2410 2463/974/2411 2466/975/2414 2465/972/2413
f 2464/973/2412 2465/972/2413 2468/976/2416 2467/977/2415
f 2465/972/2413 2466/975/2414 2469/978/2417 2468/976/2416
f 15/979/15 609/980/609 2461/970/2409 654/981/654
f 609/980/609 608/982/608 2462/971/2410 2461/970/2409
f 608/982/608 607/983/607 2463/974/2411 2462/971/2410
f 607/983/607 13/959/13 651/961/651 2463/974/2411
f 2463/974/2411 651/961/651 650/969/650 2466/975/2414
f 2466/975/2414 650/969/650 649/967/649 2469/978/2417
f 2469/978/2417 649/967/649 63/968/63 352/984/352
f 2468/976/2416 2469/978/2417 352/984/352 353/985/353
f 2467/977/2415 2468/976/2416 353/985/353 354/986/354
f 652/987/652 2467/977/2415 354/986/354 64/988/64
f 653/989/653 2464/973/2412 2467/977/2415 652/987/652
f 654/981/654 2461/970/2409 2464/973/2412 653/989/653
f 2470/990/2418 2471/991/2419 2474/992/2422 2473/993/2421
f 2471/991/2419 2472/994/2420 2475/995/2423 2474/992/2422
f 2473/993/2421 2474/992/2422 2477/996/2425 2476/997/2424
f 2474/992/2422 2475/995/2423 2478/998/2426 2477/996/2425
f 17/999/17 612/1000/612 2470/990/2418 657/1001/657
f 612/1000/612 611/1002/611 2471/991/2419 2470/990/2418
f 611/1002/611 610/1003/610 2472/994/2420 2471/991/2419
f 610/1003/610 15/979/15 654/981/654 2472/994/2420
f 2472/994/2420 654/981/654 653/989/653 2475/995/2423
f 2475/995/2423 653/989/653 652/987/652 2478/998/2426
f 2478/998/2426 652/987/652 64/988/64 361/1004/361
f 2477/996/2425 2478/998/2426 361/1004/361 362/1005/362
f 2476/997/2424 2477/996/2425 362/1005/362 363/1006/363
f 655/1007/655 2476/997/2424 363/1006/363 65/1008/65
f 656/1009/656 2473/993/2421 2476/997/2424 655/1007/655
f 657/1001/657 2470/990/2418 2473/993/2421 656/1009/656
f 2479/1010/2427 2480/1011/2428 2483/1012/2431 2482/1013/2430
f 2480/1011/2428 2481/1014/2429 2484/1015/2432 2483/1012/2431
f 2482/1013/2430 2483/1012/2431 2486/1016/2434 2485/1017/2433
f 2483/1012/2431 2484/1015/2432 2487/1018/2435 2486/1016/2434
f 19/1019/19 615/1020/615 2479/1010/2427 660/1021/660
f 615/1020/615 614/1022/614 2480/1011/2428 2479/1010/2427
f 614/1022/614 613/1023/613 2481/1014/2429 2480/1011/2428
f 613/1023/613 17/999/17 657/1001/657 2481/1014/2429
f 2481/1014/2429 657/1001/657 656/1009/656 2484/1015/2432
f 2484/1015/2432 656/1009/656 655/1007/655 2487/1018/2435
f 2487/1018/2435 655/1007/655 65/1008/65 370/1024/370
f 2486/1016/2434 2487/1018/2435 370/1024/370 371/1025/371
f 2485/1017/2433 2486/1016/2434 371/1025/371 372/1026/372
f 658/1027/658 2485/1017/2433 372/1026/372 66/1028/66
f 659/1029/659 2482/1013/2430 2485/1017/2433 658/1027/658
f 660/1021/660 2479/1010/2427 2482/1013/2430 659/1029/659
f 2488/1030/2436 2489/1031/2437 2492/1032/2440 2491/1033/2439
f 2489/1031/2437 2490/1034/2438 2493/1035/2441 2492/1032/2440
f 2491/1033/2439 2492/1032/2440 2495/1036/2443 2494/1037/2442
f 2492/1032/2440 2493/1035/2441 2496/1038/2444 2495/1036/2443
f 21/1039/21 618/1040/618 2488/1030/2436 663/1041/663
f 618/1040/618 617/1042/617 2489/1031/2437 2488/1030/2436
f 617/1042/617 616/1043/616 2490/1034/2438 2489/1031/2437
f 616/1043/616 19/1019/19 660/1021/660 2490/1034/2438
f 2490/1034/2438 660/1021/660 659/1029/659 2493/1035/2441
f 2493/1035/2441 659/1029/659 658/1027/658 2496/1038/2444
f 2496/1038/2444 658/1027/658 66/1028/66 379/1044/379
f 2495/1036/2443 2496/1038/2444 379/1044/379 380/1045/380
f 2494/1037/2442 2495/1036/2443 380/1045/380 381/1046/381
f 661/1047/661 2494/1037/2442 381/1046/381 67/1048/67
f 662/1049/662 2491/1033/2439 2494/1037/2442 661/1047/661
f 663/1041/663 2488/1030/2436 2491/1033/2439 662/1049/662
f 2497/1050/2445 2498/1051/2446 2501/1052/2449 2500/1053/2448
f 2498/1051/2446 2499/1054/2447 2502/1055/2450 2501/1052/2449
f 2500/1053/2448 2501/1052/2449 2504/1056/2452 2503/1057/2451
f 2501/1052/2449 2502/1055/2450 2505/1058/2453 2504/1056/2452
f 23/1059/23 621/1060/621 2497/1050/2445 666/1061/666
f 621/1060/621 620/1062/620 2498/1051/2446 2497/1050/2445
f 620/1062/620 619/1063/619 2499/1054/2447 2498/1051/2446
f 619/1063/619 21/1039/21 663/1041/663 2499/1054/2447
f 2499/1054/2447 663/1041/663 662/1049/662 2502/1055/2450
f 2502/1055/2450 662/1049/662 661/1047/661 2505/1058/2453
f 2505/1058/2453 661/1047/661 67/1048/67 388/1064/388
f 2504/1056/2452 2505/1058/2453 388/1064/388 389/1065/389
f 2503/1057/2451 2504/1056/2452 389/1065/389 390/1066/390
f 664/1067/664 2503/1057/2451 390/1066/390 68/1068/68
f 665/1069/665 2500/1053/2448 2503/1057/2451 664/1067/664
f 666/1061/666 2497/1050/2445 2500/1053/2448 665/1069/665
f 2506/1070/2454 2507/1071/2455 2510/1072/2458 2509/1073/2457
f 2507/1071/2455 2508/1074/2456 2511/1075/2459 2510/1072/2458
f 2509/1073/2457 2510/1072/2458 2513/1076/2461 2512/1077/2460
f 2510/1072/2458 2511/1075/2459 2514/1078/2462 2513/1076/2461
f 25/1079/25 624/1080/624 2506/1070/2454 669/1081/669
f 624/1080/624 623/1082/623 2507/1071/2455 2506/1070/2454
f 623/1082/623 622/1083/622 2508/1074/2456 2507/1071/2455
f 622/1083/622 23/1059/23 666/1061/666 2508/1074/2456
f 2508/1074/2456 666/1061/666 665/1069/665 2511/1075/2459
f 2511/1075/2459 665/1069/665 664/1067/664 2514/1078/2462
f 2514/1078/2462 664/1067/664 68/1068/68 397/1084/397
f 2513/1076/2461 2514/1078/2462 397/1084/397 398/1085/398
f 2512/1077/2460 2513/1076/2461 398/1085/398 399/1086/399
f 667/1087/667 2512/1077/2460 399/1086/399 69/1088/69
f 668/1089/668 2509/1073/2457 2512/1077/2460 667/1087/667
f 669/1081/669 2506/1070/2454 2509/1073/2457 668/1089/668
f 2515/1090/2463 2516/1091/2464 2519/1092/2467 2518/1093/2466
f 2516/1091/2464 2517/1094/2465 2520/1095/2468 2519/1092/2467
f 2518/1093/2466 2519/1092/2467 2522/1096/2470 2521/1097/2469
f 2519/1092/2467 2520/1095/2468 2523/1098/2471 2522/1096/2470
f 27/1099/27 627/1100/627 2515/1090/2463 672/1101/672
f 627/1100/627 626/1102/626 2516/1091/2464 2515/1090/2463
f 626/1102/626 625/1103/625 2517/1094/2465 2516/1091/2464
f 625/1103/625 25/1079/25 669/1081/669 2517/1094/2465
f 2517/1094/2465 669/1081/669 668/1089/668 2520/1095/2468
f 2520/1095/2468 668/1089/668 667/1087/667 2523/1098/2471
f 2523/1098/2471 667/1087/667 69/1088/69 406/1104/406
f 2522/1096/2470 2523/1098/2471 406/1104/406 407/1105/407
f 2521/1097/2469 2522/1096/2470 407/1105/407 408/1106/408
f 670/1107/670 2521/1097/2469 408/1106/408 70/1108/70
f 671/1109/671 2518/1093/2466 2521/1097/2469 670/1107/670
f 672/1101/672 2515/1090/2463 2518/1093/2466 671/1109/671
f 2524/1110/2472 2525/1111/2473 2528/1112/2476 2527/1113/2475
f 2525/1111/2473 2526/1114/2474 2529/1115/2477 2528/1112/2476
f 2527/1113/2475 2528/1112/2476 2531/1116/2479 2530/1117/2478
f 2528/1112/2476 2529/1115/2477 2532/1118/2480 2531/1116/2479
f 1/863/1 630/1119/630 2524/1110/2472 634/864/634
f 630/1119/630 629/1120/629 2525/1111/2473 2524/1110/2472
f 629/1120/629 628/1121/628 2526/1114/2474 2525/1111/2473
f 628/1121/628 27/1099/27 672/1101/672 2526/1114/2474
f 2526/1114/2474 672/1101/672 671/1109/671 2529/1115/2477
f 2529/1115/2477 671/1109/671 670/1107/670 2532/1118/2480
f 2532/1118/2480 670/1107/670 70/1108/70 415/1122/415
f 2531/1116/2479 2532/1118/2480 415/1122/415 416/1123/416
f 2530/1117/2478 2531/1116/2479 416/1123/416 417/1124/417
f 636/866/636 2530/1117/2478 417/1124/417 57/867/57
f 635/865/635 2527/1113/2475 2530/1117/2478 636/866/636
f 634/864/634 2524/1110/2472 2527/1113/2475 635/865/635
f 2534/1125/2481 2535/1126/2481 2533/1127/2481 2561/1128/2481
f 2536/1129/2481 2537/1130/2481 2533/1127/2481 2535/1131/2481
f 2538/1132/2481 2539/1133/2481 2533/1127/2481 2537/1134/2481
f 2540/1135/2481 2541/1136/2481 2533/1127/2481 2539/1137/2481
f 2542/1138/2481 2543/1139/2481 2533/1127/2481 2541/1140/2481
f 2544/1141/2481 2545/1142/2481 2533/1127/2481 2543/1143/2481
f 2546/1144/2481 2547/1145/2481 2533/1127/2481 2545/1146/2481
f 2548/1147/2481 2549/1148/2481 2533/1127/2481 2547/1145/2481
f 2550/1149/2481 2551/1150/2481 2533/1127/2481 2549/1151/2481
f 2552/1152/2481 2553/1153/2481 2533/1127/2481 2551/1154/2481
f 2554/1155/2481 2555/1156/2481 2533/1127/2481 2553/1157/2481
f 2556/1158/2481 2557/1159/2481 2533/1127/2481 2555/1160/2481
f 2558/1161/2481 2559/1162/2481 2533/1127/2481 2557/1159/2481
f 2560/1163/2481 2561/1164/2481 2533/1127/2481 2559/1162/2481
f 71/1165/71 925/1166/897 2534/1125/2481 966/1167/922
f 925/1166/897 926/1168/898 2535/1126/2481 2534/1125/2481
f 966/1167/922 2534/1125/2481 2561/1128/2481 965/1169/924
f 72/1170/72 928/1171/900 2536/1129/2481 927/1172/899
f 928/1171/900 929/1173/901 2537/1130/2481 2536/1129/2481
f 927/1172/899 2536/1129/2481 2535/1131/2481 926/1168/898
f 73/1174/73 931/1175/902 2538/1132/2481 930/1176/897
f 931/1175/902 932/1177/903 2539/1133/2481 2538/1132/2481
f 930/1176/897 2538/1132/2481 2537/1134/2481 929/1173/901
f 74/1178/74 934/1179/904 2540/1135/2481 933/1180/900
f 934/1179/904 935/1181/905 2541/1136/2481 2540/1135/2481
f 933/1180/900 2540/1135/2481 2539/1137/2481 932/1182/903
f 75/1183/75 937/1184/906 2542/1138/2481 936/1185/902
f 937/1184/906 938/1186/907 2543/1139/2481 2542/1138/2481
f 936/1185/902 2542/1138/2481 2541/1140/2481 935/1181/905
f 76/1187/76 940/1188/908 2544/1141/2481 939/1189/904
f 940/1188/908 941/1190/909 2545/1142/2481 2544/1141/2481
f 939/1189/904 2544/1141/2481 2543/1143/2481 938/1191/907
f 77/1192/77 943/1193/910 2546/1144/2481 942/1194/906
f 943/1193/910 944/1195/911 2547/1145/2481 2546/1144/2481
f 942/1194/906 2546/1144/2481 2545/1146/2481 941/1196/909
f 78/1197/78 946/1198/912 2548/1147/2481 945/1199/908
f 946/1198/912 947/1200/913 2549/1148/2481 2548/1147/2481
f 945/1199/908 2548/1147/2481 2547/1145/2481 944/1201/911
f 79/1202/79 949/1203/914 2550/1149/2481 948/1204/910
f 949/1203/914 950/1205/915 2551/1150/2481 2550/1149/2481
f 948/1204/910 2550/1149/2481 2549/1151/2481 947/1206/913
f 80/1207/80 952/1208/916 2552/1152/2481 951/1209/912
f 952/1208/916 953/1210/917 2553/1153/2481 2552/1152/2481
f 951/1209/912 2552/1152/2481 2551/1154/2481 950/1205/915
f 81/1211/81 955/1212/918 2554/1155/2481 954/1213/914
f 955/1212/918 956/1214/919 2555/1156/2481 2554/1155/2481
f 954/1213/914 2554/1155/2481 2553/1157/2481 953/1210/917
f 82/1215/82 958/1216/920 2556/1158/2481 957/1217/916
f 958/1216/920 959/1218/921 2557/1159/2481 2556/1158/2481
f 957/1217/916 2556/1158/2481 2555/1160/2481 956/1219/919
f 83/1220/83 961/1221/922 2558/1161/2481 960/1222/918
f 961/1221/922 962/1223/923 2559/1162/2481 2558/1161/2481
f 960/1222/918 2558/1161/2481 2557/1159/2481 959/1224/921
f 84/1225/84 964/1226/899 2560/1163/2481 963/1227/920
f 964/1226/899 965/1228/924 2561/1164/2481 2560/1163/2481
f 963/1227/920 2560/1163/2481 2559/1162/2481 962/1223/923
f 2562/1229/2482 2563/1230/2483 2566/1231/2486 2565/1232/2485
f 2563/1230/2483 2564/1233/2484 2567/1234/2487 2566/1231/2486
f 2565/1232/2485 2566/1231/2486 2569/1235/2489 2568/1236/2488
f 2566/1231/2486 2567/1234/2487 2570/1237/2490 2569/1235/2489
f 112/1079/112 921/1238/893 2562/1229/2482 882/1239/854
f 921/1238/893 920/1240/892 2563/1230/2483 2562/1229/2482
f 920/1240/892 919/1241/891 2564/1233/2484 2563/1230/2483
f 919/1241/891 100/1242/100 721/1243/721 2564/1233/2484
f 2564/1233/2484 721/1243/721 722/1244/722 2567/1234/2487
f 2567/1234/2487 722/1244/722 723/1245/723 2570/1237/2490
f 2570/1237/2490 723/1245/723 126/1099/126 711/1100/711
f 2569/1235/2489 2570/1237/2490 711/1100/711 710/1102/710
f 2568/1236/2488 2569/1235/2489 710/1102/710 709/1246/709
f 880/1247/852 2568/1236/2488 709/1246/709 125/1079/125
f 881/1248/853 2565/1232/2485 2568/1236/2488 880/1247/852
f 882/1239/854 2562/1229/2482 2565/1232/2485 881/1248/853
f 2571/1249/2491 2572/1250/2492 2575/1251/2495 2574/1252/2494
f 2572/1250/2492 2573/1253/2493 2576/1254/2496 2575/1251/2495
f 2574/1252/2494 2575/1251/2495 2578/1255/2498 2577/1256/2497
f 2575/1251/2495 2576/1254/2496 2579/1257/2499 2578/1255/2498
f 99/319/99 918/1258/890 2571/1249/2491 715/320/715
f 918/1258/890 917/962/889 2572/1250/2492 2571/1249/2491
f 917/962/889 916/1259/888 2573/1253/2493 2572/1250/2492
f 916/1259/888 101/1260/101 727/1260/727 2573/1253/2493
f 2573/1253/2493 727/1260/727 728/1260/728 2576/1254/2496
f 2576/1254/2496 728/1260/728 729/1260/729 2579/1257/2499
f 2579/1257/2499 729/1260/729 119/959/119 690/1261/690
f 2578/1255/2498 2579/1257/2499 690/1261/690 689/1262/689
f 2577/1256/2497 2578/1255/2498 689/1262/689 688/1263/688
f 717/322/717 2577/1256/2497 688/1263/688 118/323/118
f 716/321/716 2574/1252/2494 2577/1256/2497 717/322/717
f 715/320/715 2571/1249/2491 2574/1252/2494 716/321/716
f 2580/1264/2500 2581/1265/2501 2584/1266/2504 2583/1267/2503
f 2581/1265/2501 2582/1268/2502 2585/1269/2505 2584/1266/2504
f 2583/1267/2503 2584/1266/2504 2587/1270/2507 2586/1271/2506
f 2584/1266/2504 2585/1269/2505 2588/1272/2508 2587/1270/2507
f 100/1242/100 915/1273/887 2580/1264/2500 721/1243/721
f 915/1273/887 914/1274/886 2581/1265/2501 2580/1264/2500
f 914/1274/886 913/1275/885 2582/1268/2502 2581/1265/2501
f 913/1275/885 102/1276/102 730/1277/730 2582/1268/2502
f 2582/1268/2502 730/1277/730 731/1278/731 2585/1269/2505
f 2585/1269/2505 731/1278/731 732/1279/732 2588/1272/2508
f 2588/1272/2508 732/1279/732 113/863/113 714/1280/714
f 2587/1270/2507 2588/1272/2508 714/1280/714 713/1120/713
f 2586/1271/2506 2587/1270/2507 713/1120/713 712/1121/712
f 723/1245/723 2586/1271/2506 712/1121/712 126/1099/126
f 722/1244/722 2583/1267/2503 2586/1271/2506 723/1245/723
f 721/1243/721 2580/1264/2500 2583/1267/2503 722/1244/722
f 2589/1281/2509 2590/1282/2510 2593/1283/2513 2592/1284/2512
f 2590/1282/2510 2591/1285/2511 2594/1286/2514 2593/1283/2513
f 2592/1284/2512 2593/1283/2513 2596/1287/2516 2595/1288/2515
f 2593/1283/2513 2594/1286/2514 2597/1289/2517 2596/1287/2516
f 101/959/101 912/1290/884 2589/1281/2509 727/1260/727
f 912/1290/884 911/1291/883 2590/1282/2510 2589/1281/2509
f 911/1291/883 910/1292/882 2591/1285/2511 2590/1282/2510
f 910/1292/882 103/979/103 733/1293/733 2591/1285/2511
f 2591/1285/2511 733/1293/733 734/1294/734 2594/1286/2514
f 2594/1286/2514 734/1294/734 735/1295/735 2597/1289/2517
f 2597/1289/2517 735/1295/735 120/979/120 693/1296/693
f 2596/1287/2516 2597/1289/2517 693/1296/693 692/982/692
f 2595/1288/2515 2596/1287/2516 692/982/692 691/1297/691
f 729/1260/729 2595/1288/2515 691/1297/691 119/1260/119
f 728/1260/728 2592/1284/2512 2595/1288/2515 729/1260/729
f 727/1260/727 2589/1281/2509 2592/1284/2512 728/1260/728
f 2598/1298/2518 2599/1299/2519 2602/1300/2522 2601/1301/2521
f 2599/1299/2519 2600/1302/2520 2603/1303/2523 2602/1300/2522
f 2601/1301/2521 2602/1300/2522 2605/1304/2525 2604/1305/2524
f 2602/1300/2522 2603/1303/2523 2606/1306/2526 2605/1304/2525
f 103/979/103 909/1003/881 2598/1298/2518 733/1293/733
f 909/1003/881 908/1307/880 2599/1299/2519 2598/1298/2518
f 908/1307/880 907/1308/879 2600/1302/2520 2599/1299/2519
f 907/1308/879 104/1309/104 736/1310/736 2600/1302/2520
f 2600/1302/2520 736/1310/736 737/1311/737 2603/1303/2523
f 2603/1303/2523 737/1311/737 738/1312/738 2606/1306/2526
f 2606/1306/2526 738/1312/738 121/999/121 696/1313/696
f 2605/1304/2525 2606/1306/2526 696/1313/696 695/1307/695
f 2604/1305/2524 2605/1304/2525 695/1307/695 694/1003/694
f 735/1295/735 2604/1305/2524 694/1003/694 120/979/120
f 734/1294/734 2601/1301/2521 2604/1305/2524 735/1295/735
f 733/1293/733 2598/1298/2518 2601/1301/2521 734/1294/734
f 2607/1314/2527 2608/1315/2528 2611/1316/2531 2610/1317/2530
f 2608/1315/2528 2609/1318/2529 2612/1319/2532 2611/1316/2531
f 2610/1317/2530 2611/1316/2531 2614/1320/2534 2613/1321/2533
f 2611/1316/2531 2612/1319/2532 2615/1322/2535 2614/1320/2534
f 102/1276/102 906/1323/878 2607/1314/2527 730/1277/730
f 906/1323/878 905/1324/877 2608/1315/2528 2607/1314/2527
f 905/1324/877 904/1325/876 2609/1318/2529 2608/1315/2528
f 904/1325/876 105/1326/105 739/1327/739 2609/1318/2529
f 2609/1318/2529 739/1327/739 740/1327/740 2612/1319/2532
f 2612/1319/2532 740/1327/740 741/1327/741 2615/1322/2535
f 2615/1322/2535 741/1327/741 114/1328/114 675/1329/675
f 2614/1320/2534 2615/1322/2535 675/1329/675 674/861/674
f 2613/1321/2533 2614/1320/2534 674/861/674 673/1330/673
f 732/1279/732 2613/1321/2533 673/1330/673 113/863/113
f 731/1278/731 2610/1317/2530 2613/1321/2533 732/1279/732
f 730/1277/730 2607/1314/2527 2610/1317/2530 731/1278/731
f 2616/1331/2536 2617/1332/2537 2620/1333/2540 2619/1334/2539
f 2617/1332/2537 2618/1335/2538 2621/1336/2541 2620/1333/2540
f 2619/1334/2539 2620/1333/2540 2623/1337/2543 2622/1338/2542
f 2620/1333/2540 2621/1336/2541 2624/1339/2544 2623/1337/2543
f 104/1309/104 903/1340/875 2616/1331/2536 736/1310/736
f 903/1340/875 902/1341/874 2617/1332/2537 2616/1331/2536
f 902/1341/874 901/1342/873 2618/1335/2538 2617/1332/2537
f 901/1342/873 106/1343/106 742/1344/742 2618/1335/2538
f 2618/1335/2538 742/1344/742 743/1344/743 2621/1336/2541
f 2621/1336/2541 743/1344/743 744/1344/744 2624/1339/2544
f 2624/1339/2544 744/1344/744 122/1345/122 699/1346/699
f 2623/1337/2543 2624/1339/2544 699/1346/699 698/1022/698
f 2622/1338/2542 2623/1337/2543 698/1022/698 697/1347/697
f 738/1312/738 2622/1338/2542 697/1347/697 121/999/121
f 737/1311/737 2619/1334/2539 2622/1338/2542 738/1312/738
f 736/1310/736 2616/1331/2536 2619/1334/2539 737/1311/737
f 2625/1348/2545 2626/1349/2546 2629/1350/2549 2628/1351/2548
f 2626/1349/2546 2627/1352/2547 2630/1353/2550 2629/1350/2549
f 2628/1351/2548 2629/1350/2549 2632/1354/2552 2631/1355/2551
f 2629/1350/2549 2630/1353/2550 2633/1356/2553 2632/1354/2552
f 105/1357/105 900/1358/872 2625/1348/2545 739/1327/739
f 900/1358/872 899/1359/871 2626/1349/2546 2625/1348/2545
f 899/1359/871 898/1360/870 2627/1352/2547 2626/1349/2546
f 898/1360/870 107/1361/107 745/1362/745 2627/1352/2547
f 2627/1352/2547 745/1362/745 746/1363/746 2630/1353/2550
f 2630/1353/2550 746/1363/746 747/1364/747 2633/1356/2553
f 2633/1356/2553 747/1364/747 115/1365/115 678/1366/678
f 2632/1354/2552 2633/1356/2553 678/1366/678 677/1367/677
f 2631/1355/2551 2632/1354/2552 677/1367/677 676/1368/676
f 741/1327/741 2631/1355/2551 676/1368/676 114/858/114
f 740/1327/740 2628/1351/2548 2631/1355/2551 741/1327/741
f 739/1327/739 2625/1348/2545 2628/1351/2548 740/1327/740
f 2634/1369/2554 2635/1370/2555 2638/1371/2558 2637/1372/2557
f 2635/1370/2555 2636/1373/2556 2639/1374/2559 2638/1371/2558
f 2637/1372/2557 2638/1371/2558 2641/1375/2561 2640/1376/2560
f 2638/1371/2558 2639/1374/2559 2642/1377/2562 2641/1375/2561
f 106/1344/106 897/1043/869 2634/1369/2554 742/1344/742
f 897/1043/869 896/1378/868 2635/1370/2555 2634/1369/2554
f 896/1378/868 895/1379/867 2636/1373/2556 2635/1370/2555
f 895/1379/867 108/1380/108 748/1381/748 2636/1373/2556
f 2636/1373/2556 748/1381/748 749/1381/749 2639/1374/2559
f 2639/1374/2559 749/1381/749 750/1381/750 2642/1377/2562
f 2642/1377/2562 750/1381/750 123/1039/123 702/1382/702
f 2641/1375/2561 2642/1377/2562 702/1382/702 701/1383/701
f 2640/1376/2560 2641/1375/2561 701/1383/701 700/1384/700
f 744/1344/744 2640/1376/2560 700/1384/700 122/1019/122
f 743/1344/743 2637/1372/2557 2640/1376/2560 744/1344/744
f 742/1344/742 2634/1369/2554 2637/1372/2557 743/1344/743
f 2643/1385/2563 2644/1386/2564 2647/1387/2567 2646/1388/2566
f 2644/1386/2564 2645/1389/2565 2648/1390/2568 2647/1387/2567
f 2646/1388/2566 2647/1387/2567 2650/1391/2570 2649/1392/2569
f 2647/1387/2567 2648/1390/2568 2651/1393/2571 2650/1391/2570
f 107/1361/107 894/907/866 2643/1385/2563 745/1362/745
f 894/907/866 893/906/865 2644/1386/2564 2643/1385/2563
f 893/906/865 892/904/864 2645/1389/2565 2644/1386/2564
f 892/904/864 109/1394/109 751/1395/751 2645/1389/2565
f 2645/1389/2565 751/1395/751 752/1395/752 2648/1390/2568
f 2648/1390/2568 752/1395/752 753/1395/753 2651/1393/2571
f 2651/1393/2571 753/1395/753 116/903/116 681/1396/681
f 2650/1391/2570 2651/1393/2571 681/1396/681 680/1397/680
f 2649/1392/2569 2650/1391/2570 680/1397/680 679/1398/679
f 747/1364/747 2649/1392/2569 679/1398/679 115/1365/115
f 746/1363/746 2646/1388/2566 2649/1392/2569 747/1364/747
f 745/1362/745 2643/1385/2563 2646/1388/2566 746/1363/746
f 2652/1399/2572 2653/1400/2573 2656/1401/2576 2655/1402/2575
f 2653/1400/2573 2654/1403/2574 2657/1404/2577 2656/1401/2576
f 2655/1402/2575 2656/1401/2576 2659/1400/2579 2658/1399/2578
f 2656/1401/2576 2657/1404/2577 2660/1405/2580 2659/1400/2579
f 108/1380/108 891/1406/863 2652/1399/2572 748/1381/748
f 891/1406/863 890/1407/862 2653/1400/2573 2652/1399/2572
f 890/1407/862 889/1408/861 2654/1403/2574 2653/1400/2573
f 889/1408/861 110/1409/110 754/1410/754 2654/1403/2574
f 2654/1403/2574 754/1410/754 755/1411/755 2657/1404/2577
f 2657/1404/2577 755/1411/755 756/1412/756 2660/1405/2580
f 2660/1405/2580 756/1412/756 124/1059/124 705/1413/705
f 2659/1400/2579 2660/1405/2580 705/1413/705 704/1062/704
f 2658/1399/2578 2659/1400/2579 704/1062/704 703/1414/703
f 750/1381/750 2658/1399/2578 703/1414/703 123/1415/123
f 749/1381/749 2655/1402/2575 2658/1399/2578 750/1381/750
f 748/1381/748 2652/1399/2572 2655/1402/2575 749/1381/749
f 2661/1416/2581 2662/1417/2582 2665/1418/2585 2664/1419/2584
f 2662/1417/2582 2663/1420/2583 2666/1421/2586 2665/1418/2585
f 2664/1419/2584 2665/1418/2585 2668/1418/2588 2667/1422/2587
f 2665/1418/2585 2666/1421/2586 2669/1423/2589 2668/1418/2588
f 109/903/109 888/1424/860 2661/1416/2581 751/1395/751
f 888/1424/860 887/1425/859 2662/1417/2582 2661/1416/2581
f 887/1425/859 886/1426/858 2663/1420/2583 2662/1417/2582
f 886/1426/858 111/327/111 879/316/851 2663/1420/2583
f 2663/1420/2583 879/316/851 878/316/850 2666/1421/2586
f 2666/1421/2586 878/316/850 877/316/849 2669/1423/2589
f 2669/1423/2589 877/316/849 117/314/117 684/1427/684
f 2668/1418/2588 2669/1423/2589 684/1427/684 683/925/683
f 2667/1422/2587 2668/1418/2588 683/925/683 682/926/682
f 753/1395/753 2667/1422/2587 682/926/682 116/1394/116
f 752/1395/752 2664/1419/2584 2667/1422/2587 753/1395/753
f 751/1395/751 2661/1416/2581 2664/1419/2584 752/1395/752
f 2670/1428/2590 2671/1429/2591 2674/1430/2594 2673/1431/2593
f 2671/1429/2591 2672/1432/2592 2675/1433/2595 2674/1430/2594
f 2673/1431/2593 2674/1430/2594 2677/1429/2597 2676/1434/2596
f 2674/1430/2594 2675/1433/2595 2678/1435/2598 2677/1429/2597
f 110/1409/110 885/1436/857 2670/1428/2590 754/1410/754
f 885/1436/857 884/1437/856 2671/1429/2591 2670/1428/2590
f 884/1437/856 883/1438/855 2672/1432/2592 2671/1429/2591
f 883/1438/855 112/1079/112 882/1239/854 2672/1432/2592
f 2672/1432/2592 882/1239/854 881/1248/853 2675/1433/2595
f 2675/1433/2595 881/1248/853 880/1247/852 2678/1435/2598
f 2678/1435/2598 880/1247/852 125/1079/125 708/1080/708
f 2677/1429/2597 2678/1435/2598 708/1080/708 707/1082/707
f 2676/1434/2596 2677/1429/2597 707/1082/707 706/1439/706
f 756/1412/756 2676/1434/2596 706/1439/706 124/1059/124
f 755/1411/755 2673/1431/2593 2676/1434/2596 756/1412/756
f 754/1410/754 2670/1428/2590 2673/1431/2593 755/1411/755
f 2679/1428/2599 2680/1429/2600 2683/1430/2603 2682/1440/2602
f 2680/1429/2600 2681/1441/2601 2684/1442/2604 2683/1430/2603
f 2682/1440/2602 2683/1430/2603 2686/1429/2606 2685/1434/2605
f 2683/1430/2603 2684/1442/2604 2687/1432/2607 2686/1429/2606
f 23/1059/23 622/1439/622 2679/1428/2599 796/1410/792
f 622/1439/622 623/1082/623 2680/1429/2600 2679/1428/2599
f 623/1082/623 624/1080/624 2681/1441/2601 2680/1429/2600
f 624/1080/624 25/1079/25 726/1443/726 2681/1441/2601
f 2681/1441/2601 726/1443/726 725/1444/725 2684/1442/2604
f 2684/1442/2604 725/1444/725 724/1239/724 2687/1432/2607
f 2687/1432/2607 724/1239/724 88/1079/88 799/1080/795
f 2686/1429/2606 2687/1432/2607 799/1080/795 800/1082/796
f 2685/1434/2605 2686/1429/2606 800/1082/796 801/1439/797
f 798/1445/794 2685/1434/2605 801/1439/797 98/1059/98
f 797/1446/793 2682/1440/2602 2685/1434/2605 798/1445/794
f 796/1410/792 2679/1428/2599 2682/1440/2602 797/1446/793
f 2688/1447/2608 2689/1448/2609 2692/1449/2612 2691/1450/2611
f 2689/1448/2609 2690/1451/2610 2693/1452/2613 2692/1449/2612
f 2691/1450/2611 2692/1449/2612 2695/1453/2615 2694/1454/2614
f 2692/1449/2612 2693/1452/2613 2696/1455/2616 2695/1453/2615
f 7/903/7 598/926/598 2688/1447/2608 793/1456/789
f 598/926/598 599/925/599 2689/1448/2609 2688/1447/2608
f 599/925/599 600/1427/600 2690/1451/2610 2689/1448/2609
f 600/1427/600 9/327/9 720/1457/720 2690/1451/2610
f 2690/1451/2610 720/1457/720 719/1458/719 2693/1452/2613
f 2693/1452/2613 719/1458/719 718/1459/718 2696/1455/2616
f 2696/1455/2616 718/1459/718 86/1460/86 802/1461/798
f 2695/1453/2615 2696/1455/2616 802/1461/798 803/1462/799
f 2694/1454/2614 2695/1453/2615 803/1462/799 804/1463/800
f 795/1464/791 2694/1454/2614 804/1463/800 97/1465/97
f 794/1466/790 2691/1450/2611 2694/1454/2614 795/1464/791
f 793/1456/789 2688/1447/2608 2691/1450/2611 794/1466/790
f 2697/1467/2617 2698/1468/2618 2701/1469/2621 2700/1470/2620
f 2698/1468/2618 2699/1471/2619 2702/1472/2622 2701/1469/2621
f 2700/1470/2620 2701/1469/2621 2704/1468/2624 2703/1473/2623
f 2701/1469/2621 2702/1472/2622 2705/1471/2625 2704/1468/2624
f 21/1039/21 619/1414/619 2697/1467/2617 790/1474/786
f 619/1414/619 620/1062/620 2698/1468/2618 2697/1467/2617
f 620/1062/620 621/1413/621 2699/1471/2619 2698/1468/2618
f 621/1413/621 23/1059/23 796/1410/792 2699/1471/2619
f 2699/1471/2619 796/1410/792 797/1446/793 2702/1472/2622
f 2702/1472/2622 797/1446/793 798/1445/794 2705/1471/2625
f 2705/1471/2625 798/1445/794 98/1059/98 805/1413/801
f 2704/1468/2624 2705/1471/2625 805/1413/801 806/1062/802
f 2703/1473/2623 2704/1468/2624 806/1062/802 807/1414/803
f 792/1475/788 2703/1473/2623 807/1414/803 96/1039/96
f 791/1476/787 2700/1470/2620 2703/1473/2623 792/1475/788
f 790/1474/786 2697/1467/2617 2700/1470/2620 791/1476/787
f 2706/1477/2626 2707/1478/2627 2710/1479/2630 2709/1480/2629
f 2707/1478/2627 2708/1481/2628 2711/1482/2631 2710/1479/2630
f 2709/1480/2629 2710/1479/2630 2713/1483/2633 2712/1484/2632
f 2710/1479/2630 2711/1482/2631 2714/1485/2634 2713/1483/2633
f 5/883/5 595/907/595 2706/1477/2626 787/1486/783
f 595/907/595 596/906/596 2707/1478/2627 2706/1477/2626
f 596/906/596 597/904/597 2708/1481/2628 2707/1478/2627
f 597/904/597 7/903/7 793/1456/789 2708/1481/2628
f 2708/1481/2628 793/1456/789 794/1466/790 2711/1482/2631
f 2711/1482/2631 794/1466/790 795/1464/791 2714/1485/2634
f 2714/1485/2634 795/1464/791 97/1465/97 808/1487/804
f 2713/1483/2633 2714/1485/2634 808/1487/804 809/1488/805
f 2712/1484/2632 2713/1483/2633 809/1488/805 810/1489/806
f 789/1490/785 2712/1484/2632 810/1489/806 95/1491/95
f 788/1492/784 2709/1480/2629 2712/1484/2632 789/1490/785
f 787/1486/783 2706/1477/2626 2709/1480/2629 788/1492/784
f 2715/1493/2635 2716/1494/2636 2719/1495/2639 2718/1496/2638
f 2716/1494/2636 2717/1497/2637 2720/1498/2640 2719/1495/2639
f 2718/1496/2638 2719/1495/2639 2722/1499/2642 2721/1500/2641
f 2719/1495/2639 2720/1498/2640 2723/1501/2643 2722/1499/2642
f 19/1019/19 616/1043/616 2715/1493/2635 784/1502/780
f 616/1043/616 617/1042/617 2716/1494/2636 2715/1493/2635
f 617/1042/617 618/1379/618 2717/1497/2637 2716/1494/2636
f 618/1379/618 21/1039/21 790/1474/786 2717/1497/2637
f 2717/1497/2637 790/1474/786 791/1476/787 2720/1498/2640
f 2720/1498/2640 791/1476/787 792/1475/788 2723/1501/2643
f 2723/1501/2643 792/1475/788 96/1039/96 811/1503/807
f 2722/1499/2642 2723/1501/2643 811/1503/807 812/1504/808
f 2721/1500/2641 2722/1499/2642 812/1504/808 813/1505/809
f 786/1506/782 2721/1500/2641 813/1505/809 94/1507/94
f 785/1508/781 2718/1496/2638 2721/1500/2641 786/1506/782
f 784/1502/780 2715/1493/2635 2718/1496/2638 785/1508/781
f 2724/1509/2644 2725/1510/2645 2728/1511/2648 2727/1512/2647
f 2725/1510/2645 2726/1513/2646 2729/1514/2649 2728/1511/2648
f 2727/1512/2647 2728/1511/2648 2731/1515/2651 2730/1516/2650
f 2728/1511/2648 2729/1514/2649 2732/1517/2652 2731/1515/2651
f 3/858/3 592/1518/592 2724/1509/2644 781/1519/777
f 592/1518/592 593/1520/593 2725/1510/2645 2724/1509/2644
f 593/1520/593 594/884/594 2726/1513/2646 2725/1510/2645
f 594/884/594 5/883/5 787/1486/783 2726/1513/2646
f 2726/1513/2646 787/1486/783 788/1492/784 2729/1514/2649
f 2729/1514/2649 788/1492/784 789/1490/785 2732/1517/2652
f 2732/1517/2652 789/1490/785 95/1491/95 814/1521/810
f 2731/1515/2651 2732/1517/2652 814/1521/810 815/1522/811
f 2730/1516/2650 2731/1515/2651 815/1522/811 816/1523/812
f 783/1524/779 2730/1516/2650 816/1523/812 93/1525/93
f 782/1526/778 2727/1512/2647 2730/1516/2650 783/1524/779
f 781/1519/777 2724/1509/2644 2727/1512/2647 782/1526/778
f 2733/1527/2653 2734/1528/2654 2737/1529/2657 2736/1530/2656
f 2734/1528/2654 2735/1531/2655 2738/1532/2658 2737/1529/2657
f 2736/1530/2656 2737/1529/2657 2740/1533/2660 2739/1534/2659
f 2737/1529/2657 2738/1532/2658 2741/1535/2661 2740/1533/2660
f 17/999/17 613/1347/613 2733/1527/2653 778/1536/774
f 613/1347/613 614/1022/614 2734/1528/2654 2733/1527/2653
f 614/1022/614 615/1346/615 2735/1531/2655 2734/1528/2654
f 615/1346/615 19/1019/19 784/1502/780 2735/1531/2655
f 2735/1531/2655 784/1502/780 785/1508/781 2738/1532/2658
f 2738/1532/2658 785/1508/781 786/1506/782 2741/1535/2661
f 2741/1535/2661 786/1506/782 94/1507/94 817/1537/813
f 2740/1533/2660 2741/1535/2661 817/1537/813 818/1538/814
f 2739/1534/2659 2740/1533/2660 818/1538/814 819/1539/815
f 780/1540/776 2739/1534/2659 819/1539/815 92/999/92
f 779/1311/775 2736/1530/2656 2739/1534/2659 780/1540/776
f 778/1536/774 2733/1527/2653 2736/1530/2656 779/1311/775
f 2742/1541/2662 2743/1542/2663 2746/1543/2666 2745/1544/2665
f 2743/1542/2663 2744/1545/2664 2747/1546/2667 2746/1543/2666
f 2745/1544/2665 2746/1543/2666 2749/1547/2669 2748/1548/2668
f 2746/1543/2666 2747/1546/2667 2750/1549/2670 2749/1547/2669
f 1/863/1 589/1330/589 2742/1541/2662 772/1550/768
f 589/1330/589 590/861/590 2743/1542/2663 2742/1541/2662
f 590/861/590 591/1329/591 2744/1545/2664 2743/1542/2663
f 591/1329/591 3/858/3 781/1519/777 2744/1545/2664
f 2744/1545/2664 781/1519/777 782/1526/778 2747/1546/2667
f 2747/1546/2667 782/1526/778 783/1524/779 2750/1549/2670
f 2750/1549/2670 783/1524/779 93/1525/93 820/1551/816
f 2749/1547/2669 2750/1549/2670 820/1551/816 821/1552/817
f 2748/1548/2668 2749/1547/2669 821/1552/817 822/1553/818
f 774/1277/770 2748/1548/2668 822/1553/818 90/1276/90
f 773/1554/769 2745/1544/2665 2748/1548/2668 774/1277/770
f 772/1550/768 2742/1541/2662 2745/1544/2665 773/1554/769
f 2751/1555/2671 2752/1299/2672 2755/1300/2675 2754/1556/2674
f 2752/1299/2672 2753/1302/2673 2756/1303/2676 2755/1300/2675
f 2754/1556/2674 2755/1300/2675 2758/1304/2678 2757/1305/2677
f 2755/1300/2675 2756/1303/2676 2759/1557/2679 2758/1304/2678
f 15/979/15 610/1003/610 2751/1555/2671 775/1558/771
f 610/1003/610 611/1307/611 2752/1299/2672 2751/1555/2671
f 611/1307/611 612/1313/612 2753/1302/2673 2752/1299/2672
f 612/1313/612 17/999/17 778/1536/774 2753/1302/2673
f 2753/1302/2673 778/1536/774 779/1311/775 2756/1303/2676
f 2756/1303/2676 779/1311/775 780/1540/776 2759/1557/2679
f 2759/1557/2679 780/1540/776 92/999/92 823/1313/819
f 2758/1304/2678 2759/1557/2679 823/1313/819 824/1307/820
f 2757/1305/2677 2758/1304/2678 824/1307/820 825/1003/821
f 777/1559/773 2757/1305/2677 825/1003/821 91/979/91
f 776/1560/772 2754/1556/2674 2757/1305/2677 777/1559/773
f 775/1558/771 2751/1555/2671 2754/1556/2674 776/1560/772
f 2760/1561/2680 2761/1562/2681 2764/1563/2684 2763/1564/2683
f 2761/1562/2681 2762/1565/2682 2765/1566/2685 2764/1563/2684
f 2763/1564/2683 2764/1563/2684 2767/1567/2687 2766/1568/2686
f 2764/1563/2684 2765/1566/2685 2768/1569/2688 2767/1567/2687
f 13/959/13 607/1297/607 2760/1561/2680 769/1570/765
f 607/1297/607 608/982/608 2761/1562/2681 2760/1561/2680
f 608/982/608 609/1296/609 2762/1565/2682 2761/1562/2681
f 609/1296/609 15/979/15 775/1558/771 2762/1565/2682
f 2762/1565/2682 775/1558/771 776/1560/772 2765/1566/2685
f 2765/1566/2685 776/1560/772 777/1559/773 2768/1569/2688
f 2768/1569/2688 777/1559/773 91/979/91 826/1571/822
f 2767/1567/2687 2768/1569/2688 826/1571/822 827/1572/823
f 2766/1568/2686 2767/1567/2687 827/1572/823 828/1573/824
f 771/1574/767 2766/1568/2686 828/1573/824 89/1575/89
f 770/1576/766 2763/1564/2683 2766/1568/2686 771/1574/767
f 769/1570/765 2760/1561/2680 2763/1564/2683 770/1576/766
f 2769/1577/2689 2770/1578/2690 2773/1579/2693 2772/1580/2692
f 2770/1578/2690 2771/1581/2691 2774/1582/2694 2773/1579/2693
f 2772/1580/2692 2773/1579/2693 2776/1583/2696 2775/1584/2695
f 2773/1579/2693 2774/1582/2694 2777/1585/2697 2776/1583/2696
f 27/1099/27 628/1121/628 2769/1577/2689 763/1586/761
f 628/1121/628 629/1120/629 2770/1578/2690 2769/1577/2689
f 629/1120/629 630/1280/630 2771/1581/2691 2770/1578/2690
f 630/1280/630 1/863/1 772/1550/768 2771/1581/2691
f 2771/1581/2691 772/1550/768 773/1554/769 2774/1582/2694
f 2774/1582/2694 773/1554/769 774/1277/770 2777/1585/2697
f 2777/1585/2697 774/1277/770 90/1276/90 829/1587/825
f 2776/1583/2696 2777/1585/2697 829/1587/825 830/1588/826
f 2775/1584/2695 2776/1583/2696 830/1588/826 831/1589/827
f 765/1590/763 2775/1584/2695 831/1589/827 87/1242/87
f 764/1591/762 2772/1580/2692 2775/1584/2695 765/1590/763
f 763/1586/761 2769/1577/2689 2772/1580/2692 764/1591/762
f 2778/1592/2698 2779/1593/2699 2782/1594/2702 2781/1595/2701
f 2779/1593/2699 2780/1596/2700 2783/1597/2703 2782/1594/2702
f 2781/1595/2701 2782/1594/2702 2785/1598/2705 2784/1599/2704
f 2782/1594/2702 2783/1597/2703 2786/1600/2706 2785/1598/2705
f 11/942/11 604/1258/604 2778/1592/2698 757/1601/757
f 604/1258/604 605/962/605 2779/1593/2699 2778/1592/2698
f 605/962/605 606/960/606 2780/1596/2700 2779/1593/2699
f 606/960/606 13/959/13 769/1570/765 2780/1596/2700
f 2780/1596/2700 769/1570/765 770/1576/766 2783/1597/2703
f 2783/1597/2703 770/1576/766 771/1574/767 2786/1600/2706
f 2786/1600/2706 771/1574/767 89/1575/89 832/1602/828
f 2785/1598/2705 2786/1600/2706 832/1602/828 833/1603/829
f 2784/1599/2704 2785/1598/2705 833/1603/829 834/1604/830
f 759/1605/759 2784/1599/2704 834/1604/830 85/1606/85
f 758/1607/758 2781/1595/2701 2784/1599/2704 759/1605/759
f 757/1601/757 2778/1592/2698 2781/1595/2701 758/1607/758
f 2787/1608/2707 2788/1609/2708 2791/1610/2711 2790/1611/2710
f 2788/1609/2708 2789/1612/2709 2792/1234/2712 2791/1610/2711
f 2790/1611/2710 2791/1610/2711 2794/1613/2714 2793/1614/2713
f 2791/1610/2711 2792/1234/2712 2795/1615/2715 2794/1613/2714
f 25/1079/25 625/1246/625 2787/1608/2707 726/1443/726
f 625/1246/625 626/1102/626 2788/1609/2708 2787/1608/2707
f 626/1102/626 627/1100/627 2789/1612/2709 2788/1609/2708
f 627/1100/627 27/1099/27 763/1586/761 2789/1612/2709
f 2789/1612/2709 763/1586/761 764/1591/762 2792/1234/2712
f 2792/1234/2712 764/1591/762 765/1590/763 2795/1615/2715
f 2795/1615/2715 765/1590/763 87/1242/87 835/1616/831
f 2794/1613/2714 2795/1615/2715 835/1616/831 836/1240/832
f 2793/1614/2713 2794/1613/2714 836/1240/832 837/1617/833
f 724/1239/724 2793/1614/2713 837/1617/833 88/1079/88
f 725/1444/725 2790/1611/2710 2793/1614/2713 724/1239/724
f 726/1443/726 2787/1608/2707 2790/1611/2710 725/1444/725
f 2796/1618/2716 2797/1619/2717 2800/1620/2720 2799/1621/2719
f 2797/1619/2717 2798/1622/2718 2801/1623/2721 2800/1620/2720
f 2799/1621/2719 2800/1620/2720 2803/1624/2723 2802/1625/2722
f 2800/1620/2720 2801/1623/2721 2804/1626/2724 2803/1624/2723
f 9/327/9 601/315/601 2796/1618/2716 720/1457/720
f 601/315/601 602/317/602 2797/1619/2717 2796/1618/2716
f 602/317/602 603/318/603 2798/1622/2718 2797/1619/2717
f 603/318/603 11/942/11 757/1601/757 2798/1622/2718
f 2798/1622/2718 757/1601/757 758/1607/758 2801/1623/2721
f 2801/1623/2721 758/1607/758 759/1605/759 2804/1626/2724
f 2804/1626/2724 759/1605/759 85/1606/85 838/1627/834
f 2803/1624/2723 2804/1626/2724 838/1627/834 839/1628/835
f 2802/1625/2722 2803/1624/2723 839/1628/835 840/1629/836
f 718/1459/718 2802/1625/2722 840/1629/836 86/1460/86
f 719/1458/719 2799/1621/2719 2802/1625/2722 718/1459/718
f 720/1457/720 2796/1618/2716 2799/1621/2719 719/1458/719
f 2805/1630/2725 2806/1631/2726 2809/1632/2726 2808/1633/2725
f 2806/1631/2726 2807/1634/2727 2810/1635/2727 2809/1632/2726
f 2808/1633/2725 2809/1632/2726 2812/1631/2726 2811/1630/2725
f 2809/1632/2726 2810/1635/2727 2813/1636/2727 2812/1631/2726
f 98/1059/98 801/1439/797 2805/1630/2725 874/1410/848
f 801/1439/797 800/1082/796 2806/1631/2726 2805/1630/2725
f 800/1082/796 799/1080/795 2807/1634/2727 2806/1631/2726
f 799/1080/795 88/1637/88 768/1638/764 2807/1634/2727
f 2807/1634/2727 768/1638/764 767/1638/764 2810/1635/2727
f 2810/1635/2727 767/1638/764 766/1638/764 2813/1636/2727
f 2813/1636/2727 766/1638/764 112/1637/112 883/1438/855
f 2812/1631/2726 2813/1636/2727 883/1438/855 884/1437/856
f 2811/1630/2725 2812/1631/2726 884/1437/856 885/1436/857
f 876/1639/848 2811/1630/2725 885/1436/857 110/1409/110
f 875/1446/848 2808/1633/2725 2811/1630/2725 876/1639/848
f 874/1410/848 2805/1630/2725 2808/1633/2725 875/1446/848
f 2814/1640/2728 2815/1453/2729 2818/1641/2729 2817/1450/2728
f 2815/1453/2729 2816/1642/2730 2819/1643/2730 2818/1641/2729
f 2817/1450/2728 2818/1641/2729 2821/1644/2729 2820/1645/2728
f 2818/1641/2729 2819/1643/2730 2822/1646/2730 2821/1644/2729
f 97/1465/97 804/1463/800 2814/1640/2728 871/1647/847
f 804/1463/800 803/1462/799 2815/1453/2729 2814/1640/2728
f 803/1462/799 802/1461/798 2816/1642/2730 2815/1453/2729
f 802/1461/798 86/1460/86 762/1459/760 2816/1642/2730
f 2816/1642/2730 762/1459/760 761/1648/760 2819/1643/2730
f 2819/1643/2730 761/1648/760 760/1649/760 2822/1646/2730
f 2822/1646/2730 760/1649/760 111/327/111 886/1426/858
f 2821/1644/2729 2822/1646/2730 886/1426/858 887/1425/859
f 2820/1645/2728 2821/1644/2729 887/1425/859 888/1424/860
f 873/1650/847 2820/1645/2728 888/1424/860 109/903/109
f 872/1651/847 2817/1450/2728 2820/1645/2728 873/1650/847
f 871/1647/847 2814/1640/2728 2817/1450/2728 872/1651/847
f 2823/1652/2731 2824/1400/2732 2827/1401/2732 2826/1402/2731
f 2824/1400/2732 2825/1653/2733 2828/1404/2733 2827/1401/2732
f 2826/1402/2731 2827/1401/2732 2830/1654/2732 2829/1655/2731
f 2827/1401/2732 2828/1404/2733 2831/1405/2733 2830/1654/2732
f 96/1415/96 807/1414/803 2823/1652/2731 868/1381/846
f 807/1414/803 806/1062/802 2824/1400/2732 2823/1652/2731
f 806/1062/802 805/1413/801 2825/1653/2733 2824/1400/2732
f 805/1413/801 98/1059/98 874/1410/848 2825/1653/2733
f 2825/1653/2733 874/1410/848 875/1446/848 2828/1404/2733
f 2828/1404/2733 875/1446/848 876/1639/848 2831/1405/2733
f 2831/1405/2733 876/1639/848 110/1409/110 889/1408/861
f 2830/1654/2732 2831/1405/2733 889/1408/861 890/1407/862
f 2829/1655/2731 2830/1654/2732 890/1407/862 891/1406/863
f 870/1381/846 2829/1655/2731 891/1406/863 108/1380/108
f 869/1381/846 2826/1402/2731 2829/1655/2731 870/1381/846
f 868/1381/846 2823/1652/2731 2826/1402/2731 869/1381/846
f 2832/1656/2734 2833/1657/2735 2836/1658/2735 2835/1659/2734
f 2833/1657/2735 2834/1485/2736 2837/1660/2736 2836/1658/2735
f 2835/1659/2734 2836/1658/2735 2839/1661/2735 2838/1662/2734
f 2836/1658/2735 2837/1660/2736 2840/1663/2736 2839/1661/2735
f 95/1491/95 810/1489/806 2832/1656/2734 865/1664/845
f 810/1489/806 809/1488/805 2833/1657/2735 2832/1656/2734
f 809/1488/805 808/1487/804 2834/1485/2736 2833/1657/2735
f 808/1487/804 97/1465/97 871/1647/847 2834/1485/2736
f 2834/1485/2736 871/1647/847 872/1651/847 2837/1660/2736
f 2837/1660/2736 872/1651/847 873/1650/847 2840/1663/2736
f 2840/1663/2736 873/1650/847 109/903/109 892/904/864
f 2839/1661/2735 2840/1663/2736 892/904/864 893/906/865
f 2838/1662/2734 2839/1661/2735 893/906/865 894/907/866
f 867/1665/845 2838/1662/2734 894/907/866 107/1361/107
f 866/1666/845 2835/1659/2734 2838/1662/2734 867/1665/845
f 865/1664/845 2832/1656/2734 2835/1659/2734 866/1666/845
f 2841/1667/2737 2842/1668/2738 2845/1669/2738 2844/1670/2737
f 2842/1668/2738 2843/1671/2739 2846/1672/2739 2845/1669/2738
f 2844/1670/2737 2845/1669/2738 2848/1673/2738 2847/1674/2737
f 2845/1669/2738 2846/1672/2739 2849/1675/2739 2848/1673/2738
f 94/1507/94 813/1505/809 2841/1667/2737 862/1676/844
f 813/1505/809 812/1504/808 2842/1668/2738 2841/1667/2737
f 812/1504/808 811/1503/807 2843/1671/2739 2842/1668/2738
f 811/1503/807 96/1039/96 868/1381/846 2843/1671/2739
f 2843/1671/2739 868/1381/846 869/1381/846 2846/1672/2739
f 2846/1672/2739 869/1381/846 870/1381/846 2849/1675/2739
f 2849/1675/2739 870/1381/846 108/1380/108 895/1379/867
f 2848/1673/2738 2849/1675/2739 895/1379/867 896/1378/868
f 2847/1674/2737 2848/1673/2738 896/1378/868 897/1043/869
f 864/1677/844 2847/1674/2737 897/1043/869 106/1343/106
f 863/1508/844 2844/1670/2737 2847/1674/2737 864/1677/844
f 862/1676/844 2841/1667/2737 2844/1670/2737 863/1508/844
f 2850/1678/2740 2851/1679/2741 2854/1680/2741 2853/1681/2740
f 2851/1679/2741 2852/1682/2742 2855/1683/2742 2854/1680/2741
f 2853/1681/2740 2854/1680/2741 2857/1684/2741 2856/1685/2740
f 2854/1680/2741 2855/1683/2742 2858/1686/2742 2857/1684/2741
f 93/1525/93 816/1523/812 2850/1678/2740 859/1687/843
f 816/1523/812 815/1522/811 2851/1679/2741 2850/1678/2740
f 815/1522/811 814/1521/810 2852/1682/2742 2851/1679/2741
f 814/1521/810 95/1491/95 865/1664/845 2852/1682/2742
f 2852/1682/2742 865/1664/845 866/1666/845 2855/1683/2742
f 2855/1683/2742 866/1666/845 867/1665/845 2858/1686/2742
f 2858/1686/2742 867/1665/845 107/1361/107 898/1360/870
f 2857/1684/2741 2858/1686/2742 898/1360/870 899/1359/871
f 2856/1685/2740 2857/1684/2741 899/1359/871 900/1358/872
f 861/1688/843 2856/1685/2740 900/1358/872 105/1326/105
f 860/1689/843 2853/1681/2740 2856/1685/2740 861/1688/843
f 859/1687/843 2850/1678/2740 2853/1681/2740 860/1689/843
f 2859/1690/2743 2860/1691/2744 2863/1692/2744 2862/1693/2743
f 2860/1691/2744 2861/1694/2745 2864/1695/2745 2863/1692/2744
f 2862/1693/2743 2863/1692/2744 2866/1696/2744 2865/1697/2743
f 2863/1692/2744 2864/1695/2745 2867/1698/2745 2866/1696/2744
f 92/999/92 819/1539/815 2859/1690/2743 856/1699/842
f 819/1539/815 818/1538/814 2860/1691/2744 2859/1690/2743
f 818/1538/814 817/1537/813 2861/1694/2745 2860/1691/2744
f 817/1537/813 94/1507/94 862/1676/844 2861/1694/2745
f 2861/1694/2745 862/1676/844 863/1508/844 2864/1695/2745
f 2864/1695/2745 863/1508/844 864/1677/844 2867/1698/2745
f 2867/1698/2745 864/1677/844 106/1343/106 901/1342/873
f 2866/1696/2744 2867/1698/2745 901/1342/873 902/1341/874
f 2865/1697/2743 2866/1696/2744 902/1341/874 903/1340/875
f 858/1699/842 2865/1697/2743 903/1340/875 104/1309/104
f 857/1699/842 2862/1693/2743 2865/1697/2743 858/1699/842
f 856/1699/842 2859/1690/2743 2862/1693/2743 857/1699/842
f 2868/1700/2746 2869/1701/2747 2872/1702/2747 2871/1703/2746
f 2869/1701/2747 2870/1704/2748 2873/1705/2748 2872/1702/2747
f 2871/1703/2746 2872/1702/2747 2875/1706/2747 2874/1707/2746
f 2872/1702/2747 2873/1705/2748 2876/1708/2748 2875/1706/2747
f 90/1276/90 822/1553/818 2868/1700/2746 850/1709/840
f 822/1553/818 821/1552/817 2869/1701/2747 2868/1700/2746
f 821/1552/817 820/1551/816 2870/1704/2748 2869/1701/2747
f 820/1551/816 93/1525/93 859/1687/843 2870/1704/2748
f 2870/1704/2748 859/1687/843 860/1689/843 2873/1705/2748
f 2873/1705/2748 860/1689/843 861/1688/843 2876/1708/2748
f 2876/1708/2748 861/1688/843 105/1326/105 904/1325/876
f 2875/1706/2747 2876/1708/2748 904/1325/876 905/1324/877
f 2874/1707/2746 2875/1706/2747 905/1324/877 906/1323/878
f 852/1709/840 2874/1707/2746 906/1323/878 102/1276/102
f 851/1276/840 2871/1703/2746 2874/1707/2746 852/1709/840
f 850/1709/840 2868/1700/2746 2871/1703/2746 851/1276/840
f 2877/1710/2749 2878/1711/2750 2881/1711/2750 2880/1712/2749
f 2878/1711/2750 2879/1313/2751 2882/1313/2751 2881/1711/2750
f 2880/1712/2749 2881/1711/2750 2884/1711/2750 2883/1712/2749
f 2881/1711/2750 2882/1313/2751 2885/1313/2751 2884/1711/2750
f 91/1713/91 825/1003/821 2877/1710/2749 853/1714/841
f 825/1003/821 824/1307/820 2878/1711/2750 2877/1710/2749
f 824/1307/820 823/1313/819 2879/1313/2751 2878/1711/2750
f 823/1313/819 92/1715/92 856/1699/842 2879/1313/2751
f 2879/1313/2751 856/1699/842 857/1699/842 2882/1313/2751
f 2882/1313/2751 857/1699/842 858/1699/842 2885/1313/2751
f 2885/1313/2751 858/1699/842 104/1716/104 907/1308/879
f 2884/1711/2750 2885/1313/2751 907/1308/879 908/1307/880
f 2883/1712/2749 2884/1711/2750 908/1307/880 909/1003/881
f 855/1714/841 2883/1712/2749 909/1003/881 103/1713/103
f 854/1714/841 2880/1712/2749 2883/1712/2749 855/1714/841
f 853/1714/841 2877/1710/2749 2880/1712/2749 854/1714/841
f 2886/1717/2752 2887/1718/2753 2890/1719/2753 2889/1720/2752
f 2887/1718/2753 2888/1721/2754 2891/1722/2754 2890/1719/2753
f 2889/1720/2752 2890/1719/2753 2893/1723/2753 2892/1724/2752
f 2890/1719/2753 2891/1722/2754 2894/1725/2754 2893/1723/2753
f 89/1575/89 828/1573/824 2886/1717/2752 847/1726/839
f 828/1573/824 827/1572/823 2887/1718/2753 2886/1717/2752
f 827/1572/823 826/1571/822 2888/1721/2754 2887/1718/2753
f 826/1571/822 91/979/91 853/1714/841 2888/1721/2754
f 2888/1721/2754 853/1714/841 854/1714/841 2891/1722/2754
f 2891/1722/2754 854/1714/841 855/1714/841 2894/1725/2754
f 2894/1725/2754 855/1714/841 103/979/103 910/1292/882
f 2893/1723/2753 2894/1725/2754 910/1292/882 911/1291/883
f 2892/1724/2752 2893/1723/2753 911/1291/883 912/1290/884
f 849/1727/839 2892/1724/2752 912/1290/884 101/959/101
f 848/1728/839 2889/1720/2752 2892/1724/2752 849/1727/839
f 847/1726/839 2886/1717/2752 2889/1720/2752 848/1728/839
f 2895/1729/2755 2896/1730/2756 2899/1731/2756 2898/1732/2755
f 2896/1730/2756 2897/1275/2757 2900/1733/2757 2899/1731/2756
f 2898/1732/2755 2899/1731/2756 2902/1734/2756 2901/1729/2755
f 2899/1731/2756 2900/1733/2757 2903/1735/2757 2902/1734/2756
f 87/1736/87 831/1737/827 2895/1729/2755 844/1736/838
f 831/1737/827 830/1738/826 2896/1730/2756 2895/1729/2755
f 830/1738/826 829/1733/825 2897/1275/2757 2896/1730/2756
f 829/1733/825 90/1739/90 850/1740/840 2897/1275/2757
f 2897/1275/2757 850/1740/840 851/1709/840 2900/1733/2757
f 2900/1733/2757 851/1709/840 852/1741/840 2903/1735/2757
f 2903/1735/2757 852/1741/840 102/1739/102 913/1733/885
f 2902/1734/2756 2903/1735/2757 913/1733/885 914/1738/886
f 2901/1729/2755 2902/1734/2756 914/1738/886 915/1737/887
f 846/1242/838 2901/1729/2755 915/1737/887 100/1736/100
f 845/1736/838 2898/1732/2755 2901/1729/2755 846/1242/838
f 844/1736/838 2895/1729/2755 2898/1732/2755 845/1736/838
f 2904/1742/2758 2905/1743/2759 2908/1744/2759 2907/1595/2758
f 2905/1743/2759 2906/1745/2760 2909/1746/2760 2908/1744/2759
f 2907/1595/2758 2908/1744/2759 2911/1593/2759 2910/1747/2758
f 2908/1744/2759 2909/1746/2760 2912/1596/2760 2911/1593/2759
f 85/1606/85 834/1604/830 2904/1742/2758 841/1748/837
f 834/1604/830 833/1603/829 2905/1743/2759 2904/1742/2758
f 833/1603/829 832/1602/828 2906/1745/2760 2905/1743/2759
f 832/1602/828 89/1575/89 847/1726/839 2906/1745/2760
f 2906/1745/2760 847/1726/839 848/1728/839 2909/1746/2760
f 2909/1746/2760 848/1728/839 849/1727/839 2912/1596/2760
f 2912/1596/2760 849/1727/839 101/959/101 916/1259/888
f 2911/1593/2759 2912/1596/2760 916/1259/888 917/962/889
f 2910/1747/2758 2911/1593/2759 917/962/889 918/1258/890
f 843/1749/837 2910/1747/2758 918/1258/890 99/319/99
f 842/1750/837 2907/1595/2758 2910/1747/2758 843/1749/837
f 841/1748/837 2904/1742/2758 2907/1595/2758 842/1750/837
f 2913/1751/2761 2914/1752/2762 2917/1753/2762 2916/1754/2761
f 2914/1752/2762 2915/1755/2763 2918/1756/2763 2917/1753/2762
f 2916/1754/2761 2917/1753/2762 2920/1752/2762 2919/1757/2761
f 2917/1753/2762 2918/1756/2763 2921/1758/2763 2920/1752/2762
f 88/1079/88 837/1617/833 2913/1751/2761 768/1638/764
f 837/1617/833 836/1240/832 2914/1752/2762 2913/1751/2761
f 836/1240/832 835/1616/831 2915/1755/2763 2914/1752/2762
f 835/1616/831 87/1242/87 844/1759/838 2915/1755/2763
f 2915/1755/2763 844/1759/838 845/1242/838 2918/1756/2763
f 2918/1756/2763 845/1242/838 846/1760/838 2921/1758/2763
f 2921/1758/2763 846/1760/838 100/1242/100 919/1241/891
f 2920/1752/2762 2921/1758/2763 919/1241/891 920/1240/892
f 2919/1757/2761 2920/1752/2762 920/1240/892 921/1238/893
f 766/1638/764 2919/1757/2761 921/1238/893 112/1079/112
f 767/1638/764 2916/1754/2761 2919/1757/2761 766/1638/764
f 768/1638/764 2913/1751/2761 2916/1754/2761 767/1638/764
f 2922/1761/2764 2923/1762/2765 2926/1763/2765 2925/1764/2764
f 2923/1762/2765 2924/1765/2766 2927/1766/2766 2926/1763/2765
f 2925/1764/2764 2926/1763/2765 2929/1767/2765 2928/1768/2764
f 2926/1763/2765 2927/1766/2766 2930/1769/2766 2929/1767/2765
f 86/1460/86 840/1629/836 2922/1761/2764 762/1459/760
f 840/1629/836 839/1628/835 2923/1762/2765 2922/1761/2764
f 839/1628/835 838/1627/834 2924/1765/2766 2923/1762/2765
f 838/1627/834 85/1606/85 841/1748/837 2924/1765/2766
f 2924/1765/2766 841/1748/837 842/1750/837 2927/1766/2766
f 2927/1766/2766 842/1750/837 843/1749/837 2930/1769/2766
f 2930/1769/2766 843/1749/837 99/319/99 922/318/894
f 2929/1767/2765 2930/1769/2766 922/318/894 923/317/895
f 2928/1768/2764 2929/1767/2765 923/317/895 924/315/896
f 760/1649/760 2928/1768/2764 924/315/896 111/327/111
f 761/1648/760 2925/1764/2764 2928/1768/2764 760/1649/760
f 762/1459/760 2922/1761/2764 2925/1764/2764 761/1648/760
f 2931/1770/2767 2932/1771/2768 2935/1772/2770 2934/1773/2769
f 2932/1771/2768 2933/1774/2767 2936/1775/2771 2935/1772/2770
f 2934/1773/2769 2935/1772/2770 2938/1776/2773 2937/1777/2772
f 2935/1772/2770 2936/1775/2771 2939/1778/2774 2938/1776/2773
f 72/1170/72 927/1779/899 2931/1770/2767 969/1780/927
f 927/1779/899 926/1781/898 2932/1771/2768 2931/1770/2767
f 926/1781/898 925/1782/897 2933/1774/2767 2932/1771/2768
f 925/1782/897 71/1165/71 970/1783/928 2933/1774/2767
f 2933/1774/2767 970/1783/928 971/1784/929 2936/1775/2771
f 2936/1775/2771 971/1784/929 972/1785/930 2939/1778/2774
f 2939/1778/2774 972/1785/930 113/863/113 673/862/673
f 2938/1776/2773 2939/1778/2774 673/862/673 674/861/674
f 2937/1777/2772 2938/1776/2773 674/861/674 675/859/675
f 967/1786/925 2937/1777/2772 675/859/675 114/858/114
f 968/1787/926 2934/1773/2769 2937/1777/2772 967/1786/925
f 969/1780/927 2931/1770/2767 2934/1773/2769 968/1787/926
f 2940/1788/2775 2941/1789/2776 2944/1790/2778 2943/1791/2777
f 2941/1789/2776 2942/1792/2775 2945/1793/2779 2944/1790/2778
f 2943/1791/2777 2944/1790/2778 2947/1794/2781 2946/1795/2780
f 2944/1790/2778 2945/1793/2779 2948/1796/2782 2947/1794/2781
f 73/1174/73 930/1797/897 2940/1788/2775 975/1798/933
f 930/1797/897 929/1799/901 2941/1789/2776 2940/1788/2775
f 929/1799/901 928/1171/900 2942/1792/2775 2941/1789/2776
f 928/1171/900 72/1170/72 969/1780/927 2942/1792/2775
f 2942/1792/2775 969/1780/927 968/1787/926 2945/1793/2779
f 2945/1793/2779 968/1787/926 967/1786/925 2948/1796/2782
f 2948/1796/2782 967/1786/925 114/858/114 676/1800/676
f 2947/1794/2781 2948/1796/2782 676/1800/676 677/1801/677
f 2946/1795/2780 2947/1794/2781 677/1801/677 678/1802/678
f 973/1803/931 2946/1795/2780 678/1802/678 115/1804/115
f 974/1805/932 2943/1791/2777 2946/1795/2780 973/1803/931
f 975/1798/933 2940/1788/2775 2943/1791/2777 974/1805/932
f 2949/1806/2783 2950/1807/2784 2953/1808/2786 2952/1809/2785
f 2950/1807/2784 2951/1810/2783 2954/1811/2787 2953/1808/2786
f 2952/1809/2785 2953/1808/2786 2956/1812/2789 2955/1813/2788
f 2953/1808/2786 2954/1811/2787 2957/1814/2790 2956/1812/2789
f 74/1178/74 933/1815/900 2949/1806/2783 978/1816/936
f 933/1815/900 932/1817/903 2950/1807/2784 2949/1806/2783
f 932/1817/903 931/1818/902 2951/1810/2783 2950/1807/2784
f 931/1818/902 73/1174/73 975/1798/933 2951/1810/2783
f 2951/1810/2783 975/1798/933 974/1805/932 2954/1811/2787
f 2954/1811/2787 974/1805/932 973/1803/931 2957/1814/2790
f 2957/1814/2790 973/1803/931 115/1804/115 679/1819/679
f 2956/1812/2789 2957/1814/2790 679/1819/679 680/1820/680
f 2955/1813/2788 2956/1812/2789 680/1820/680 681/1821/681
f 976/1822/934 2955/1813/2788 681/1821/681 116/903/116
f 977/1823/935 2952/1809/2785 2955/1813/2788 976/1822/934
f 978/1816/936 2949/1806/2783 2952/1809/2785 977/1823/935
f 2958/1824/2791 2959/1825/2792 2962/1826/2794 2961/1827/2793
f 2959/1825/2792 2960/1828/2791 2963/1829/2795 2962/1826/2794
f 2961/1827/2793 2962/1826/2794 2965/1830/2797 2964/1831/2796
f 2962/1826/2794 2963/1829/2795 2966/1832/2798 2965/1830/2797
f 75/1183/75 936/1185/902 2958/1824/2791 981/1833/939
f 936/1185/902 935/1834/905 2959/1825/2792 2958/1824/2791
f 935/1834/905 934/1835/904 2960/1828/2791 2959/1825/2792
f 934/1835/904 74/1178/74 978/1816/936 2960/1828/2791
f 2960/1828/2791 978/1816/936 977/1823/935 2963/1829/2795
f 2963/1829/2795 977/1823/935 976/1822/934 2966/1832/2798
f 2966/1832/2798 976/1822/934 116/903/116 682/926/682
f 2965/1830/2797 2966/1832/2798 682/926/682 683/925/683
f 2964/1831/2796 2965/1830/2797 683/925/683 684/923/684
f 979/1836/937 2964/1831/2796 684/923/684 117/327/117
f 980/1837/938 2961/1827/2793 2964/1831/2796 979/1836/937
f 981/1833/939 2958/1824/2791 2961/1827/2793 980/1837/938
f 2967/1838/2799 2968/1839/2800 2971/1840/2802 2970/1841/2801
f 2968/1839/2800 2969/1842/2799 2972/1843/2803 2971/1840/2802
f 2970/1841/2801 2971/1840/2802 2974/1844/2805 2973/1845/2804
f 2971/1840/2802 2972/1843/2803 2975/1846/2806 2974/1844/2805
f 76/1187/76 939/1847/904 2967/1838/2799 984/1848/942
f 939/1847/904 938/1849/907 2968/1839/2800 2967/1838/2799
f 938/1849/907 937/1850/906 2969/1842/2799 2968/1839/2800
f 937/1850/906 75/1183/75 981/1833/939 2969/1842/2799
f 2969/1842/2799 981/1833/939 980/1837/938 2972/1843/2803
f 2972/1843/2803 980/1837/938 979/1836/937 2975/1846/2806
f 2975/1846/2806 979/1836/937 117/327/117 685/1851/685
f 2974/1844/2805 2975/1846/2806 685/1851/685 686/1852/686
f 2973/1845/2804 2974/1844/2805 686/1852/686 687/1853/687
f 982/1854/940 2973/1845/2804 687/1853/687 118/1855/118
f 983/1856/941 2970/1841/2801 2973/1845/2804 982/1854/940
f 984/1848/942 2967/1838/2799 2970/1841/2801 983/1856/941
f 2976/1857/2807 2977/1858/2808 2980/1859/2810 2979/1860/2809
f 2977/1858/2808 2978/1861/2807 2981/1862/2811 2980/1859/2810
f 2979/1860/2809 2980/1859/2810 2983/1863/2813 2982/1864/2812
f 2980/1859/2810 2981/1862/2811 2984/1865/2814 2983/1863/2813
f 77/1192/77 942/1194/906 2976/1857/2807 987/1866/945
f 942/1194/906 941/1196/909 2977/1858/2808 2976/1857/2807
f 941/1196/909 940/1867/908 2978/1861/2807 2977/1858/2808
f 940/1867/908 76/1187/76 984/1848/942 2978/1861/2807
f 2978/1861/2807 984/1848/942 983/1856/941 2981/1862/2811
f 2981/1862/2811 983/1856/941 982/1854/940 2984/1865/2814
f 2984/1865/2814 982/1854/940 118/1855/118 688/1868/688
f 2983/1863/2813 2984/1865/2814 688/1868/688 689/1869/689
f 2982/1864/2812 2983/1863/2813 689/1869/689 690/1870/690
f 985/1871/943 2982/1864/2812 690/1870/690 119/959/119
f 986/1872/944 2979/1860/2809 2982/1864/2812 985/1871/943
f 987/1866/945 2976/1857/2807 2979/1860/2809 986/1872/944
f 2985/1873/2815 2986/1874/2816 2989/1875/2818 2988/1876/2817
f 2986/1874/2816 2987/1877/2815 2990/1878/2819 2989/1875/2818
f 2988/1876/2817 2989/1875/2818 2992/1879/2821 2991/1880/2820
f 2989/1875/2818 2990/1878/2819 2993/1881/2822 2992/1879/2821
f 78/1197/78 945/1882/908 2985/1873/2815 990/1883/948
f 945/1882/908 944/1884/911 2986/1874/2816 2985/1873/2815
f 944/1884/911 943/1885/910 2987/1877/2815 2986/1874/2816
f 943/1885/910 77/1192/77 987/1866/945 2987/1877/2815
f 2987/1877/2815 987/1866/945 986/1872/944 2990/1878/2819
f 2990/1878/2819 986/1872/944 985/1871/943 2993/1881/2822
f 2993/1881/2822 985/1871/943 119/959/119 691/983/691
f 2992/1879/2821 2993/1881/2822 691/983/691 692/982/692
f 2991/1880/2820 2992/1879/2821 692/982/692 693/980/693
f 988/1886/946 2991/1880/2820 693/980/693 120/979/120
f 989/1887/947 2988/1876/2817 2991/1880/2820 988/1886/946
f 990/1883/948 2985/1873/2815 2988/1876/2817 989/1887/947
f 2994/1888/2823 2995/1889/2824 2998/1890/2826 2997/1891/2825
f 2995/1889/2824 2996/1892/2823 2999/1893/2827 2998/1890/2826
f 2997/1891/2825 2998/1890/2826 3001/1894/2829 3000/1895/2828
f 2998/1890/2826 2999/1893/2827 3002/1896/2830 3001/1894/2829
f 79/1202/79 948/1204/910 2994/1888/2823 993/1897/951
f 948/1204/910 947/1206/913 2995/1889/2824 2994/1888/2823
f 947/1206/913 946/1898/912 2996/1892/2823 2995/1889/2824
f 946/1898/912 78/1197/78 990/1883/948 2996/1892/2823
f 2996/1892/2823 990/1883/948 989/1887/947 2999/1893/2827
f 2999/1893/2827 989/1887/947 988/1886/946 3002/1896/2830
f 3002/1896/2830 988/1886/946 120/979/120 694/1003/694
f 3001/1894/2829 3002/1896/2830 694/1003/694 695/1002/695
f 3000/1895/2828 3001/1894/2829 695/1002/695 696/1000/696
f 991/1899/949 3000/1895/2828 696/1000/696 121/999/121
f 992/1900/950 2997/1891/2825 3000/1895/2828 991/1899/949
f 993/1897/951 2994/1888/2823 2997/1891/2825 992/1900/950
f 3003/1901/2831 3004/1902/2832 3007/1903/2834 3006/1904/2833
f 3004/1902/2832 3005/1905/2831 3008/1906/2835 3007/1903/2834
f 3006/1904/2833 3007/1903/2834 3010/1907/2837 3009/1908/2836
f 3007/1903/2834 3008/1906/2835 3011/1909/2838 3010/1907/2837
f 80/1207/80 951/1910/912 3003/1901/2831 996/1911/954
f 951/1910/912 950/1912/915 3004/1902/2832 3003/1901/2831
f 950/1912/915 949/1913/914 3005/1905/2831 3004/1902/2832
f 949/1913/914 79/1202/79 993/1897/951 3005/1905/2831
f 3005/1905/2831 993/1897/951 992/1900/950 3008/1906/2835
f 3008/1906/2835 992/1900/950 991/1899/949 3011/1909/2838
f 3011/1909/2838 991/1899/949 121/999/121 697/1023/697
f 3010/1907/2837 3011/1909/2838 697/1023/697 698/1022/698
f 3009/1908/2836 3010/1907/2837 698/1022/698 699/1020/699
f 994/1914/952 3009/1908/2836 699/1020/699 122/1019/122
f 995/1915/953 3006/1904/2833 3009/1908/2836 994/1914/952
f 996/1911/954 3003/1901/2831 3006/1904/2833 995/1915/953
f 3012/1916/2839 3013/1917/2840 3016/1918/2842 3015/1919/2841
f 3013/1917/2840 3014/1920/2839 3017/1921/2843 3016/1918/2842
f 3015/1919/2841 3016/1918/2842 3019/1922/2845 3018/1923/2844
f 3016/1918/2842 3017/1921/2843 3020/1924/2846 3019/1922/2845
f 81/1211/81 954/1925/914 3012/1916/2839 999/1926/957
f 954/1925/914 953/1927/917 3013/1917/2840 3012/1916/2839
f 953/1927/917 952/1208/916 3014/1920/2839 3013/1917/2840
f 952/1208/916 80/1207/80 996/1911/954 3014/1920/2839
f 3014/1920/2839 996/1911/954 995/1915/953 3017/1921/2843
f 3017/1921/2843 995/1915/953 994/1914/952 3020/1924/2846
f 3020/1924/2846 994/1914/952 122/1019/122 700/1928/700
f 3019/1922/2845 3020/1924/2846 700/1928/700 701/1929/701
f 3018/1923/2844 3019/1922/2845 701/1929/701 702/1382/702
f 997/1930/955 3018/1923/2844 702/1382/702 123/1039/123
f 998/1931/956 3015/1919/2841 3018/1923/2844 997/1930/955
f 999/1926/957 3012/1916/2839 3015/1919/2841 998/1931/956
f 3021/1932/2847 3022/1933/2848 3025/1934/2850 3024/1935/2849
f 3022/1933/2848 3023/1936/2847 3026/1937/2851 3025/1934/2850
f 3024/1935/2849 3025/1934/2850 3028/1938/2853 3027/1939/2852
f 3025/1934/2850 3026/1937/2851 3029/1940/2854 3028/1938/2853
f 82/1215/82 957/1217/916 3021/1932/2847 1002/1941/960
f 957/1217/916 956/1942/919 3022/1933/2848 3021/1932/2847
f 956/1942/919 955/1943/918 3023/1936/2847 3022/1933/2848
f 955/1943/918 81/1211/81 999/1926/957 3023/1936/2847
f 3023/1936/2847 999/1926/957 998/1931/956 3026/1937/2851
f 3026/1937/2851 998/1931/956 997/1930/955 3029/1940/2854
f 3029/1940/2854 997/1930/955 123/1039/123 703/1063/703
f 3028/1938/2853 3029/1940/2854 703/1063/703 704/1062/704
f 3027/1939/2852 3028/1938/2853 704/1062/704 705/1060/705
f 1000/1944/958 3027/1939/2852 705/1060/705 124/1059/124
f 1001/1945/959 3024/1935/2849 3027/1939/2852 1000/1944/958
f 1002/1941/960 3021/1932/2847 3024/1935/2849 1001/1945/959
f 3030/1946/2855 3031/1947/2856 3034/1948/2858 3033/1949/2857
f 3031/1947/2856 3032/1950/2855 3035/1951/2859 3034/1948/2858
f 3033/1949/2857 3034/1948/2858 3037/1952/2861 3036/1953/2860
f 3034/1948/2858 3035/1951/2859 3038/1954/2862 3037/1952/2861
f 83/1220/83 960/1955/918 3030/1946/2855 1005/1956/963
f 960/1955/918 959/1957/921 3031/1947/2856 3030/1946/2855
f 959/1957/921 958/1958/920 3032/1950/2855 3031/1947/2856
f 958/1958/920 82/1215/82 1002/1941/960 3032/1950/2855
f 3032/1950/2855 1002/1941/960 1001/1945/959 3035/1951/2859
f 3035/1951/2859 1001/1945/959 1000/1944/958 3038/1954/2862
f 3038/1954/2862 1000/1944/958 124/1059/124 706/1083/706
f 3037/1952/2861 3038/1954/2862 706/1083/706 707/1082/707
f 3036/1953/2860 3037/1952/2861 707/1082/707 708/1080/708
f 1003/1959/961 3036/1953/2860 708/1080/708 125/1079/125
f 1004/1960/962 3033/1949/2857 3036/1953/2860 1003/1959/961
f 1005/1956/963 3030/1946/2855 3033/1949/2857 1004/1960/962
f 3039/1961/2863 3040/1962/2864 3043/1963/2866 3042/1964/2865
f 3040/1962/2864 3041/1965/2863 3044/1966/2867 3043/1963/2866
f 3042/1964/2865 3043/1963/2866 3046/1967/2869 3045/1968/2868
f 3043/1963/2866 3044/1966/2867 3047/1969/2870 3046/1967/2869
f 84/1225/84 963/1970/920 3039/1961/2863 1008/1971/966
f 963/1970/920 962/1223/923 3040/1962/2864 3039/1961/2863
f 962/1223/923 961/1972/922 3041/1965/2863 3040/1962/2864
f 961/1972/922 83/1220/83 1005/1956/963 3041/1965/2863
f 3041/1965/2863 1005/1956/963 1004/1960/962 3044/1966/2867
f 3044/1966/2867 1004/1960/962 1003/1959/961 3047/1969/2870
f 3047/1969/2870 1003/1959/961 125/1079/125 709/1103/709
f 3046/1967/2869 3047/1969/2870 709/1103/709 710/1102/710
f 3045/1968/2868 3046/1967/2869 710/1102/710 711/1100/711
f 1006/1973/964 3045/1968/2868 711/1100/711 126/1099/126
f 1007/1974/965 3042/1964/2865 3045/1968/2868 1006/1973/964
f 1008/1971/966 3039/1961/2863 3042/1964/2865 1007/1974/965
f 3048/1975/2871 3049/1976/2872 3052/1977/2874 3051/1978/2873
f 3049/1976/2872 3050/1979/2871 3053/1980/2875 3052/1977/2874
f 3051/1978/2873 3052/1977/2874 3055/1981/2877 3054/1982/2876
f 3052/1977/2874 3053/1980/2875 3056/1983/2878 3055/1981/2877
f 71/1165/71 966/1984/922 3048/1975/2871 970/1783/928
f 966/1984/922 965/1169/924 3049/1976/2872 3048/1975/2871
f 965/1169/924 964/1985/899 3050/1979/2871 3049/1976/2872
f 964/1985/899 84/1225/84 1008/1971/966 3050/1979/2871
f 3050/1979/2871 1008/1971/966 1007/1974/965 3053/1980/2875
f 3053/1980/2875 1007/1974/965 1006/1973/964 3056/1983/2878
f 3056/1983/2878 1006/1973/964 126/1099/126 712/1121/712
f 3055/1981/2877 3056/1983/2878 712/1121/712 713/1120/713
f 3054/1982/2876 3055/1981/2877 713/1120/713 714/1119/714
f 972/1785/930 3054/1982/2876 714/1119/714 113/863/113
f 971/1784/929 3051/1978/2873 3054/1982/2876 972/1785/930
f 970/1783/928 3048/1975/2871 3051/1978/2873 971/1784/929
f 3057/1986/2879 3058/1987/2880 3061/1988/2883 3060/1989/2882
f 3058/1987/2880 3059/1990/2881 3062/1991/2884 3061/1988/2883
f 3060/1989/2882 3061/1988/2883 3064/1992/2886 3063/1993/2885
f 3061/1988/2883 3062/1991/2884 3065/1994/2887 3064/1992/2886
f 195/10/195 1120/12/1069 3057/1986/2879 1257/1995/1205
f 1120/12/1069 1121/25/1070 3058/1987/2880 3057/1986/2879
f 1121/25/1070 1122/23/1071 3059/1990/2881 3058/1987/2880
f 1122/23/1071 196/24/196 1260/1996/1208 3059/1990/2881
f 3059/1990/2881 1260/1996/1208 1259/1997/1207 3062/1991/2884
f 3062/1991/2884 1259/1997/1207 1258/1998/1206 3065/1994/2887
f 3065/1994/2887 1258/1998/1206 169/1999/169 1302/2000/1250
f 3064/1992/2886 3065/1994/2887 1302/2000/1250 1301/2001/1249
f 3063/1993/2885 3064/1992/2886 1301/2001/1249 1300/2002/1248
f 1255/2003/1203 3063/1993/2885 1300/2002/1248 170/2004/170
f 1256/2005/1204 3060/1989/2882 3063/1993/2885 1255/2003/1203
f 1257/1995/1205 3057/1986/2879 3060/1989/2882 1256/2005/1204
f 3066/2006/2312 3067/2007/2315 3070/2008/2889 3069/2009/2888
f 3067/2007/2315 3068/2010/2318 3071/2011/2890 3070/2008/2889
f 3069/2009/2888 3070/2008/2889 3073/2012/2892 3072/2013/2891
f 3070/2008/2889 3071/2011/2890 3074/2014/2893 3073/2012/2892
f 167/2015/167 1177/2016/1125 3066/2006/2312 1119/2017/529
f 1177/2016/1125 1178/2018/1126 3067/2007/2315 3066/2006/2312
f 1178/2018/1126 1179/2019/1127 3068/2010/2318 3067/2007/2315
f 1179/2019/1127 166/2020/166 1110/2021/1060 3068/2010/2318
f 3068/2010/2318 1110/2021/1060 1109/2022/1059 3071/2011/2890
f 3071/2011/2890 1109/2022/1059 1108/2023/1058 3074/2014/2893
f 3074/2014/2893 1108/2023/1058 132/2024/132 1024/2025/980
f 3073/2012/2892 3074/2014/2893 1024/2025/980 1025/2026/981
f 3072/2013/2891 3073/2012/2892 1025/2026/981 1026/2027/982
f 1117/2028/1067 3072/2013/2891 1026/2027/982 130/2029/130
f 1118/2030/1068 3069/2009/2888 3072/2013/2891 1117/2028/1067
f 1119/2017/529 3066/2006/2312 3069/2009/2888 1118/2030/1068
f 3075/2031/2894 3076/2032/2895 3079/2033/2898 3078/2034/2897
f 3076/2032/2895 3077/2035/2896 3080/2036/2899 3079/2033/2898
f 3078/2034/2897 3079/2033/2898 3082/2037/2901 3081/2038/2900
f 3079/2033/2898 3080/2036/2899 3083/2039/2902 3082/2037/2901
f 166/2020/166 1180/2040/1128 3075/2031/2894 1110/2021/1060
f 1180/2040/1128 1181/2041/1129 3076/2032/2895 3075/2031/2894
f 1181/2041/1129 1182/2042/1130 3077/2035/2896 3076/2032/2895
f 1182/2042/1130 165/2043/165 1101/2044/1051 3077/2035/2896
f 3077/2035/2896 1101/2044/1051 1100/2045/1050 3080/2036/2899
f 3080/2036/2899 1100/2045/1050 1099/2046/1049 3083/2039/2902
f 3083/2039/2902 1099/2046/1049 134/2047/134 1033/2048/988
f 3082/2037/2901 3083/2039/2902 1033/2048/988 1034/2049/989
f 3081/2038/2900 3082/2037/2901 1034/2049/989 1035/2050/990
f 1108/2023/1058 3081/2038/2900 1035/2050/990 132/2024/132
f 1109/2022/1059 3078/2034/2897 3081/2038/2900 1108/2023/1058
f 1110/2021/1060 3075/2031/2894 3078/2034/2897 1109/2022/1059
f 3084/2051/2903 3085/2052/2904 3088/2053/2907 3087/2054/2906
f 3085/2052/2904 3086/2055/2905 3089/2056/2908 3088/2053/2907
f 3087/2054/2906 3088/2053/2907 3091/2057/2910 3090/2058/2909
f 3088/2053/2907 3089/2056/2908 3092/2059/2911 3091/2057/2910
f 165/2043/165 1183/2060/1131 3084/2051/2903 1101/2044/1051
f 1183/2060/1131 1184/2061/1132 3085/2052/2904 3084/2051/2903
f 1184/2061/1132 1185/2062/1133 3086/2055/2905 3085/2052/2904
f 1185/2062/1133 164/2063/164 1092/2064/1042 3086/2055/2905
f 3086/2055/2905 1092/2064/1042 1091/2065/1041 3089/2056/2908
f 3089/2056/2908 1091/2065/1041 1090/2066/1040 3092/2059/2911
f 3092/2059/2911 1090/2066/1040 136/2067/136 1042/2068/996
f 3091/2057/2910 3092/2059/2911 1042/2068/996 1043/2069/997
f 3090/2058/2909 3091/2057/2910 1043/2069/997 1044/2070/998
f 1099/2046/1049 3090/2058/2909 1044/2070/998 134/2047/134
f 1100/2045/1050 3087/2054/2906 3090/2058/2909 1099/2046/1049
f 1101/2044/1051 3084/2051/2903 3087/2054/2906 1100/2045/1050
f 3093/2071/2912 3094/2072/2913 3097/2073/2916 3096/2074/2915
f 3094/2072/2913 3095/2075/2914 3098/2076/2917 3097/2073/2916
f 3096/2074/2915 3097/2073/2916 3100/2077/2919 3099/2078/2918
f 3097/2073/2916 3098/2076/2917 3101/2079/2920 3100/2077/2919
f 164/2063/164 1186/2080/1134 3093/2071/2912 1092/2064/1042
f 1186/2080/1134 1187/2081/1135 3094/2072/2913 3093/2071/2912
f 1187/2081/1135 1188/2082/1136 3095/2075/2914 3094/2072/2913
f 1188/2082/1136 163/2083/163 1083/2084/1033 3095/2075/2914
f 3095/2075/2914 1083/2084/1033 1082/2085/1032 3098/2076/2917
f 3098/2076/2917 1082/2085/1032 1081/2086/1031 3101/2079/2920
f 3101/2079/2920 1081/2086/1031 138/2087/138 1051/2088/1004
f 3100/2077/2919 3101/2079/2920 1051/2088/1004 1052/2089/1005
f 3099/2078/2918 3100/2077/2919 1052/2089/1005 1053/2090/1006
f 1090/2066/1040 3099/2078/2918 1053/2090/1006 136/2067/136
f 1091/2065/1041 3096/2074/2915 3099/2078/2918 1090/2066/1040
f 1092/2064/1042 3093/2071/2912 3096/2074/2915 1091/2065/1041
f 3102/2091/1979 3103/2092/1982 3106/2093/2922 3105/2094/2921
f 3103/2092/1982 3104/2095/1985 3107/2096/2923 3106/2093/2922
f 3105/2094/2921 3106/2093/2922 3109/2097/2925 3108/2098/2924
f 3106/2093/2922 3107/2096/2923 3110/2099/2926 3109/2097/2925
f 163/2083/163 1189/2100/1137 3102/2091/1979 1083/2084/1033
f 1189/2100/1137 1190/2101/1138 3103/2092/1982 3102/2091/1979
f 1190/2101/1138 1191/2102/1139 3104/2095/1985 3103/2092/1982
f 1191/2102/1139 162/2103/162 1074/2104/544 3104/2095/1985
f 3104/2095/1985 1074/2104/544 1073/2105/1024 3107/2096/2923
f 3107/2096/2923 1073/2105/1024 1072/2106/1023 3110/2099/2926
f 3110/2099/2926 1072/2106/1023 140/2107/140 1060/2108/1012
f 3109/2097/2925 3110/2099/2926 1060/2108/1012 1061/2109/1013
f 3108/2098/2924 3109/2097/2925 1061/2109/1013 1062/2110/1014
f 1081/2086/1031 3108/2098/2924 1062/2110/1014 138/2087/138
f 1082/2085/1032 3105/2094/2921 3108/2098/2924 1081/2086/1031
f 1083/2084/1033 3102/2091/1979 3105/2094/2921 1082/2085/1032
f 3111/2111/2112 3112/2112/2113 3115/2113/2928 3114/2114/2927
f 3112/2112/2113 3113/2115/2114 3116/2116/2929 3115/2113/2928
f 3114/2114/2927 3115/2113/2928 3118/2117/2931 3117/2118/2930
f 3115/2113/2928 3116/2116/2929 3119/2119/2932 3118/2117/2931
f 162/2103/162 1192/2120/1140 3111/2111/2112 1074/2104/544
f 1192/2120/1140 1193/2121/1141 3112/2112/2113 3111/2111/2112
f 1193/2121/1141 1194/2122/1142 3113/2115/2114 3112/2112/2113
f 1194/2122/1142 161/2123/161 1065/2124/462 3113/2115/2114
f 3113/2115/2114 1065/2124/462 1064/2125/1016 3116/2116/2929
f 3116/2116/2929 1064/2125/1016 1063/2126/1015 3119/2119/2932
f 3119/2119/2932 1063/2126/1015 142/2127/142 1069/2128/1020
f 3118/2117/2931 3119/2119/2932 1069/2128/1020 1070/2129/1021
f 3117/2118/2930 3118/2117/2931 1070/2129/1021 1071/2130/1022
f 1072/2106/1023 3117/2118/2930 1071/2130/1022 140/2107/140
f 1073/2105/1024 3114/2114/2927 3117/2118/2930 1072/2106/1023
f 1074/2104/544 3111/2111/2112 3114/2114/2927 1073/2105/1024
f 3120/2131/2231 3121/2132/2234 3124/2133/2934 3123/2134/2933
f 3121/2132/2234 3122/2135/2237 3125/2136/2935 3124/2133/2934
f 3123/2134/2933 3124/2133/2934 3127/2137/2937 3126/2138/2936
f 3124/2133/2934 3125/2136/2935 3128/2139/2938 3127/2137/2937
f 161/2123/161 1195/2140/1143 3120/2131/2231 1065/2124/462
f 1195/2140/1143 1196/2141/1144 3121/2132/2234 3120/2131/2231
f 1196/2141/1144 1197/2142/1145 3122/2135/2237 3121/2132/2234
f 1197/2142/1145 160/2143/160 1056/2144/508 3122/2135/2237
f 3122/2135/2237 1056/2144/508 1055/2145/1008 3125/2136/2935
f 3125/2136/2935 1055/2145/1008 1054/2146/1007 3128/2139/2938
f 3128/2139/2938 1054/2146/1007 144/2147/144 1078/2148/1028
f 3127/2137/2937 3128/2139/2938 1078/2148/1028 1079/2149/1029
f 3126/2138/2936 3127/2137/2937 1079/2149/1029 1080/2150/1030
f 1063/2126/1015 3126/2138/2936 1080/2150/1030 142/2127/142
f 1064/2125/1016 3123/2134/2933 3126/2138/2936 1063/2126/1015
f 1065/2124/462 3120/2131/2231 3123/2134/2933 1064/2125/1016
f 3129/2151/2249 3130/2152/2252 3133/2153/2940 3132/2154/2939
f 3130/2152/2252 3131/2155/2255 3134/2156/2941 3133/2153/2940
f 3132/2154/2939 3133/2153/2940 3136/2157/2943 3135/2158/2942
f 3133/2153/2940 3134/2156/2941 3137/2159/2944 3136/2157/2943
f 160/2143/160 1198/2160/1146 3129/2151/2249 1056/2144/508
f 1198/2160/1146 1199/2161/1147 3130/2152/2252 3129/2151/2249
f 1199/2161/1147 1200/2162/1148 3131/2155/2255 3130/2152/2252
f 1200/2162/1148 159/2163/159 1047/2164/511 3131/2155/2255
f 3131/2155/2255 1047/2164/511 1046/2165/1000 3134/2156/2941
f 3134/2156/2941 1046/2165/1000 1045/2166/999 3137/2159/2944
f 3137/2159/2944 1045/2166/999 146/2167/146 1087/2168/1037
f 3136/2157/2943 3137/2159/2944 1087/2168/1037 1088/2169/1038
f 3135/2158/2942 3136/2157/2943 1088/2169/1038 1089/2170/1039
f 1054/2146/1007 3135/2158/2942 1089/2170/1039 144/2147/144
f 1055/2145/1008 3132/2154/2939 3135/2158/2942 1054/2146/1007
f 1056/2144/508 3129/2151/2249 3132/2154/2939 1055/2145/1008
f 3138/2171/2258 3139/2172/2261 3142/2173/2946 3141/2174/2945
f 3139/2172/2261 3140/2175/2264 3143/2176/2947 3142/2173/2946
f 3141/2174/2945 3142/2173/2946 3145/2177/2949 3144/2178/2948
f 3142/2173/2946 3143/2176/2947 3146/2179/2950 3145/2177/2949
f 159/2163/159 1201/2180/1149 3138/2171/2258 1047/2164/511
f 1201/2180/1149 1202/2181/1150 3139/2172/2261 3138/2171/2258
f 1202/2181/1150 1203/2182/1151 3140/2175/2264 3139/2172/2261
f 1203/2182/1151 158/2183/158 1038/2184/514 3140/2175/2264
f 3140/2175/2264 1038/2184/514 1037/2185/992 3143/2176/2947
f 3143/2176/2947 1037/2185/992 1036/2186/991 3146/2179/2950
f 3146/2179/2950 1036/2186/991 148/2187/148 1096/2188/1046
f 3145/2177/2949 3146/2179/2950 1096/2188/1046 1097/2189/1047
f 3144/2178/2948 3145/2177/2949 1097/2189/1047 1098/2190/1048
f 1045/2166/999 3144/2178/2948 1098/2190/1048 146/2167/146
f 1046/2165/1000 3141/2174/2945 3144/2178/2948 1045/2166/999
f 1047/2164/511 3138/2171/2258 3141/2174/2945 1046/2165/1000
f 3147/2191/2267 3148/2192/2270 3151/2193/2952 3150/2194/2951
f 3148/2192/2270 3149/2195/2273 3152/2196/2953 3151/2193/2952
f 3150/2194/2951 3151/2193/2952 3154/2197/2955 3153/2198/2954
f 3151/2193/2952 3152/2196/2953 3155/2199/2956 3154/2197/2955
f 158/2183/158 1204/2200/1152 3147/2191/2267 1038/2184/514
f 1204/2200/1152 1205/2201/1153 3148/2192/2270 3147/2191/2267
f 1205/2201/1153 1206/2202/1154 3149/2195/2273 3148/2192/2270
f 1206/2202/1154 157/2203/157 1029/2204/517 3149/2195/2273
f 3149/2195/2273 1029/2204/517 1028/2205/984 3152/2196/2953
f 3152/2196/2953 1028/2205/984 1027/2206/983 3155/2199/2956
f 3155/2199/2956 1027/2206/983 150/2207/150 1105/2208/1055
f 3154/2197/2955 3155/2199/2956 1105/2208/1055 1106/2209/1056
f 3153/2198/2954 3154/2197/2955 1106/2209/1056 1107/2210/1057
f 1036/2186/991 3153/2198/2954 1107/2210/1057 148/2187/148
f 1037/2185/992 3150/2194/2951 3153/2198/2954 1036/2186/991
f 1038/2184/514 3147/2191/2267 3150/2194/2951 1037/2185/992
f 3156/2211/2276 3157/2212/2279 3160/2213/2958 3159/2214/2957
f 3157/2212/2279 3158/2215/2282 3161/2216/2959 3160/2213/2958
f 3159/2214/2957 3160/2213/2958 3163/2217/2961 3162/2218/2960
f 3160/2213/2958 3161/2216/2959 3164/2219/2962 3163/2217/2961
f 157/2203/157 1207/2220/1155 3156/2211/2276 1029/2204/517
f 1207/2220/1155 1208/2221/1156 3157/2212/2279 3156/2211/2276
f 1208/2221/1156 1209/2222/1157 3158/2215/2282 3157/2212/2279
f 1209/2222/1157 156/2223/156 1020/2224/520 3158/2215/2282
f 3158/2215/2282 1020/2224/520 1019/2225/976 3161/2216/2959
f 3161/2216/2959 1019/2225/976 1018/2226/975 3164/2219/2962
f 3164/2219/2962 1018/2226/975 152/2227/152 1114/2228/1064
f 3163/2217/2961 3164/2219/2962 1114/2228/1064 1115/2229/1065
f 3162/2218/2960 3163/2217/2961 1115/2229/1065 1116/2230/1066
f 1027/2206/983 3162/2218/2960 1116/2230/1066 150/2207/150
f 1028/2205/984 3159/2214/2957 3162/2218/2960 1027/2206/983
f 1029/2204/517 3156/2211/2276 3159/2214/2957 1028/2205/984
f 3165/2231/2285 3166/2232/2288 3169/2233/2964 3168/2234/2963
f 3166/2232/2288 3167/2235/2291 3170/2236/2965 3169/2233/2964
f 3168/2234/2963 3169/2233/2964 3172/2237/2967 3171/2238/2966
f 3169/2233/2964 3170/2236/2965 3173/2239/2968 3172/2237/2967
f 156/2223/156 1210/2240/1158 3165/2231/2285 1020/2224/520
f 1210/2240/1158 1211/2241/1159 3166/2232/2288 3165/2231/2285
f 1211/2241/1159 1212/2242/1160 3167/2235/2291 3166/2232/2288
f 1212/2242/1160 155/2243/155 1017/2244/523 3167/2235/2291
f 3167/2235/2291 1017/2244/523 1016/2245/974 3170/2236/2965
f 3170/2236/2965 1016/2245/974 1015/2246/973 3173/2239/2968
f 3173/2239/2968 1015/2246/973 154/2247/154 1123/2248/1072
f 3172/2237/2967 3173/2239/2968 1123/2248/1072 1124/2249/1073
f 3171/2238/2966 3172/2237/2967 1124/2249/1073 1125/2250/1074
f 1018/2226/975 3171/2238/2966 1125/2250/1074 152/2227/152
f 1019/2225/976 3168/2234/2963 3171/2238/2966 1018/2226/975
f 1020/2224/520 3165/2231/2285 3168/2234/2963 1019/2225/976
f 3174/2251/2969 3175/2252/2970 3178/2253/2973 3177/2254/2972
f 3175/2252/2970 3176/2255/2971 3179/2256/2974 3178/2253/2973
f 3177/2254/2972 3178/2253/2973 3181/2257/2976 3180/2258/2975
f 3178/2253/2973 3179/2256/2974 3182/2259/2977 3181/2257/2976
f 182/577/182 1261/2260/1209 3174/2251/2969 1219/2261/1167
f 1261/2260/1209 1262/2262/1210 3175/2252/2970 3174/2251/2969
f 1262/2262/1210 1263/2263/1211 3176/2255/2971 3175/2252/2970
f 1263/2263/1211 181/2264/181 1173/2265/1121 3176/2255/2971
f 3176/2255/2971 1173/2265/1121 1172/2266/1120 3179/2256/2974
f 3179/2256/2974 1172/2266/1120 1171/2267/1119 3182/2259/2977
f 3182/2259/2977 1171/2267/1119 167/2015/167 1218/2268/1166
f 3181/2257/2976 3182/2259/2977 1218/2268/1166 1217/2269/1165
f 3180/2258/2975 3181/2257/2976 1217/2269/1165 1216/2270/1164
f 1221/2271/1169 3180/2258/2975 1216/2270/1164 168/2272/168
f 1220/2273/1168 3177/2254/2972 3180/2258/2975 1221/2271/1169
f 1219/2261/1167 3174/2251/2969 3177/2254/2972 1220/2273/1168
f 3183/2274/2978 3184/2275/2979 3187/2276/2982 3186/2277/2981
f 3184/2275/2979 3185/2278/2980 3188/2279/2983 3187/2276/2982
f 3186/2277/2981 3187/2276/2982 3190/2280/2985 3189/2281/2984
f 3187/2276/2982 3188/2279/2983 3191/2282/2986 3190/2280/2985
f 237/327/237 1593/2283/1541 3183/2274/2978 1638/315/1586
f 1593/2283/1541 1592/2284/1540 3184/2275/2979 3183/2274/2978
f 1592/2284/1540 1591/2285/1539 3185/2278/2980 3184/2275/2979
f 1591/2285/1539 243/2286/243 1399/2287/1347 3185/2278/2980
f 3185/2278/2980 1399/2287/1347 1400/2288/1348 3188/2279/2983
f 3188/2279/2983 1400/2288/1348 1401/2289/1349 3191/2282/2986
f 3191/2282/2986 1401/2289/1349 244/323/244 1431/322/1379
f 3190/2280/2985 3191/2282/2986 1431/322/1379 1430/2290/1378
f 3189/2281/2984 3190/2280/2985 1430/2290/1378 1429/2291/1377
f 1636/318/1584 3189/2281/2984 1429/2291/1377 225/319/225
f 1637/317/1585 3186/2277/2981 3189/2281/2984 1636/318/1584
f 1638/315/1586 3183/2274/2978 3186/2277/2981 1637/317/1585
f 3192/2292/2987 3193/2293/2988 3196/2294/2991 3195/2295/2990
f 3193/2293/2988 3194/2296/2989 3197/2297/2992 3196/2294/2991
f 3195/2295/2990 3196/2294/2991 3199/2298/2994 3198/2299/2993
f 3196/2294/2991 3197/2297/2992 3200/2300/2995 3199/2298/2994
f 169/2301/169 1258/1998/1206 3192/2292/2987 1266/2302/1214
f 1258/1998/1206 1259/2303/1207 3193/2293/2988 3192/2292/2987
f 1259/2303/1207 1260/2304/1208 3194/2296/2989 3193/2293/2988
f 1260/2304/1208 196/24/196 1129/347/1078 3194/2296/2989
f 3194/2296/2989 1129/347/1078 1130/346/1079 3197/2297/2992
f 3197/2297/2992 1130/346/1079 1131/345/1080 3200/2300/2995
f 3200/2300/2995 1131/345/1080 183/344/183 1174/343/1122
f 3199/2298/2994 3200/2300/2995 1174/343/1122 1175/342/1123
f 3198/2299/2993 3199/2298/2994 1175/342/1123 1176/341/1124
f 1264/2305/1212 3198/2299/2993 1176/341/1124 182/340/182
f 1265/2306/1213 3195/2295/2990 3198/2299/2993 1264/2305/1212
f 1266/2302/1214 3192/2292/2987 3195/2295/2990 1265/2306/1213
f 3201/2307/2996 3202/2308/2997 3205/2309/3000 3204/2310/2999
f 3202/2308/2997 3203/2311/2998 3206/2312/3001 3205/2309/3000
f 3204/2310/2999 3205/2309/3000 3208/2313/3003 3207/2314/3002
f 3205/2309/3000 3206/2312/3001 3209/2315/3004 3208/2313/3003
f 181/2264/181 1267/2316/1215 3201/2307/2996 1173/2265/1121
f 1267/2316/1215 1268/2317/1216 3202/2308/2997 3201/2307/2996
f 1268/2317/1216 1269/2318/1217 3203/2311/2998 3202/2308/2997
f 1269/2318/1217 180/2319/180 1170/2320/1118 3203/2311/2998
f 3203/2311/2998 1170/2320/1118 1169/2321/1117 3206/2312/3001
f 3206/2312/3001 1169/2321/1117 1168/2322/1116 3209/2315/3004
f 3209/2315/3004 1168/2322/1116 166/2323/166 1179/2324/1127
f 3208/2313/3003 3209/2315/3004 1179/2324/1127 1178/2325/1126
f 3207/2314/3002 3208/2313/3003 1178/2325/1126 1177/2016/1125
f 1171/2326/1119 3207/2314/3002 1177/2016/1125 167/2327/167
f 1172/2328/1120 3204/2310/2999 3207/2314/3002 1171/2326/1119
f 1173/2265/1121 3201/2307/2996 3204/2310/2999 1172/2328/1120
f 3210/2329/3005 3211/2330/3006 3214/2331/3009 3213/2332/3008
f 3211/2330/3006 3212/2333/3007 3215/2334/3010 3214/2331/3009
f 3213/2332/3008 3214/2331/3009 3217/2335/3012 3216/2336/3011
f 3214/2331/3009 3215/2334/3010 3218/2337/3013 3217/2335/3012
f 180/2319/180 1270/2338/1218 3210/2329/3005 1170/2320/1118
f 1270/2338/1218 1271/2339/1219 3211/2330/3006 3210/2329/3005
f 1271/2339/1219 1272/2340/1220 3212/2333/3007 3211/2330/3006
f 1272/2340/1220 179/2341/179 1167/2342/1115 3212/2333/3007
f 3212/2333/3007 1167/2342/1115 1166/2343/1114 3215/2334/3010
f 3215/2334/3010 1166/2343/1114 1165/2344/1113 3218/2337/3013
f 3218/2337/3013 1165/2344/1113 165/2345/165 1182/2346/1130
f 3217/2335/3012 3218/2337/3013 1182/2346/1130 1181/2347/1129
f 3216/2336/3011 3217/2335/3012 1181/2347/1129 1180/2040/1128
f 1168/2322/1116 3216/2336/3011 1180/2040/1128 166/2323/166
f 1169/2321/1117 3213/2332/3008 3216/2336/3011 1168/2322/1116
f 1170/2320/1118 3210/2329/3005 3213/2332/3008 1169/2321/1117
f 3219/2348/3014 3220/2349/3015 3223/2350/3018 3222/2351/3017
f 3220/2349/3015 3221/2352/3016 3224/2353/3019 3223/2350/3018
f 3222/2351/3017 3223/2350/3018 3226/2354/3021 3225/2355/3020
f 3223/2350/3018 3224/2353/3019 3227/2356/3022 3226/2354/3021
f 179/2341/179 1273/2357/1221 3219/2348/3014 1167/2342/1115
f 1273/2357/1221 1274/2358/1222 3220/2349/3015 3219/2348/3014
f 1274/2358/1222 1275/2359/1223 3221/2352/3016 3220/2349/3015
f 1275/2359/1223 178/2360/178 1164/2361/1112 3221/2352/3016
f 3221/2352/3016 1164/2361/1112 1163/2362/1111 3224/2353/3019
f 3224/2353/3019 1163/2362/1111 1162/2363/1110 3227/2356/3022
f 3227/2356/3022 1162/2363/1110 164/2364/164 1185/2365/1133
f 3226/2354/3021 3227/2356/3022 1185/2365/1133 1184/2366/1132
f 3225/2355/3020 3226/2354/3021 1184/2366/1132 1183/2367/1131
f 1165/2344/1113 3225/2355/3020 1183/2367/1131 165/2345/165
f 1166/2343/1114 3222/2351/3017 3225/2355/3020 1165/2344/1113
f 1167/2342/1115 3219/2348/3014 3222/2351/3017 1166/2343/1114
f 3228/2368/3023 3229/2369/3024 3232/2370/3027 3231/2371/3026
f 3229/2369/3024 3230/2372/3025 3233/2373/3028 3232/2370/3027
f 3231/2371/3026 3232/2370/3027 3235/2374/3030 3234/2375/3029
f 3232/2370/3027 3233/2373/3028 3236/2376/3031 3235/2374/3030
f 178/2360/178 1276/2377/1224 3228/2368/3023 1164/2361/1112
f 1276/2377/1224 1277/2378/1225 3229/2369/3024 3228/2368/3023
f 1277/2378/1225 1278/2379/1226 3230/2372/3025 3229/2369/3024
f 1278/2379/1226 177/2380/177 1161/2381/1109 3230/2372/3025
f 3230/2372/3025 1161/2381/1109 1160/2382/1108 3233/2373/3028
f 3233/2373/3028 1160/2382/1108 1159/2383/1107 3236/2376/3031
f 3236/2376/3031 1159/2383/1107 163/2384/163 1188/2385/1136
f 3235/2374/3030 3236/2376/3031 1188/2385/1136 1187/2386/1135
f 3234/2375/3029 3235/2374/3030 1187/2386/1135 1186/2387/1134
f 1162/2363/1110 3234/2375/3029 1186/2387/1134 164/2364/164
f 1163/2362/1111 3231/2371/3026 3234/2375/3029 1162/2363/1110
f 1164/2361/1112 3228/2368/3023 3231/2371/3026 1163/2362/1111
f 3237/2388/3032 3238/2389/3033 3241/2390/3036 3240/2391/3035
f 3238/2389/3033 3239/2392/3034 3242/2393/3037 3241/2390/3036
f 3240/2391/3035 3241/2390/3036 3244/2394/3039 3243/2395/3038
f 3241/2390/3036 3242/2393/3037 3245/2396/3040 3244/2394/3039
f 177/2380/177 1279/2397/1227 3237/2388/3032 1161/2381/1109
f 1279/2397/1227 1280/2398/1228 3238/2389/3033 3237/2388/3032
f 1280/2398/1228 1281/2399/1229 3239/2392/3034 3238/2389/3033
f 1281/2399/1229 176/2400/176 1158/2401/1106 3239/2392/3034
f 3239/2392/3034 1158/2401/1106 1157/2402/1105 3242/2393/3037
f 3242/2393/3037 1157/2402/1105 1156/2403/1104 3245/2396/3040
f 3245/2396/3040 1156/2403/1104 162/2103/162 1191/2404/1139
f 3244/2394/3039 3245/2396/3040 1191/2404/1139 1190/2405/1138
f 3243/2395/3038 3244/2394/3039 1190/2405/1138 1189/2100/1137
f 1159/2383/1107 3243/2395/3038 1189/2100/1137 163/2384/163
f 1160/2382/1108 3240/2391/3035 3243/2395/3038 1159/2383/1107
f 1161/2381/1109 3237/2388/3032 3240/2391/3035 1160/2382/1108
f 3246/2406/3041 3247/2407/3042 3250/2408/3045 3249/2409/3044
f 3247/2407/3042 3248/2410/3043 3251/2411/3046 3250/2408/3045
f 3249/2409/3044 3250/2408/3045 3253/2412/3048 3252/2413/3047
f 3250/2408/3045 3251/2411/3046 3254/2414/3049 3253/2412/3048
f 176/2400/176 1282/2415/1230 3246/2406/3041 1158/2401/1106
f 1282/2415/1230 1283/2416/1231 3247/2407/3042 3246/2406/3041
f 1283/2416/1231 1284/2417/1232 3248/2410/3043 3247/2407/3042
f 1284/2417/1232 175/2418/175 1155/2419/1103 3248/2410/3043
f 3248/2410/3043 1155/2419/1103 1154/2420/1102 3251/2411/3046
f 3251/2411/3046 1154/2420/1102 1153/2421/1101 3254/2414/3049
f 3254/2414/3049 1153/2421/1101 161/2422/161 1194/2122/1142
f 3253/2412/3048 3254/2414/3049 1194/2122/1142 1193/2423/1141
f 3252/2413/3047 3253/2412/3048 1193/2423/1141 1192/2424/1140
f 1156/2403/1104 3252/2413/3047 1192/2424/1140 162/2103/162
f 1157/2402/1105 3249/2409/3044 3252/2413/3047 1156/2403/1104
f 1158/2401/1106 3246/2406/3041 3249/2409/3044 1157/2402/1105
f 3255/2425/3050 3256/2426/3051 3259/2427/3054 3258/2428/3053
f 3256/2426/3051 3257/2429/3052 3260/2430/3055 3259/2427/3054
f 3258/2428/3053 3259/2427/3054 3262/2431/3057 3261/2432/3056
f 3259/2427/3054 3260/2430/3055 3263/2433/3058 3262/2431/3057
f 175/2418/175 1285/2434/1233 3255/2425/3050 1155/2419/1103
f 1285/2434/1233 1286/2435/1234 3256/2426/3051 3255/2425/3050
f 1286/2435/1234 1287/2436/1235 3257/2429/3052 3256/2426/3051
f 1287/2436/1235 174/2437/174 1152/2438/1100 3257/2429/3052
f 3257/2429/3052 1152/2438/1100 1151/2439/1099 3260/2430/3055
f 3260/2430/3055 1151/2439/1099 1150/2440/1098 3263/2433/3058
f 3263/2433/3058 1150/2440/1098 160/2441/160 1197/2442/1145
f 3262/2431/3057 3263/2433/3058 1197/2442/1145 1196/2443/1144
f 3261/2432/3056 3262/2431/3057 1196/2443/1144 1195/2444/1143
f 1153/2421/1101 3261/2432/3056 1195/2444/1143 161/2422/161
f 1154/2420/1102 3258/2428/3053 3261/2432/3056 1153/2421/1101
f 1155/2419/1103 3255/2425/3050 3258/2428/3053 1154/2420/1102
f 3264/2445/3059 3265/2446/3060 3268/2447/3063 3267/2448/3062
f 3265/2446/3060 3266/2449/3061 3269/2450/3064 3268/2447/3063
f 3267/2448/3062 3268/2447/3063 3271/2451/3066 3270/2452/3065
f 3268/2447/3063 3269/2450/3064 3272/2453/3067 3271/2451/3066
f 174/2437/174 1288/2454/1236 3264/2445/3059 1152/2438/1100
f 1288/2454/1236 1289/2455/1237 3265/2446/3060 3264/2445/3059
f 1289/2455/1237 1290/2456/1238 3266/2449/3061 3265/2446/3060
f 1290/2456/1238 173/2457/173 1149/2458/1097 3266/2449/3061
f 3266/2449/3061 1149/2458/1097 1148/2459/1096 3269/2450/3064
f 3269/2450/3064 1148/2459/1096 1147/2460/1095 3272/2453/3067
f 3272/2453/3067 1147/2460/1095 159/2461/159 1200/2462/1148
f 3271/2451/3066 3272/2453/3067 1200/2462/1148 1199/2463/1147
f 3270/2452/3065 3271/2451/3066 1199/2463/1147 1198/2464/1146
f 1150/2440/1098 3270/2452/3065 1198/2464/1146 160/2441/160
f 1151/2439/1099 3267/2448/3062 3270/2452/3065 1150/2440/1098
f 1152/2438/1100 3264/2445/3059 3267/2448/3062 1151/2439/1099
f 3273/2465/3068 3274/2466/3069 3277/2467/3072 3276/2468/3071
f 3274/2466/3069 3275/2469/3070 3278/2470/3073 3277/2467/3072
f 3276/2468/3071 3277/2467/3072 3280/2471/3075 3279/2472/3074
f 3277/2467/3072 3278/2470/3073 3281/2473/3076 3280/2471/3075
f 173/2457/173 1291/2474/1239 3273/2465/3068 1149/2458/1097
f 1291/2474/1239 1292/2475/1240 3274/2466/3069 3273/2465/3068
f 1292/2475/1240 1293/2476/1241 3275/2469/3070 3274/2466/3069
f 1293/2476/1241 172/2477/172 1146/2478/1094 3275/2469/3070
f 3275/2469/3070 1146/2478/1094 1145/2479/1093 3278/2470/3073
f 3278/2470/3073 1145/2479/1093 1144/2480/1092 3281/2473/3076
f 3281/2473/3076 1144/2480/1092 158/2481/158 1203/2482/1151
f 3280/2471/3075 3281/2473/3076 1203/2482/1151 1202/2483/1150
f 3279/2472/3074 3280/2471/3075 1202/2483/1150 1201/2180/1149
f 1147/2460/1095 3279/2472/3074 1201/2180/1149 159/2461/159
f 1148/2459/1096 3276/2468/3071 3279/2472/3074 1147/2460/1095
f 1149/2458/1097 3273/2465/3068 3276/2468/3071 1148/2459/1096
f 3282/2484/3077 3283/2485/3078 3286/2486/3081 3285/2487/3080
f 3283/2485/3078 3284/2488/3079 3287/2489/3082 3286/2486/3081
f 3285/2487/3080 3286/2486/3081 3289/2490/3084 3288/2491/3083
f 3286/2486/3081 3287/2489/3082 3290/2492/3085 3289/2490/3084
f 172/2477/172 1294/2493/1242 3282/2484/3077 1146/2478/1094
f 1294/2493/1242 1295/2494/1243 3283/2485/3078 3282/2484/3077
f 1295/2494/1243 1296/2495/1244 3284/2488/3079 3283/2485/3078
f 1296/2495/1244 171/2496/171 1143/2497/1091 3284/2488/3079
f 3284/2488/3079 1143/2497/1091 1142/2498/1090 3287/2489/3082
f 3287/2489/3082 1142/2498/1090 1141/2499/1089 3290/2492/3085
f 3290/2492/3085 1141/2499/1089 157/2500/157 1206/2501/1154
f 3289/2490/3084 3290/2492/3085 1206/2501/1154 1205/2502/1153
f 3288/2491/3083 3289/2490/3084 1205/2502/1153 1204/2503/1152
f 1144/2480/1092 3288/2491/3083 1204/2503/1152 158/2481/158
f 1145/2479/1093 3285/2487/3080 3288/2491/3083 1144/2480/1092
f 1146/2478/1094 3282/2484/3077 3285/2487/3080 1145/2479/1093
f 3291/2504/3086 3292/2505/3087 3295/2506/3090 3294/2507/3089
f 3292/2505/3087 3293/2508/3088 3296/2509/3091 3295/2506/3090
f 3294/2507/3089 3295/2506/3090 3298/2510/3093 3297/2511/3092
f 3295/2506/3090 3296/2509/3091 3299/2512/3094 3298/2510/3093
f 171/2496/171 1297/2513/1245 3291/2504/3086 1143/2497/1091
f 1297/2513/1245 1298/2514/1246 3292/2505/3087 3291/2504/3086
f 1298/2514/1246 1299/2515/1247 3293/2508/3088 3292/2505/3087
f 1299/2515/1247 170/2516/170 1140/2517/1088 3293/2508/3088
f 3293/2508/3088 1140/2517/1088 1139/2518/1087 3296/2509/3091
f 3296/2509/3091 1139/2518/1087 1138/2519/1086 3299/2512/3094
f 3299/2512/3094 1138/2519/1086 156/2520/156 1209/2521/1157
f 3298/2510/3093 3299/2512/3094 1209/2521/1157 1208/2522/1156
f 3297/2511/3092 3298/2510/3093 1208/2522/1156 1207/2220/1155
f 1141/2499/1089 3297/2511/3092 1207/2220/1155 157/2500/157
f 1142/2498/1090 3294/2507/3089 3297/2511/3092 1141/2499/1089
f 1143/2497/1091 3291/2504/3086 3294/2507/3089 1142/2498/1090
f 3300/2523/3095 3301/2524/3096 3304/2525/3098 3303/2526/3097
f 3301/2524/3096 3302/2527/2294 3305/2528/2297 3304/2525/3098
f 3303/2526/3097 3304/2525/3098 3307/2529/3100 3306/2530/3099
f 3304/2525/3098 3305/2528/2297 3308/2531/2300 3307/2529/3100
f 154/2247/154 1015/2532/973 3300/2523/3095 1134/2533/1083
f 1015/2532/973 1016/2245/974 3301/2524/3096 3300/2523/3095
f 1016/2245/974 1017/2244/523 3302/2527/2294 3301/2524/3096
f 1017/2244/523 155/2534/155 1215/2535/1163 3302/2527/2294
f 3302/2527/2294 1215/2535/1163 1214/2536/1162 3305/2528/2297
f 3305/2528/2297 1214/2536/1162 1213/2537/1161 3308/2531/2300
f 3308/2531/2300 1213/2537/1161 168/2538/168 1135/2539/526
f 3307/2529/3100 3308/2531/2300 1135/2539/526 1136/2540/1084
f 3306/2530/3099 3307/2529/3100 1136/2540/1084 1137/2541/1085
f 1132/2542/1081 3306/2530/3099 1137/2541/1085 128/2543/128
f 1133/2544/1082 3303/2526/3097 3306/2530/3099 1132/2542/1081
f 1134/2533/1083 3300/2523/3095 3303/2526/3097 1133/2544/1082
f 3309/2545/2303 3310/2546/2306 3313/2547/3102 3312/2548/3101
f 3310/2546/2306 3311/2549/2309 3314/2550/3103 3313/2547/3102
f 3312/2548/3101 3313/2547/3102 3316/2551/3105 3315/2552/3104
f 3313/2547/3102 3314/2550/3103 3317/2553/3106 3316/2551/3105
f 168/2272/168 1216/2270/1164 3309/2545/2303 1135/2554/526
f 1216/2270/1164 1217/2269/1165 3310/2546/2306 3309/2545/2303
f 1217/2269/1165 1218/2268/1166 3311/2549/2309 3310/2546/2306
f 1218/2268/1166 167/2015/167 1119/2017/529 3311/2549/2309
f 3311/2549/2309 1119/2017/529 1118/2030/1068 3314/2550/3103
f 3314/2550/3103 1118/2030/1068 1117/2028/1067 3317/2553/3106
f 3317/2553/3106 1117/2028/1067 130/2029/130 1012/2555/970
f 3316/2551/3105 3317/2553/3106 1012/2555/970 1013/2556/971
f 3315/2552/3104 3316/2551/3105 1013/2556/971 1014/2557/972
f 1137/2558/1085 3315/2552/3104 1014/2557/972 128/2559/128
f 1136/2560/1084 3312/2548/3101 3315/2552/3104 1137/2558/1085
f 1135/2554/526 3309/2545/2303 3312/2548/3101 1136/2560/1084
f 3318/2561/3107 3319/2562/3108 3322/2563/3111 3321/2564/3110
f 3319/2562/3108 3320/2565/3109 3323/2566/3112 3322/2563/3111
f 3321/2564/3110 3322/2563/3111 3325/2567/3114 3324/2568/3113
f 3322/2563/3111 3323/2566/3112 3326/2569/3115 3325/2567/3114
f 183/572/183 1009/574/967 3318/2561/3107 1174/573/1122
f 1009/574/967 1010/587/968 3319/2562/3108 3318/2561/3107
f 1010/587/968 1011/585/969 3320/2565/3109 3319/2562/3108
f 1011/585/969 184/586/184 1224/2570/1172 3320/2565/3109
f 3320/2565/3109 1224/2570/1172 1223/2571/1171 3323/2566/3112
f 3323/2566/3112 1223/2571/1171 1222/2572/1170 3326/2569/3115
f 3326/2569/3115 1222/2572/1170 181/2264/181 1263/2263/1211
f 3325/2567/3114 3326/2569/3115 1263/2263/1211 1262/2262/1210
f 3324/2568/3113 3325/2567/3114 1262/2262/1210 1261/2260/1209
f 1176/576/1124 3324/2568/3113 1261/2260/1209 182/577/182
f 1175/575/1123 3321/2564/3110 3324/2568/3113 1176/576/1124
f 1174/573/1122 3318/2561/3107 3321/2564/3110 1175/575/1123
f 3327/2573/3116 3328/2574/3117 3331/2575/3120 3330/2576/3119
f 3328/2574/3117 3329/2577/3118 3332/2578/3121 3331/2575/3120
f 3330/2576/3119 3331/2575/3120 3334/2579/3123 3333/2580/3122
f 3331/2575/3120 3332/2578/3121 3335/2581/3124 3334/2579/3123
f 155/2534/155 1126/2582/1075 3327/2573/3116 1215/2535/1163
f 1126/2582/1075 1127/2583/1076 3328/2574/3117 3327/2573/3116
f 1127/2583/1076 1128/2584/1077 3329/2577/3118 3328/2574/3117
f 1128/2584/1077 169/2301/169 1266/2302/1214 3329/2577/3118
f 3329/2577/3118 1266/2302/1214 1265/2306/1213 3332/2578/3121
f 3332/2578/3121 1265/2306/1213 1264/2305/1212 3335/2581/3124
f 3335/2581/3124 1264/2305/1212 182/340/182 1219/2585/1167
f 3334/2579/3123 3335/2581/3124 1219/2585/1167 1220/2586/1168
f 3333/2580/3122 3334/2579/3123 1220/2586/1168 1221/2587/1169
f 1213/2537/1161 3333/2580/3122 1221/2587/1169 168/2538/168
f 1214/2536/1162 3330/2576/3119 3333/2580/3122 1213/2537/1161
f 1215/2535/1163 3327/2573/3116 3330/2576/3119 1214/2536/1162
f 3336/2588/3125 3337/2589/3126 3340/2590/3129 3339/2591/3128
f 3337/2589/3126 3338/2592/3127 3341/2593/3130 3340/2590/3129
f 3339/2591/3128 3340/2590/3129 3343/2594/3132 3342/2595/3131
f 3340/2590/3129 3341/2593/3130 3344/2596/3133 3343/2594/3132
f 184/586/184 1021/617/977 3336/2588/3125 1224/2570/1172
f 1021/617/977 1022/627/978 3337/2589/3126 3336/2588/3125
f 1022/627/978 1023/625/979 3338/2592/3127 3337/2589/3126
f 1023/625/979 185/626/185 1227/2597/1175 3338/2592/3127
f 3338/2592/3127 1227/2597/1175 1226/2598/1174 3341/2593/3130
f 3341/2593/3130 1226/2598/1174 1225/2599/1173 3344/2596/3133
f 3344/2596/3133 1225/2599/1173 180/2319/180 1269/2600/1217
f 3343/2594/3132 3344/2596/3133 1269/2600/1217 1268/2601/1216
f 3342/2595/3131 3343/2594/3132 1268/2601/1216 1267/2602/1215
f 1222/2572/1170 3342/2595/3131 1267/2602/1215 181/2264/181
f 1223/2571/1171 3339/2591/3128 3342/2595/3131 1222/2572/1170
f 1224/2570/1172 3336/2588/3125 3339/2591/3128 1223/2571/1171
f 3345/2603/3134 3346/2604/3135 3349/2605/3138 3348/2606/3137
f 3346/2604/3135 3347/2607/3136 3350/2608/3139 3349/2605/3138
f 3348/2606/3137 3349/2605/3138 3352/2609/3141 3351/2610/3140
f 3349/2605/3138 3350/2608/3139 3353/2611/3142 3352/2609/3141
f 185/626/185 1030/637/985 3345/2603/3134 1227/2597/1175
f 1030/637/985 1031/647/986 3346/2604/3135 3345/2603/3134
f 1031/647/986 1032/645/987 3347/2607/3136 3346/2604/3135
f 1032/645/987 186/646/186 1230/2612/1178 3347/2607/3136
f 3347/2607/3136 1230/2612/1178 1229/2613/1177 3350/2608/3139
f 3350/2608/3139 1229/2613/1177 1228/2614/1176 3353/2611/3142
f 3353/2611/3142 1228/2614/1176 179/2615/179 1272/2616/1220
f 3352/2609/3141 3353/2611/3142 1272/2616/1220 1271/2617/1219
f 3351/2610/3140 3352/2609/3141 1271/2617/1219 1270/2338/1218
f 1225/2599/1173 3351/2610/3140 1270/2338/1218 180/2319/180
f 1226/2598/1174 3348/2606/3137 3351/2610/3140 1225/2599/1173
f 1227/2597/1175 3345/2603/3134 3348/2606/3137 1226/2598/1174
f 3354/2618/3143 3355/2619/3144 3358/2620/3147 3357/2621/3146
f 3355/2619/3144 3356/2622/3145 3359/2623/3148 3358/2620/3147
f 3357/2621/3146 3358/2620/3147 3361/2624/3150 3360/2625/3149
f 3358/2620/3147 3359/2623/3148 3362/2626/3151 3361/2624/3150
f 186/646/186 1039/657/993 3354/2618/3143 1230/2612/1178
f 1039/657/993 1040/667/994 3355/2619/3144 3354/2618/3143
f 1040/667/994 1041/665/995 3356/2622/3145 3355/2619/3144
f 1041/665/995 187/666/187 1233/2627/1181 3356/2622/3145
f 3356/2622/3145 1233/2627/1181 1232/2628/1180 3359/2623/3148
f 3359/2623/3148 1232/2628/1180 1231/2629/1179 3362/2626/3151
f 3362/2626/3151 1231/2629/1179 178/2630/178 1275/2631/1223
f 3361/2624/3150 3362/2626/3151 1275/2631/1223 1274/2632/1222
f 3360/2625/3149 3361/2624/3150 1274/2632/1222 1273/2357/1221
f 1228/2614/1176 3360/2625/3149 1273/2357/1221 179/2615/179
f 1229/2613/1177 3357/2621/3146 3360/2625/3149 1228/2614/1176
f 1230/2612/1178 3354/2618/3143 3357/2621/3146 1229/2613/1177
f 3363/2633/3152 3364/2634/3153 3367/2635/3156 3366/2636/3155
f 3364/2634/3153 3365/2637/3154 3368/2638/3157 3367/2635/3156
f 3366/2636/3155 3367/2635/3156 3370/2639/3159 3369/2640/3158
f 3367/2635/3156 3368/2638/3157 3371/2641/3160 3370/2639/3159
f 187/666/187 1048/677/1001 3363/2633/3152 1233/2627/1181
f 1048/677/1001 1049/687/1002 3364/2634/3153 3363/2633/3152
f 1049/687/1002 1050/685/1003 3365/2637/3154 3364/2634/3153
f 1050/685/1003 188/686/188 1236/2642/1184 3365/2637/3154
f 3365/2637/3154 1236/2642/1184 1235/2643/1183 3368/2638/3157
f 3368/2638/3157 1235/2643/1183 1234/2644/1182 3371/2641/3160
f 3371/2641/3160 1234/2644/1182 177/2645/177 1278/2646/1226
f 3370/2639/3159 3371/2641/3160 1278/2646/1226 1277/2647/1225
f 3369/2640/3158 3370/2639/3159 1277/2647/1225 1276/2648/1224
f 1231/2629/1179 3369/2640/3158 1276/2648/1224 178/2630/178
f 1232/2628/1180 3366/2636/3155 3369/2640/3158 1231/2629/1179
f 1233/2627/1181 3363/2633/3152 3366/2636/3155 1232/2628/1180
f 3372/2649/3161 3373/2650/3162 3376/2651/3165 3375/2652/3164
f 3373/2650/3162 3374/2653/3163 3377/2654/3166 3376/2651/3165
f 3375/2652/3164 3376/2651/3165 3379/2655/3168 3378/2656/3167
f 3376/2651/3165 3377/2654/3166 3380/2657/3169 3379/2655/3168
f 188/686/188 1057/697/1009 3372/2649/3161 1236/2642/1184
f 1057/697/1009 1058/707/1010 3373/2650/3162 3372/2649/3161
f 1058/707/1010 1059/705/1011 3374/2653/3163 3373/2650/3162
f 1059/705/1011 189/706/189 1239/2658/1187 3374/2653/3163
f 3374/2653/3163 1239/2658/1187 1238/2659/1186 3377/2654/3166
f 3377/2654/3166 1238/2659/1186 1237/2660/1185 3380/2657/3169
f 3380/2657/3169 1237/2660/1185 176/2661/176 1281/2662/1229
f 3379/2655/3168 3380/2657/3169 1281/2662/1229 1280/2663/1228
f 3378/2656/3167 3379/2655/3168 1280/2663/1228 1279/2397/1227
f 1234/2644/1182 3378/2656/3167 1279/2397/1227 177/2645/177
f 1235/2643/1183 3375/2652/3164 3378/2656/3167 1234/2644/1182
f 1236/2642/1184 3372/2649/3161 3375/2652/3164 1235/2643/1183
f 3381/2664/3170 3382/2665/3171 3385/2666/3174 3384/2667/3173
f 3382/2665/3171 3383/2668/3172 3386/2669/3175 3385/2666/3174
f 3384/2667/3173 3385/2666/3174 3388/2670/3177 3387/2671/3176
f 3385/2666/3174 3386/2669/3175 3389/2672/3178 3388/2670/3177
f 189/706/189 1066/717/1017 3381/2664/3170 1239/2658/1187
f 1066/717/1017 1067/727/1018 3382/2665/3171 3381/2664/3170
f 1067/727/1018 1068/725/1019 3383/2668/3172 3382/2665/3171
f 1068/725/1019 190/726/190 1242/2673/1190 3383/2668/3172
f 3383/2668/3172 1242/2673/1190 1241/2674/1189 3386/2669/3175
f 3386/2669/3175 1241/2674/1189 1240/2675/1188 3389/2672/3178
f 3389/2672/3178 1240/2675/1188 175/2418/175 1284/2417/1232
f 3388/2670/3177 3389/2672/3178 1284/2417/1232 1283/2676/1231
f 3387/2671/3176 3388/2670/3177 1283/2676/1231 1282/2415/1230
f 1237/2660/1185 3387/2671/3176 1282/2415/1230 176/2661/176
f 1238/2659/1186 3384/2667/3173 3387/2671/3176 1237/2660/1185
f 1239/2658/1187 3381/2664/3170 3384/2667/3173 1238/2659/1186
f 3390/2677/3179 3391/2678/3180 3394/2679/3183 3393/2680/3182
f 3391/2678/3180 3392/2681/3181 3395/2682/3184 3394/2679/3183
f 3393/2680/3182 3394/2679/3183 3397/2683/3186 3396/2684/3185
f 3394/2679/3183 3395/2682/3184 3398/2685/3187 3397/2683/3186
f 190/726/190 1075/737/1025 3390/2677/3179 1242/2673/1190
f 1075/737/1025 1076/747/1026 3391/2678/3180 3390/2677/3179
f 1076/747/1026 1077/745/1027 3392/2681/3181 3391/2678/3180
f 1077/745/1027 191/746/191 1245/2686/1193 3392/2681/3181
f 3392/2681/3181 1245/2686/1193 1244/2687/1192 3395/2682/3184
f 3395/2682/3184 1244/2687/1192 1243/2688/1191 3398/2685/3187
f 3398/2685/3187 1243/2688/1191 174/2689/174 1287/2690/1235
f 3397/2683/3186 3398/2685/3187 1287/2690/1235 1286/2691/1234
f 3396/2684/3185 3397/2683/3186 1286/2691/1234 1285/2692/1233
f 1240/2675/1188 3396/2684/3185 1285/2692/1233 175/2418/175
f 1241/2674/1189 3393/2680/3182 3396/2684/3185 1240/2675/1188
f 1242/2673/1190 3390/2677/3179 3393/2680/3182 1241/2674/1189
f 3399/2693/3188 3400/2694/3189 3403/2695/3192 3402/2696/3191
f 3400/2694/3189 3401/2697/3190 3404/2698/3193 3403/2695/3192
f 3402/2696/3191 3403/2695/3192 3406/2699/3195 3405/2700/3194
f 3403/2695/3192 3404/2698/3193 3407/2701/3196 3406/2699/3195
f 191/746/191 1084/757/1034 3399/2693/3188 1245/2686/1193
f 1084/757/1034 1085/767/1035 3400/2694/3189 3399/2693/3188
f 1085/767/1035 1086/765/1036 3401/2697/3190 3400/2694/3189
f 1086/765/1036 192/766/192 1248/2702/1196 3401/2697/3190
f 3401/2697/3190 1248/2702/1196 1247/2703/1195 3404/2698/3193
f 3404/2698/3193 1247/2703/1195 1246/2704/1194 3407/2701/3196
f 3407/2701/3196 1246/2704/1194 173/2457/173 1290/2705/1238
f 3406/2699/3195 3407/2701/3196 1290/2705/1238 1289/2706/1237
f 3405/2700/3194 3406/2699/3195 1289/2706/1237 1288/2707/1236
f 1243/2688/1191 3405/2700/3194 1288/2707/1236 174/2689/174
f 1244/2687/1192 3402/2696/3191 3405/2700/3194 1243/2688/1191
f 1245/2686/1193 3399/2693/3188 3402/2696/3191 1244/2687/1192
f 3408/2708/3197 3409/2709/3198 3412/2710/3201 3411/2711/3200
f 3409/2709/3198 3410/2712/3199 3413/2713/3202 3412/2710/3201
f 3411/2711/3200 3412/2710/3201 3415/2714/3204 3414/2715/3203
f 3412/2710/3201 3413/2713/3202 3416/2716/3205 3415/2714/3204
f 192/766/192 1093/777/1043 3408/2708/3197 1248/2702/1196
f 1093/777/1043 1094/787/1044 3409/2709/3198 3408/2708/3197
f 1094/787/1044 1095/785/1045 3410/2712/3199 3409/2709/3198
f 1095/785/1045 193/2717/193 1251/2718/1199 3410/2712/3199
f 3410/2712/3199 1251/2718/1199 1250/2719/1198 3413/2713/3202
f 3413/2713/3202 1250/2719/1198 1249/2720/1197 3416/2716/3205
f 3416/2716/3205 1249/2720/1197 172/2721/172 1293/2722/1241
f 3415/2714/3204 3416/2716/3205 1293/2722/1241 1292/2723/1240
f 3414/2715/3203 3415/2714/3204 1292/2723/1240 1291/2724/1239
f 1246/2704/1194 3414/2715/3203 1291/2724/1239 173/2457/173
f 1247/2703/1195 3411/2711/3200 3414/2715/3203 1246/2704/1194
f 1248/2702/1196 3408/2708/3197 3411/2711/3200 1247/2703/1195
f 3417/2725/3206 3418/2726/3207 3421/2727/3210 3420/2728/3209
f 3418/2726/3207 3419/2729/3208 3422/2730/3211 3421/2727/3210
f 3420/2728/3209 3421/2727/3210 3424/2731/3213 3423/2732/3212
f 3421/2727/3210 3422/2730/3211 3425/2733/3214 3424/2731/3213
f 193/2717/193 1102/2734/1052 3417/2725/3206 1251/2718/1199
f 1102/2734/1052 1103/2735/1053 3418/2726/3207 3417/2725/3206
f 1103/2735/1053 1104/2736/1054 3419/2729/3208 3418/2726/3207
f 1104/2736/1054 194/819/194 1254/2737/1202 3419/2729/3208
f 3419/2729/3208 1254/2737/1202 1253/2738/1201 3422/2730/3211
f 3422/2730/3211 1253/2738/1201 1252/2739/1200 3425/2733/3214
f 3425/2733/3214 1252/2739/1200 171/2740/171 1296/2741/1244
f 3424/2731/3213 3425/2733/3214 1296/2741/1244 1295/2742/1243
f 3423/2732/3212 3424/2731/3213 1295/2742/1243 1294/2743/1242
f 1249/2720/1197 3423/2732/3212 1294/2743/1242 172/2721/172
f 1250/2719/1198 3420/2728/3209 3423/2732/3212 1249/2720/1197
f 1251/2718/1199 3417/2725/3206 3420/2728/3209 1250/2719/1198
f 3426/2744/3215 3427/2745/3216 3430/2746/3219 3429/2747/3218
f 3427/2745/3216 3428/2748/3217 3431/2749/3220 3430/2746/3219
f 3429/2747/3218 3430/2746/3219 3433/2750/3222 3432/2751/3221
f 3430/2746/3219 3431/2749/3220 3434/2752/3223 3433/2750/3222
f 194/819/194 1111/821/1061 3426/2744/3215 1254/2737/1202
f 1111/821/1061 1112/829/1062 3427/2745/3216 3426/2744/3215
f 1112/829/1062 1113/828/1063 3428/2748/3217 3427/2745/3216
f 1113/828/1063 195/10/195 1257/1995/1205 3428/2748/3217
f 3428/2748/3217 1257/1995/1205 1256/2005/1204 3431/2749/3220
f 3431/2749/3220 1256/2005/1204 1255/2003/1203 3434/2752/3223
f 3434/2752/3223 1255/2003/1203 170/2004/170 1299/2753/1247
f 3433/2750/3222 3434/2752/3223 1299/2753/1247 1298/2754/1246
f 3432/2751/3221 3433/2750/3222 1298/2754/1246 1297/2755/1245
f 1252/2739/1200 3432/2751/3221 1297/2755/1245 171/2740/171
f 1253/2738/1201 3429/2747/3218 3432/2751/3221 1252/2739/1200
f 1254/2737/1202 3426/2744/3215 3429/2747/3218 1253/2738/1201
f 3435/2756/3224 3436/2757/3225 3439/2758/3228 3438/2759/3227
f 3436/2757/3225 3437/2760/3226 3440/2761/3229 3439/2758/3228
f 3438/2759/3227 3439/2758/3228 3442/2762/3231 3441/2763/3230
f 3439/2758/3228 3440/2761/3229 3443/2764/3232 3442/2762/3231
f 170/2516/170 1300/2002/1248 3435/2756/3224 1140/2517/1088
f 1300/2002/1248 1301/2765/1249 3436/2757/3225 3435/2756/3224
f 1301/2765/1249 1302/2766/1250 3437/2760/3226 3436/2757/3225
f 1302/2766/1250 169/2767/169 1128/2768/1077 3437/2760/3226
f 3437/2760/3226 1128/2768/1077 1127/2583/1076 3440/2761/3229
f 3440/2761/3229 1127/2583/1076 1126/2769/1075 3443/2764/3232
f 3443/2764/3232 1126/2769/1075 155/2770/155 1212/2771/1160
f 3442/2762/3231 3443/2764/3232 1212/2771/1160 1211/2772/1159
f 3441/2763/3230 3442/2762/3231 1211/2772/1159 1210/2240/1158
f 1138/2519/1086 3441/2763/3230 1210/2240/1158 156/2520/156
f 1139/2518/1087 3438/2759/3227 3441/2763/3230 1138/2519/1086
f 1140/2517/1088 3435/2756/3224 3438/2759/3227 1139/2518/1087
f 3444/2773/3233 3445/2774/3234 3448/2775/3237 3447/2776/3236
f 3445/2774/3234 3446/2777/3235 3449/2778/3238 3448/2775/3237
f 3447/2776/3236 3448/2775/3237 3451/2779/3240 3450/2780/3239
f 3448/2775/3237 3449/2778/3238 3452/2781/3241 3451/2779/3240
f 129/2782/129 1347/2783/1295 3444/2773/3233 1305/2784/1253
f 1347/2783/1295 1346/2785/1294 3445/2774/3234 3444/2773/3233
f 1346/2785/1294 1345/2786/1293 3446/2777/3235 3445/2774/3234
f 1345/2786/1293 184/872/184 1011/870/969 3446/2777/3235
f 3446/2777/3235 1011/870/969 1010/869/968 3449/2778/3238
f 3449/2778/3238 1010/869/968 1009/868/967 3452/2781/3241
f 3452/2781/3241 1009/868/967 183/867/183 1350/2787/1298
f 3451/2779/3240 3452/2781/3241 1350/2787/1298 1349/2788/1297
f 3450/2780/3239 3451/2779/3240 1349/2788/1297 1348/2789/1296
f 1303/2790/1251 3450/2780/3239 1348/2789/1296 127/2791/127
f 1304/2792/1252 3447/2776/3236 3450/2780/3239 1303/2790/1251
f 1305/2784/1253 3444/2773/3233 3447/2776/3236 1304/2792/1252
f 3453/2793/3242 3454/2794/3243 3457/2795/3246 3456/2796/3245
f 3454/2794/3243 3455/2797/3244 3458/2798/3247 3457/2795/3246
f 3456/2796/3245 3457/2795/3246 3460/2799/3249 3459/2800/3248
f 3457/2795/3246 3458/2798/3247 3461/2801/3250 3460/2799/3249
f 131/2802/131 1353/2803/1301 3453/2793/3242 1308/2804/1256
f 1353/2803/1301 1352/2805/1300 3454/2794/3243 3453/2793/3242
f 1352/2805/1300 1351/2806/1299 3455/2797/3244 3454/2794/3243
f 1351/2806/1299 185/892/185 1023/890/979 3455/2797/3244
f 3455/2797/3244 1023/890/979 1022/889/978 3458/2798/3247
f 3458/2798/3247 1022/889/978 1021/888/977 3461/2801/3250
f 3461/2801/3250 1021/888/977 184/872/184 1345/2786/1293
f 3460/2799/3249 3461/2801/3250 1345/2786/1293 1346/2785/1294
f 3459/2800/3248 3460/2799/3249 1346/2785/1294 1347/2783/1295
f 1306/2807/1254 3459/2800/3248 1347/2783/1295 129/2782/129
f 1307/2808/1255 3456/2796/3245 3459/2800/3248 1306/2807/1254
f 1308/2804/1256 3453/2793/3242 3456/2796/3245 1307/2808/1255
f 3462/2809/3251 3463/2810/3252 3466/2811/3255 3465/2812/3254
f 3463/2810/3252 3464/2813/3253 3467/2814/3256 3466/2811/3255
f 3465/2812/3254 3466/2811/3255 3469/2815/3258 3468/2816/3257
f 3466/2811/3255 3467/2814/3256 3470/2817/3259 3469/2815/3258
f 133/2818/133 1356/2819/1304 3462/2809/3251 1311/2820/1259
f 1356/2819/1304 1355/2821/1303 3463/2810/3252 3462/2809/3251
f 1355/2821/1303 1354/2822/1302 3464/2813/3253 3463/2810/3252
f 1354/2822/1302 186/912/186 1032/910/987 3464/2813/3253
f 3464/2813/3253 1032/910/987 1031/909/986 3467/2814/3256
f 3467/2814/3256 1031/909/986 1030/908/985 3470/2817/3259
f 3470/2817/3259 1030/908/985 185/892/185 1351/2806/1299
f 3469/2815/3258 3470/2817/3259 1351/2806/1299 1352/2805/1300
f 3468/2816/3257 3469/2815/3258 1352/2805/1300 1353/2803/1301
f 1309/2823/1257 3468/2816/3257 1353/2803/1301 131/2802/131
f 1310/2824/1258 3465/2812/3254 3468/2816/3257 1309/2823/1257
f 1311/2820/1259 3462/2809/3251 3465/2812/3254 1310/2824/1258
f 3471/2825/3260 3472/2826/3261 3475/2827/3264 3474/2828/3263
f 3472/2826/3261 3473/2829/3262 3476/2830/3265 3475/2827/3264
f 3474/2828/3263 3475/2827/3264 3478/2831/3267 3477/2832/3266
f 3475/2827/3264 3476/2830/3265 3479/2833/3268 3478/2831/3267
f 135/2834/135 1359/2835/1307 3471/2825/3260 1314/2836/1262
f 1359/2835/1307 1358/2837/1306 3472/2826/3261 3471/2825/3260
f 1358/2837/1306 1357/2838/1305 3473/2829/3262 3472/2826/3261
f 1357/2838/1305 187/931/187 1041/929/995 3473/2829/3262
f 3473/2829/3262 1041/929/995 1040/928/994 3476/2830/3265
f 3476/2830/3265 1040/928/994 1039/927/993 3479/2833/3268
f 3479/2833/3268 1039/927/993 186/912/186 1354/2822/1302
f 3478/2831/3267 3479/2833/3268 1354/2822/1302 1355/2821/1303
f 3477/2832/3266 3478/2831/3267 1355/2821/1303 1356/2819/1304
f 1312/2839/1260 3477/2832/3266 1356/2819/1304 133/2818/133
f 1313/2840/1261 3474/2828/3263 3477/2832/3266 1312/2839/1260
f 1314/2836/1262 3471/2825/3260 3474/2828/3263 1313/2840/1261
f 3480/2841/3269 3481/2842/3270 3484/2843/3273 3483/2844/3272
f 3481/2842/3270 3482/2845/3271 3485/2846/3274 3484/2843/3273
f 3483/2844/3272 3484/2843/3273 3487/2847/3276 3486/2848/3275
f 3484/2843/3273 3485/2846/3274 3488/2849/3277 3487/2847/3276
f 137/2850/137 1362/2851/1310 3480/2841/3269 1317/2852/1265
f 1362/2851/1310 1361/2853/1309 3481/2842/3270 3480/2841/3269
f 1361/2853/1309 1360/2854/1308 3482/2845/3271 3481/2842/3270
f 1360/2854/1308 188/948/188 1050/946/1003 3482/2845/3271
f 3482/2845/3271 1050/946/1003 1049/945/1002 3485/2846/3274
f 3485/2846/3274 1049/945/1002 1048/944/1001 3488/2849/3277
f 3488/2849/3277 1048/944/1001 187/931/187 1357/2838/1305
f 3487/2847/3276 3488/2849/3277 1357/2838/1305 1358/2837/1306
f 3486/2848/3275 3487/2847/3276 1358/2837/1306 1359/2835/1307
f 1315/2855/1263 3486/2848/3275 1359/2835/1307 135/2834/135
f 1316/2856/1264 3483/2844/3272 3486/2848/3275 1315/2855/1263
f 1317/2852/1265 3480/2841/3269 3483/2844/3272 1316/2856/1264
f 3489/2857/3278 3490/2858/3279 3493/2859/3282 3492/2860/3281
f 3490/2858/3279 3491/2861/3280 3494/2862/3283 3493/2859/3282
f 3492/2860/3281 3493/2859/3282 3496/2863/3285 3495/2864/3284
f 3493/2859/3282 3494/2862/3283 3497/2865/3286 3496/2863/3285
f 139/2866/139 1365/2867/1313 3489/2857/3278 1320/2868/1268
f 1365/2867/1313 1364/2869/1312 3490/2858/3279 3489/2857/3278
f 1364/2869/1312 1363/2870/1311 3491/2861/3280 3490/2858/3279
f 1363/2870/1311 189/968/189 1059/966/1011 3491/2861/3280
f 3491/2861/3280 1059/966/1011 1058/965/1010 3494/2862/3283
f 3494/2862/3283 1058/965/1010 1057/964/1009 3497/2865/3286
f 3497/2865/3286 1057/964/1009 188/948/188 1360/2854/1308
f 3496/2863/3285 3497/2865/3286 1360/2854/1308 1361/2853/1309
f 3495/2864/3284 3496/2863/3285 1361/2853/1309 1362/2851/1310
f 1318/2871/1266 3495/2864/3284 1362/2851/1310 137/2850/137
f 1319/2872/1267 3492/2860/3281 3495/2864/3284 1318/2871/1266
f 1320/2868/1268 3489/2857/3278 3492/2860/3281 1319/2872/1267
f 3498/2873/3287 3499/2874/3288 3502/2875/3291 3501/2876/3290
f 3499/2874/3288 3500/2877/3289 3503/2878/3292 3502/2875/3291
f 3501/2876/3290 3502/2875/3291 3505/2879/3294 3504/2880/3293
f 3502/2875/3291 3503/2878/3292 3506/2881/3295 3505/2879/3294
f 141/2882/141 1368/2883/1316 3498/2873/3287 1323/2884/1271
f 1368/2883/1316 1367/2885/1315 3499/2874/3288 3498/2873/3287
f 1367/2885/1315 1366/2886/1314 3500/2877/3289 3499/2874/3288
f 1366/2886/1314 190/988/190 1068/986/1019 3500/2877/3289
f 3500/2877/3289 1068/986/1019 1067/985/1018 3503/2878/3292
f 3503/2878/3292 1067/985/1018 1066/984/1017 3506/2881/3295
f 3506/2881/3295 1066/984/1017 189/968/189 1363/2870/1311
f 3505/2879/3294 3506/2881/3295 1363/2870/1311 1364/2869/1312
f 3504/2880/3293 3505/2879/3294 1364/2869/1312 1365/2867/1313
f 1321/2887/1269 3504/2880/3293 1365/2867/1313 139/2866/139
f 1322/2888/1270 3501/2876/3290 3504/2880/3293 1321/2887/1269
f 1323/2884/1271 3498/2873/3287 3501/2876/3290 1322/2888/1270
f 3507/2889/3296 3508/2890/3297 3511/2891/3300 3510/2892/3299
f 3508/2890/3297 3509/2893/3298 3512/2894/3301 3511/2891/3300
f 3510/2892/3299 3511/2891/3300 3514/2895/3303 3513/2896/3302
f 3511/2891/3300 3512/2894/3301 3515/2897/3304 3514/2895/3303
f 143/2898/143 1371/2899/1319 3507/2889/3296 1326/2900/1274
f 1371/2899/1319 1370/2901/1318 3508/2890/3297 3507/2889/3296
f 1370/2901/1318 1369/2902/1317 3509/2893/3298 3508/2890/3297
f 1369/2902/1317 191/1008/191 1077/1006/1027 3509/2893/3298
f 3509/2893/3298 1077/1006/1027 1076/1005/1026 3512/2894/3301
f 3512/2894/3301 1076/1005/1026 1075/1004/1025 3515/2897/3304
f 3515/2897/3304 1075/1004/1025 190/988/190 1366/2886/1314
f 3514/2895/3303 3515/2897/3304 1366/2886/1314 1367/2885/1315
f 3513/2896/3302 3514/2895/3303 1367/2885/1315 1368/2883/1316
f 1324/2903/1272 3513/2896/3302 1368/2883/1316 141/2882/141
f 1325/2904/1273 3510/2892/3299 3513/2896/3302 1324/2903/1272
f 1326/2900/1274 3507/2889/3296 3510/2892/3299 1325/2904/1273
f 3516/2905/3305 3517/2906/3306 3520/2907/3309 3519/2908/3308
f 3517/2906/3306 3518/2909/3307 3521/2910/3310 3520/2907/3309
f 3519/2908/3308 3520/2907/3309 3523/2911/3312 3522/2912/3311
f 3520/2907/3309 3521/2910/3310 3524/2913/3313 3523/2911/3312
f 145/2914/145 1374/2915/1322 3516/2905/3305 1329/2916/1277
f 1374/2915/1322 1373/2917/1321 3517/2906/3306 3516/2905/3305
f 1373/2917/1321 1372/2918/1320 3518/2909/3307 3517/2906/3306
f 1372/2918/1320 192/1028/192 1086/1026/1036 3518/2909/3307
f 3518/2909/3307 1086/1026/1036 1085/1025/1035 3521/2910/3310
f 3521/2910/3310 1085/1025/1035 1084/1024/1034 3524/2913/3313
f 3524/2913/3313 1084/1024/1034 191/1008/191 1369/2902/1317
f 3523/2911/3312 3524/2913/3313 1369/2902/1317 1370/2901/1318
f 3522/2912/3311 3523/2911/3312 1370/2901/1318 1371/2899/1319
f 1327/2919/1275 3522/2912/3311 1371/2899/1319 143/2898/143
f 1328/2920/1276 3519/2908/3308 3522/2912/3311 1327/2919/1275
f 1329/2916/1277 3516/2905/3305 3519/2908/3308 1328/2920/1276
f 3525/2921/3314 3526/2922/3315 3529/2923/3318 3528/2924/3317
f 3526/2922/3315 3527/2925/3316 3530/2926/3319 3529/2923/3318
f 3528/2924/3317 3529/2923/3318 3532/2927/3321 3531/2928/3320
f 3529/2923/3318 3530/2926/3319 3533/2929/3322 3532/2927/3321
f 147/2930/147 1377/2931/1325 3525/2921/3314 1332/2932/1280
f 1377/2931/1325 1376/2933/1324 3526/2922/3315 3525/2921/3314
f 1376/2933/1324 1375/2934/1323 3527/2925/3316 3526/2922/3315
f 1375/2934/1323 193/1048/193 1095/1046/1045 3527/2925/3316
f 3527/2925/3316 1095/1046/1045 1094/1045/1044 3530/2926/3319
f 3530/2926/3319 1094/1045/1044 1093/1044/1043 3533/2929/3322
f 3533/2929/3322 1093/1044/1043 192/1028/192 1372/2918/1320
f 3532/2927/3321 3533/2929/3322 1372/2918/1320 1373/2917/1321
f 3531/2928/3320 3532/2927/3321 1373/2917/1321 1374/2915/1322
f 1330/2935/1278 3531/2928/3320 1374/2915/1322 145/2914/145
f 1331/2936/1279 3528/2924/3317 3531/2928/3320 1330/2935/1278
f 1332/2932/1280 3525/2921/3314 3528/2924/3317 1331/2936/1279
f 3534/2937/3323 3535/2938/3324 3538/2939/3327 3537/2940/3326
f 3535/2938/3324 3536/2941/3325 3539/2942/3328 3538/2939/3327
f 3537/2940/3326 3538/2939/3327 3541/2943/3330 3540/2944/3329
f 3538/2939/3327 3539/2942/3328 3542/2945/3331 3541/2943/3330
f 149/2946/149 1380/2947/1328 3534/2937/3323 1335/2948/1283
f 1380/2947/1328 1379/2949/1327 3535/2938/3324 3534/2937/3323
f 1379/2949/1327 1378/2950/1326 3536/2941/3325 3535/2938/3324
f 1378/2950/1326 194/1068/194 1104/1066/1054 3536/2941/3325
f 3536/2941/3325 1104/1066/1054 1103/1065/1053 3539/2942/3328
f 3539/2942/3328 1103/1065/1053 1102/1064/1052 3542/2945/3331
f 3542/2945/3331 1102/1064/1052 193/1048/193 1375/2934/1323
f 3541/2943/3330 3542/2945/3331 1375/2934/1323 1376/2933/1324
f 3540/2944/3329 3541/2943/3330 1376/2933/1324 1377/2931/1325
f 1333/2951/1281 3540/2944/3329 1377/2931/1325 147/2930/147
f 1334/2952/1282 3537/2940/3326 3540/2944/3329 1333/2951/1281
f 1335/2948/1283 3534/2937/3323 3537/2940/3326 1334/2952/1282
f 3543/2953/3332 3544/2954/3333 3547/2955/3336 3546/2956/3335
f 3544/2954/3333 3545/2957/3334 3548/2958/3337 3547/2955/3336
f 3546/2956/3335 3547/2955/3336 3550/2959/3339 3549/2960/3338
f 3547/2955/3336 3548/2958/3337 3551/2961/3340 3550/2959/3339
f 151/2962/151 1383/2963/1331 3543/2953/3332 1338/2964/1286
f 1383/2963/1331 1382/2965/1330 3544/2954/3333 3543/2953/3332
f 1382/2965/1330 1381/2966/1329 3545/2957/3334 3544/2954/3333
f 1381/2966/1329 195/1088/195 1113/1086/1063 3545/2957/3334
f 3545/2957/3334 1113/1086/1063 1112/1085/1062 3548/2958/3337
f 3548/2958/3337 1112/1085/1062 1111/1084/1061 3551/2961/3340
f 3551/2961/3340 1111/1084/1061 194/1068/194 1378/2950/1326
f 3550/2959/3339 3551/2961/3340 1378/2950/1326 1379/2949/1327
f 3549/2960/3338 3550/2959/3339 1379/2949/1327 1380/2947/1328
f 1336/2967/1284 3549/2960/3338 1380/2947/1328 149/2946/149
f 1337/2968/1285 3546/2956/3335 3549/2960/3338 1336/2967/1284
f 1338/2964/1286 3543/2953/3332 3546/2956/3335 1337/2968/1285
f 3552/2969/3341 3553/2970/3342 3556/2971/3345 3555/2972/3344
f 3553/2970/3342 3554/2973/3343 3557/2974/3346 3556/2971/3345
f 3555/2972/3344 3556/2971/3345 3559/2975/3348 3558/2976/3347
f 3556/2971/3345 3557/2974/3346 3560/2977/3349 3559/2975/3348
f 153/2978/153 1386/2979/1334 3552/2969/3341 1341/2980/1289
f 1386/2979/1334 1385/2981/1333 3553/2970/3342 3552/2969/3341
f 1385/2981/1333 1384/2982/1332 3554/2973/3343 3553/2970/3342
f 1384/2982/1332 196/1108/196 1122/1106/1071 3554/2973/3343
f 3554/2973/3343 1122/1106/1071 1121/1105/1070 3557/2974/3346
f 3557/2974/3346 1121/1105/1070 1120/1104/1069 3560/2977/3349
f 3560/2977/3349 1120/1104/1069 195/1088/195 1381/2966/1329
f 3559/2975/3348 3560/2977/3349 1381/2966/1329 1382/2965/1330
f 3558/2976/3347 3559/2975/3348 1382/2965/1330 1383/2963/1331
f 1339/2983/1287 3558/2976/3347 1383/2963/1331 151/2962/151
f 1340/2984/1288 3555/2972/3344 3558/2976/3347 1339/2983/1287
f 1341/2980/1289 3552/2969/3341 3555/2972/3344 1340/2984/1288
f 3561/2985/3350 3562/2986/3351 3565/2987/3354 3564/2988/3353
f 3562/2986/3351 3563/2989/3352 3566/2990/3355 3565/2987/3354
f 3564/2988/3353 3565/2987/3354 3568/2991/3357 3567/2992/3356
f 3565/2987/3354 3566/2990/3355 3569/2993/3358 3568/2991/3357
f 127/2791/127 1348/2789/1296 3561/2985/3350 1344/2994/1292
f 1348/2789/1296 1349/2788/1297 3562/2986/3351 3561/2985/3350
f 1349/2788/1297 1350/2787/1298 3563/2989/3352 3562/2986/3351
f 1350/2787/1298 183/867/183 1131/1124/1080 3563/2989/3352
f 3563/2989/3352 1131/1124/1080 1130/1123/1079 3566/2990/3355
f 3566/2990/3355 1130/1123/1079 1129/1122/1078 3569/2993/3358
f 3569/2993/3358 1129/1122/1078 196/1108/196 1384/2982/1332
f 3568/2991/3357 3569/2993/3358 1384/2982/1332 1385/2981/1333
f 3567/2992/3356 3568/2991/3357 1385/2981/1333 1386/2979/1334
f 1342/2995/1290 3567/2992/3356 1386/2979/1334 153/2978/153
f 1343/2996/1291 3564/2988/3353 3567/2992/3356 1342/2995/1290
f 1344/2994/1292 3561/2985/3350 3564/2988/3353 1343/2996/1291
f 3571/2997/3360 3572/2998/3361 3570/2999/3359 3598/3000/3387
f 3573/3001/3362 3574/1162/3363 3570/2999/3359 3572/3002/3361
f 3575/3003/3364 3576/1159/3365 3570/2999/3359 3574/1162/3363
f 3577/3004/3366 3578/3005/3367 3570/2999/3359 3576/3006/3365
f 3579/3007/3368 3580/3008/3369 3570/2999/3359 3578/1160/3367
f 3581/3009/3370 3582/3010/3371 3570/2999/3359 3580/3011/3369
f 3583/3012/3372 3584/3013/3373 3570/2999/3359 3582/3014/3371
f 3585/1147/3374 3586/1145/3375 3570/2999/3359 3584/3013/3373
f 3587/3015/3376 3588/3016/3377 3570/2999/3359 3586/3017/3375
f 3589/3018/3378 3590/3019/3379 3570/2999/3359 3588/3016/3377
f 3591/3020/3380 3592/3021/3381 3570/2999/3359 3590/1139/3379
f 3593/1135/3382 3594/3022/3383 3570/2999/3359 3592/3023/3381
f 3595/3024/3384 3596/3025/3385 3570/2999/3359 3594/3022/3383
f 3597/3026/3386 3598/3027/3387 3570/2999/3359 3596/3028/3385
f 197/1165/197 1680/3029/1628 3571/2997/3360 1639/3030/1587
f 1680/3029/1628 1679/3031/1627 3572/2998/3361 3571/2997/3360
f 1639/3030/1587 3571/2997/3360 3598/3000/3387 1640/1168/1588
f 210/3032/210 1677/1227/1625 3573/3001/3362 1678/3033/1626
f 1677/1227/1625 1676/1223/1624 3574/1162/3363 3573/3001/3362
f 1678/3033/1626 3573/3001/3362 3572/3002/3361 1679/3034/1627
f 209/1220/209 1674/1222/1622 3575/3003/3364 1675/1221/1623
f 1674/1222/1622 1673/3035/1621 3576/1159/3365 3575/3003/3364
f 1675/1221/1623 3575/3003/3364 3574/1162/3363 1676/3036/1624
f 208/1215/208 1671/3037/1619 3577/3004/3366 1672/1216/1620
f 1671/3037/1619 1670/3038/1618 3578/3005/3367 3577/3004/3366
f 1672/1216/1620 3577/3004/3366 3576/3006/3365 1673/3035/1621
f 207/1211/207 1668/1925/1616 3579/3007/3368 1669/3039/1617
f 1668/1925/1616 1667/1210/1615 3580/3008/3369 3579/3007/3368
f 1669/3039/1617 3579/3007/3368 3578/1160/3367 1670/3040/1618
f 206/3041/206 1665/3042/1613 3581/3009/3370 1666/3043/1614
f 1665/3042/1613 1664/1205/1612 3582/3010/3371 3581/3009/3370
f 1666/3043/1614 3581/3009/3370 3580/3011/3369 1667/3044/1615
f 205/3045/205 1662/3046/1610 3583/3012/3372 1663/3047/1611
f 1662/3046/1610 1661/3048/1609 3584/3013/3373 3583/3012/3372
f 1663/3047/1611 3583/3012/3372 3582/3014/3371 1664/1205/1612
f 204/3049/204 1659/3050/1607 3585/1147/3374 1660/3051/1608
f 1659/3050/1607 1658/1884/1606 3586/1145/3375 3585/1147/3374
f 1660/3051/1608 3585/1147/3374 3584/3013/3373 1661/3048/1609
f 203/1192/203 1656/3052/1604 3587/3015/3376 1657/3053/1605
f 1656/3052/1604 1655/1190/1603 3588/3016/3377 3587/3015/3376
f 1657/3053/1605 3587/3015/3376 3586/3017/3375 1658/1884/1606
f 202/3054/202 1653/1189/1601 3589/3018/3378 1654/3055/1602
f 1653/1189/1601 1652/1186/1600 3590/3019/3379 3589/3018/3378
f 1654/3055/1602 3589/3018/3378 3588/3016/3377 1655/1190/1603
f 201/1183/201 1650/3056/1598 3591/3020/3380 1651/1184/1599
f 1650/3056/1598 1649/3057/1597 3592/3021/3381 3591/3020/3380
f 1651/1184/1599 3591/3020/3380 3590/1139/3379 1652/3058/1600
f 200/3059/200 1647/3060/1595 3593/1135/3382 1648/3061/1596
f 1647/3060/1595 1646/1177/1594 3594/3022/3383 3593/1135/3382
f 1648/3061/1596 3593/1135/3382 3592/3023/3381 1649/3062/1597
f 199/3063/199 1644/1797/1592 3595/3024/3384 1645/3064/1593
f 1644/1797/1592 1643/3065/1591 3596/3025/3385 3595/3024/3384
f 1645/3064/1593 3595/3024/3384 3594/3022/3383 1646/3066/1594
f 198/3067/198 1641/3068/1589 3597/3026/3386 1642/3069/1590
f 1641/3068/1589 1640/3070/1588 3598/3027/3387 3597/3026/3386
f 1642/3069/1590 3597/3026/3386 3596/3028/3385 1643/3065/1591
f 3599/3071/3388 3600/3072/3389 3603/3073/3392 3602/3074/3391
f 3600/3072/3389 3601/3075/3390 3604/3076/3393 3603/3073/3392
f 3602/3074/3391 3603/3073/3392 3606/3077/3395 3605/3078/3394
f 3603/3073/3392 3604/3076/3393 3607/3079/3396 3606/3077/3395
f 238/1079/238 1596/1638/1544 3599/3071/3388 1635/1238/1583
f 1596/1638/1544 1595/1638/1543 3600/3072/3389 3599/3071/3388
f 1595/1638/1543 1594/1638/1542 3601/3075/3390 3600/3072/3389
f 1594/1638/1542 251/1079/251 1423/3080/1371 3601/3075/3390
f 3601/3075/3390 1423/3080/1371 1424/3081/1372 3604/3076/3393
f 3604/3076/3393 1424/3081/1372 1425/3082/1373 3607/3079/3396
f 3607/3079/3396 1425/3082/1373 252/3083/252 1437/3084/1385
f 3606/3077/3395 3607/3079/3396 1437/3084/1385 1436/3085/1384
f 3605/3078/3394 3606/3077/3395 1436/3085/1384 1435/3086/1383
f 1633/3087/1581 3605/3078/3394 1435/3086/1383 226/1242/226
f 1634/3088/1582 3602/3074/3391 3605/3078/3394 1633/3087/1581
f 1635/1238/1583 3599/3071/3388 3602/3074/3391 1634/3088/1582
f 3608/3089/3397 3609/3090/3398 3612/3091/3401 3611/3092/3400
f 3609/3090/3398 3610/3093/3399 3613/3094/3402 3612/3091/3401
f 3611/3092/3400 3612/3091/3401 3615/3095/3404 3614/3096/3403
f 3612/3091/3401 3613/3094/3402 3616/3097/3405 3615/3095/3404
f 225/319/225 1429/2291/1377 3608/3089/3397 1632/1258/1580
f 1429/2291/1377 1430/2290/1378 3609/3090/3398 3608/3089/3397
f 1430/2290/1378 1431/322/1379 3610/3093/3399 3609/3090/3398
f 1431/322/1379 244/323/244 1402/3098/1350 3610/3093/3399
f 3610/3093/3399 1402/3098/1350 1403/3099/1351 3613/3094/3402
f 3613/3094/3402 1403/3099/1351 1404/3100/1352 3616/3097/3405
f 3616/3097/3405 1404/3100/1352 245/3101/245 1443/3102/1391
f 3615/3095/3404 3616/3097/3405 1443/3102/1391 1442/3103/1390
f 3614/3096/3403 3615/3095/3404 1442/3103/1390 1441/3104/1389
f 1630/1259/1578 3614/3096/3403 1441/3104/1389 227/959/227
f 1631/962/1579 3611/3092/3400 3614/3096/3403 1630/1259/1578
f 1632/1258/1580 3608/3089/3397 3611/3092/3400 1631/962/1579
f 3617/3105/3406 3618/3106/3407 3621/3107/3410 3620/3108/3409
f 3618/3106/3407 3619/3109/3408 3622/3110/3411 3621/3107/3410
f 3620/3108/3409 3621/3107/3410 3624/3111/3413 3623/3112/3412
f 3621/3107/3410 3622/3110/3411 3625/3113/3414 3624/3111/3413
f 226/3114/226 1435/3115/1383 3617/3105/3406 1629/3116/1577
f 1435/3115/1383 1436/3117/1384 3618/3106/3407 3617/3105/3406
f 1436/3117/1384 1437/3118/1385 3619/3109/3408 3618/3106/3407
f 1437/3118/1385 252/3119/252 1426/3120/1374 3619/3109/3408
f 3619/3109/3408 1426/3120/1374 1427/3121/1375 3622/3110/3411
f 3622/3110/3411 1427/3121/1375 1428/3122/1376 3625/3113/3414
f 3625/3113/3414 1428/3122/1376 239/3123/239 1446/3124/1394
f 3624/3111/3413 3625/3113/3414 1446/3124/1394 1445/3125/1393
f 3623/3112/3412 3624/3111/3413 1445/3125/1393 1444/3126/1392
f 1627/1735/1575 3623/3112/3412 1444/3126/1392 228/3127/228
f 1628/1588/1576 3620/3108/3409 3623/3112/3412 1627/1735/1575
f 1629/3116/1577 3617/3105/3406 3620/3108/3409 1628/1588/1576
f 3626/3128/3415 3627/3129/3416 3630/3130/3419 3629/3131/3418
f 3627/3129/3416 3628/3132/3417 3631/3133/3420 3630/3130/3419
f 3629/3131/3418 3630/3130/3419 3633/3134/3422 3632/3135/3421
f 3630/3130/3419 3631/3133/3420 3634/3136/3423 3633/3134/3422
f 227/959/227 1441/3104/1389 3626/3128/3415 1626/3137/1574
f 1441/3104/1389 1442/3103/1390 3627/3129/3416 3626/3128/3415
f 1442/3103/1390 1443/3102/1391 3628/3132/3417 3627/3129/3416
f 1443/3102/1391 245/3101/245 1405/3138/1353 3628/3132/3417
f 3628/3132/3417 1405/3138/1353 1406/3139/1354 3631/3133/3420
f 3631/3133/3420 1406/3139/1354 1407/3140/1355 3634/3136/3423
f 3634/3136/3423 1407/3140/1355 246/979/246 1449/1714/1397
f 3633/3134/3422 3634/3136/3423 1449/1714/1397 1448/1714/1396
f 3632/3135/3421 3633/3134/3422 1448/1714/1396 1447/1714/1395
f 1624/3141/1572 3632/3135/3421 1447/1714/1395 229/979/229
f 1625/3142/1573 3629/3131/3418 3632/3135/3421 1624/3141/1572
f 1626/3137/1574 3626/3128/3415 3629/3131/3418 1625/3142/1573
f 3635/3143/3424 3636/3143/3425 3639/3144/3428 3638/3144/3427
f 3636/3143/3425 3637/3143/3426 3640/3144/3429 3639/3144/3428
f 3638/3144/3427 3639/3144/3428 3642/1313/3431 3641/1313/3430
f 3639/3144/3428 3640/3144/3429 3643/3145/3432 3642/1313/3431
f 229/1713/229 1447/1714/1395 3635/3143/3424 1623/1003/1571
f 1447/1714/1395 1448/1714/1396 3636/3143/3425 3635/3143/3424
f 1448/1714/1396 1449/1714/1397 3637/3143/3426 3636/3143/3425
f 1449/1714/1397 246/1713/246 1408/1003/1356 3637/3143/3426
f 3637/3143/3426 1408/1003/1356 1409/1307/1357 3640/3144/3429
f 3640/3144/3429 1409/1307/1357 1410/1313/1358 3643/3145/3432
f 3643/3145/3432 1410/1313/1358 247/1715/247 1452/1699/1400
f 3642/1313/3431 3643/3145/3432 1452/1699/1400 1451/1699/1399
f 3641/1313/3430 3642/1313/3431 1451/1699/1399 1450/1699/1398
f 1621/1308/1569 3641/1313/3430 1450/1699/1398 230/1716/230
f 1622/1307/1570 3638/3144/3427 3641/1313/3430 1621/1308/1569
f 1623/1003/1571 3635/3143/3424 3638/3144/3427 1622/1307/1570
f 3644/3146/3433 3645/3147/3434 3648/3148/3437 3647/3149/3436
f 3645/3147/3434 3646/3150/3435 3649/3151/3438 3648/3148/3437
f 3647/3149/3436 3648/3148/3437 3651/3152/3440 3650/3153/3439
f 3648/3148/3437 3649/3151/3438 3652/3154/3441 3651/3152/3440
f 228/3127/228 1444/3126/1392 3644/3146/3433 1620/3155/1568
f 1444/3126/1392 1445/3156/1393 3645/3147/3434 3644/3146/3433
f 1445/3156/1393 1446/3157/1394 3646/3150/3435 3645/3147/3434
f 1446/3157/1394 239/3158/239 1387/3159/1335 3646/3150/3435
f 3646/3150/3435 1387/3159/1335 1388/3160/1336 3649/3151/3438
f 3649/3151/3438 1388/3160/1336 1389/3161/1337 3652/3154/3441
f 3652/3154/3441 1389/3161/1337 240/3162/240 1455/3163/1403
f 3651/3152/3440 3652/3154/3441 1455/3163/1403 1454/3164/1402
f 3650/3153/3439 3651/3152/3440 1454/3164/1402 1453/3165/1401
f 1618/3166/1566 3650/3153/3439 1453/3165/1401 231/1326/231
f 1619/1324/1567 3647/3149/3436 3650/3153/3439 1618/3166/1566
f 1620/3155/1568 3644/3146/3433 3647/3149/3436 1619/1324/1567
f 3653/3167/3442 3654/3168/3443 3657/3169/3446 3656/3170/3445
f 3654/3168/3443 3655/3171/3444 3658/3172/3447 3657/3169/3446
f 3656/3170/3445 3657/3169/3446 3660/3173/3449 3659/3174/3448
f 3657/3169/3446 3658/3172/3447 3661/3175/3450 3660/3173/3449
f 230/1716/230 1450/1699/1398 3653/3167/3442 1617/1347/1565
f 1450/1699/1398 1451/1699/1399 3654/3168/3443 3653/3167/3442
f 1451/1699/1399 1452/1699/1400 3655/3171/3444 3654/3168/3443
f 1452/1699/1400 247/999/247 1411/3176/1359 3655/3171/3444
f 3655/3171/3444 1411/3176/1359 1412/3177/1360 3658/3172/3447
f 3658/3172/3447 1412/3177/1360 1413/3178/1361 3661/3175/3450
f 3661/3175/3450 1413/3178/1361 248/3179/248 1458/3180/1406
f 3660/3173/3449 3661/3175/3450 1458/3180/1406 1457/3181/1405
f 3659/3174/3448 3660/3173/3449 1457/3181/1405 1456/3182/1404
f 1615/1346/1563 3659/3174/3448 1456/3182/1404 232/1343/232
f 1616/1022/1564 3656/3170/3445 3659/3174/3448 1615/1346/1563
f 1617/1347/1565 3653/3167/3442 3656/3170/3445 1616/1022/1564
f 3662/3183/3451 3663/3184/3452 3666/3185/3455 3665/3186/3454
f 3663/3184/3452 3664/3187/3453 3667/3188/3456 3666/3185/3455
f 3665/3186/3454 3666/3185/3455 3669/3189/3458 3668/3190/3457
f 3666/3185/3455 3667/3188/3456 3670/3191/3459 3669/3189/3458
f 231/1326/231 1453/3165/1401 3662/3183/3451 1614/1358/1562
f 1453/3165/1401 1454/3164/1402 3663/3184/3452 3662/3183/3451
f 1454/3164/1402 1455/3163/1403 3664/3187/3453 3663/3184/3452
f 1455/3163/1403 240/3162/240 1390/3192/1338 3664/3187/3453
f 3664/3187/3453 1390/3192/1338 1391/3193/1339 3667/3188/3456
f 3667/3188/3456 1391/3193/1339 1392/3194/1340 3670/3191/3459
f 3670/3191/3459 1392/3194/1340 241/1365/241 1461/1364/1409
f 3669/3189/3458 3670/3191/3459 1461/1364/1409 1460/3195/1408
f 3668/3190/3457 3669/3189/3458 1460/3195/1408 1459/1362/1407
f 1612/1360/1560 3668/3190/3457 1459/1362/1407 233/1361/233
f 1613/1359/1561 3665/3186/3454 3668/3190/3457 1612/1360/1560
f 1614/1358/1562 3662/3183/3451 3665/3186/3454 1613/1359/1561
f 3671/3196/3460 3672/3197/3461 3675/3198/3464 3674/3199/3463
f 3672/3197/3461 3673/3200/3462 3676/3201/3465 3675/3198/3464
f 3674/3199/3463 3675/3198/3464 3678/3202/3467 3677/3203/3466
f 3675/3198/3464 3676/3201/3465 3679/3204/3468 3678/3202/3467
f 232/1343/232 1456/3182/1404 3671/3196/3460 1611/1043/1559
f 1456/3182/1404 1457/3181/1405 3672/3197/3461 3671/3196/3460
f 1457/3181/1405 1458/3180/1406 3673/3200/3462 3672/3197/3461
f 1458/3180/1406 248/3179/248 1414/3205/1362 3673/3200/3462
f 3673/3200/3462 1414/3205/1362 1415/3206/1363 3676/3201/3465
f 3676/3201/3465 1415/3206/1363 1416/3207/1364 3679/3204/3468
f 3679/3204/3468 1416/3207/1364 249/1039/249 1464/1381/1412
f 3678/3202/3467 3679/3204/3468 1464/1381/1412 1463/1381/1411
f 3677/3203/3466 3678/3202/3467 1463/1381/1411 1462/1381/1410
f 1609/1379/1557 3677/3203/3466 1462/1381/1410 234/1380/234
f 1610/1378/1558 3674/3199/3463 3677/3203/3466 1609/1379/1557
f 1611/1043/1559 3671/3196/3460 3674/3199/3463 1610/1378/1558
f 3680/3208/3469 3681/3209/3470 3684/3210/3473 3683/3211/3472
f 3681/3209/3470 3682/3212/3471 3685/3213/3474 3684/3210/3473
f 3683/3211/3472 3684/3210/3473 3687/3214/3476 3686/3215/3475
f 3684/3210/3473 3685/3213/3474 3688/3216/3477 3687/3214/3476
f 233/1361/233 1459/1362/1407 3680/3208/3469 1608/907/1556
f 1459/1362/1407 1460/3195/1408 3681/3209/3470 3680/3208/3469
f 1460/3195/1408 1461/1364/1409 3682/3212/3471 3681/3209/3470
f 1461/1364/1409 241/1365/241 1393/3217/1341 3682/3212/3471
f 3682/3212/3471 1393/3217/1341 1394/3218/1342 3685/3213/3474
f 3685/3213/3474 1394/3218/1342 1395/3219/1343 3688/3216/3477
f 3688/3216/3477 1395/3219/1343 242/3220/242 1467/3221/1415
f 3687/3214/3476 3688/3216/3477 1467/3221/1415 1466/3222/1414
f 3686/3215/3475 3687/3214/3476 1466/3222/1414 1465/3223/1413
f 1606/904/1554 3686/3215/3475 1465/3223/1413 235/903/235
f 1607/906/1555 3683/3211/3472 3686/3215/3475 1606/904/1554
f 1608/907/1556 3680/3208/3469 3683/3211/3472 1607/906/1555
f 3689/1399/3478 3690/3224/3479 3693/3225/3482 3692/1400/3481
f 3690/3224/3479 3691/1399/3480 3694/1400/3483 3693/3225/3482
f 3692/1400/3481 3693/3225/3482 3696/3226/3485 3695/1653/3484
f 3693/3225/3482 3694/1400/3483 3697/1403/3486 3696/3226/3485
f 234/1380/234 1462/1381/1410 3689/1399/3478 1605/1406/1553
f 1462/1381/1410 1463/1381/1411 3690/3224/3479 3689/1399/3478
f 1463/1381/1411 1464/1381/1412 3691/1399/3480 3690/3224/3479
f 1464/1381/1412 249/1415/249 1417/1414/1365 3691/1399/3480
f 3691/1399/3480 1417/1414/1365 1418/1062/1366 3694/1400/3483
f 3694/1400/3483 1418/1062/1366 1419/1413/1367 3697/1403/3486
f 3697/1403/3486 1419/1413/1367 250/1059/250 1470/3227/1418
f 3696/3226/3485 3697/1403/3486 1470/3227/1418 1469/3228/1417
f 3695/1653/3484 3696/3226/3485 1469/3228/1417 1468/1410/1416
f 1603/1408/1551 3695/1653/3484 1468/1410/1416 236/1409/236
f 1604/1407/1552 3692/1400/3481 3695/1653/3484 1603/1408/1551
f 1605/1406/1553 3689/1399/3478 3692/1400/3481 1604/1407/1552
f 3698/3229/3487 3699/3230/3488 3702/3231/3491 3701/3232/3490
f 3699/3230/3488 3700/3233/3489 3703/3234/3492 3702/3231/3491
f 3701/3232/3490 3702/3231/3491 3705/3235/3494 3704/3236/3493
f 3702/3231/3491 3703/3234/3492 3706/3237/3495 3705/3235/3494
f 235/903/235 1465/3223/1413 3698/3229/3487 1602/3238/1550
f 1465/3223/1413 1466/3222/1414 3699/3230/3488 3698/3229/3487
f 1466/3222/1414 1467/3221/1415 3700/3233/3489 3699/3230/3488
f 1467/3221/1415 242/3220/242 1396/3239/1344 3700/3233/3489
f 3700/3233/3489 1396/3239/1344 1397/3240/1345 3703/3234/3492
f 3703/3234/3492 1397/3240/1345 1398/3241/1346 3706/3237/3495
f 3706/3237/3495 1398/3241/1346 243/2286/243 1591/2285/1539
f 3705/3235/3494 3706/3237/3495 1591/2285/1539 1592/2284/1540
f 3704/3236/3493 3705/3235/3494 1592/2284/1540 1593/2283/1541
f 1600/3242/1548 3704/3236/3493 1593/2283/1541 237/327/237
f 1601/1425/1549 3701/3232/3490 3704/3236/3493 1600/3242/1548
f 1602/3238/1550 3698/3229/3487 3701/3232/3490 1601/1425/1549
f 3707/3243/3496 3708/3244/3497 3711/3245/3500 3710/3246/3499
f 3708/3244/3497 3709/3247/3498 3712/3248/3501 3711/3245/3500
f 3710/3246/3499 3711/3245/3500 3714/3249/3503 3713/1634/3502
f 3711/3245/3500 3712/3248/3501 3715/1634/3504 3714/3249/3503
f 236/1409/236 1468/1410/1416 3707/3243/3496 1599/1436/1547
f 1468/1410/1416 1469/3228/1417 3708/3244/3497 3707/3243/3496
f 1469/3228/1417 1470/3227/1418 3709/3247/3498 3708/3244/3497
f 1470/3227/1418 250/1059/250 1420/1439/1368 3709/3247/3498
f 3709/3247/3498 1420/1439/1368 1421/1082/1369 3712/3248/3501
f 3712/3248/3501 1421/1082/1369 1422/1080/1370 3715/1634/3504
f 3715/1634/3504 1422/1080/1370 251/1637/251 1594/1638/1542
f 3714/3249/3503 3715/1634/3504 1594/1638/1542 1595/1638/1543
f 3713/1634/3502 3714/3249/3503 1595/1638/1543 1596/1638/1544
f 1597/1438/1545 3713/1634/3502 1596/1638/1544 238/1637/238
f 1598/1437/1546 3710/3246/3499 3713/1634/3502 1597/1438/1545
f 1599/1436/1547 3707/3243/3496 3710/3246/3499 1598/1437/1546
f 3716/3250/3505 3717/3251/3506 3720/3252/3509 3719/3253/3508
f 3717/3251/3506 3718/3254/3507 3721/3255/3510 3720/3252/3509
f 3719/3253/3508 3720/3252/3509 3723/3256/3512 3722/3257/3511
f 3720/3252/3509 3721/3255/3510 3724/3258/3513 3723/3256/3512
f 149/3259/149 1510/3260/1458 3716/3250/3505 1336/3261/1284
f 1510/3260/1458 1511/3262/1459 3717/3251/3506 3716/3250/3505
f 1511/3262/1459 1512/3263/1460 3718/3254/3507 3717/3251/3506
f 1512/3263/1460 224/3264/224 1515/3265/1463 3718/3254/3507
f 3718/3254/3507 1515/3265/1463 1514/3266/1462 3721/3255/3510
f 3721/3255/3510 1514/3266/1462 1513/3267/1461 3724/3258/3513
f 3724/3258/3513 1513/3267/1461 214/3268/214 1438/3269/1386
f 3723/3256/3512 3724/3258/3513 1438/3269/1386 1439/3270/1387
f 3722/3257/3511 3723/3256/3512 1439/3270/1387 1440/3271/1388
f 1338/3272/1286 3722/3257/3511 1440/3271/1388 151/3273/151
f 1337/3274/1285 3719/3253/3508 3722/3257/3511 1338/3272/1286
f 1336/3261/1284 3716/3250/3505 3719/3253/3508 1337/3274/1285
f 3725/3275/3514 3726/3276/3515 3729/3277/3518 3728/3278/3517
f 3726/3276/3515 3727/3279/3516 3730/3280/3519 3729/3277/3518
f 3728/3278/3517 3729/3277/3518 3732/3281/3521 3731/3282/3520
f 3729/3277/3518 3730/3280/3519 3733/3283/3522 3732/3281/3521
f 133/3284/133 1507/3285/1455 3725/3275/3514 1312/3286/1260
f 1507/3285/1455 1508/3287/1456 3726/3276/3515 3725/3275/3514
f 1508/3287/1456 1509/3288/1457 3727/3279/3516 3726/3276/3515
f 1509/3288/1457 223/903/223 1518/3289/1466 3727/3279/3516
f 3727/3279/3516 1518/3289/1466 1517/3290/1465 3730/3280/3519
f 3730/3280/3519 1517/3290/1465 1516/3291/1464 3733/3283/3522
f 3733/3283/3522 1516/3291/1464 212/327/212 1432/3292/1380
f 3732/3281/3521 3733/3283/3522 1432/3292/1380 1433/3293/1381
f 3731/3282/3520 3732/3281/3521 1433/3293/1381 1434/3294/1382
f 1314/3295/1262 3731/3282/3520 1434/3294/1382 135/3296/135
f 1313/2840/1261 3728/3278/3517 3731/3282/3520 1314/3295/1262
f 1312/3286/1260 3725/3275/3514 3728/3278/3517 1313/2840/1261
f 3734/3297/3523 3735/3298/3524 3738/3299/3527 3737/3300/3526
f 3735/3298/3524 3736/3301/3525 3739/3302/3528 3738/3299/3527
f 3737/3300/3526 3738/3299/3527 3741/3303/3530 3740/3304/3529
f 3738/3299/3527 3739/3302/3528 3742/3305/3531 3741/3303/3530
f 147/3306/147 1504/3307/1452 3734/3297/3523 1333/3308/1281
f 1504/3307/1452 1505/3309/1453 3735/3298/3524 3734/3297/3523
f 1505/3309/1453 1506/3310/1454 3736/3301/3525 3735/3298/3524
f 1506/3310/1454 222/1039/222 1521/3311/1469 3736/3301/3525
f 3736/3301/3525 1521/3311/1469 1520/3312/1468 3739/3302/3528
f 3739/3302/3528 1520/3312/1468 1519/3313/1467 3742/3305/3531
f 3742/3305/3531 1519/3313/1467 224/3314/224 1512/3315/1460
f 3741/3303/3530 3742/3305/3531 1512/3315/1460 1511/3316/1459
f 3740/3304/3529 3741/3303/3530 1511/3316/1459 1510/3317/1458
f 1335/3318/1283 3740/3304/3529 1510/3317/1458 149/3319/149
f 1334/3320/1282 3737/3300/3526 3740/3304/3529 1335/3318/1283
f 1333/3308/1281 3734/3297/3523 3737/3300/3526 1334/3320/1282
f 3743/3321/3532 3744/3322/3533 3747/3323/3536 3746/3324/3535
f 3744/3322/3533 3745/3325/3534 3748/3326/3537 3747/3323/3536
f 3746/3324/3535 3747/3323/3536 3750/3327/3539 3749/3328/3538
f 3747/3323/3536 3748/3326/3537 3751/3329/3540 3750/3327/3539
f 131/2802/131 1501/3330/1449 3743/3321/3532 1309/3331/1257
f 1501/3330/1449 1502/3332/1450 3744/3322/3533 3743/3321/3532
f 1502/3332/1450 1503/3333/1451 3745/3325/3534 3744/3322/3533
f 1503/3333/1451 221/883/221 1524/907/1472 3745/3325/3534
f 3745/3325/3534 1524/907/1472 1523/906/1471 3748/3326/3537
f 3748/3326/3537 1523/906/1471 1522/904/1470 3751/3329/3540
f 3751/3329/3540 1522/904/1470 223/903/223 1509/3288/1457
f 3750/3327/3539 3751/3329/3540 1509/3288/1457 1508/3287/1456
f 3749/3328/3538 3750/3327/3539 1508/3287/1456 1507/3285/1455
f 1311/2820/1259 3749/3328/3538 1507/3285/1455 133/3284/133
f 1310/3334/1258 3746/3324/3535 3749/3328/3538 1311/2820/1259
f 1309/3331/1257 3743/3321/3532 3746/3324/3535 1310/3334/1258
f 3752/3335/3541 3753/3336/3542 3756/3337/3545 3755/3338/3544
f 3753/3336/3542 3754/3339/3543 3757/3340/3546 3756/3337/3545
f 3755/3338/3544 3756/3337/3545 3759/3341/3548 3758/3342/3547
f 3756/3337/3545 3757/3340/3546 3760/3343/3549 3759/3341/3548
f 145/3344/145 1498/3345/1446 3752/3335/3541 1330/3346/1278
f 1498/3345/1446 1499/3347/1447 3753/3336/3542 3752/3335/3541
f 1499/3347/1447 1500/3348/1448 3754/3339/3543 3753/3336/3542
f 1500/3348/1448 220/1019/220 1527/1043/1475 3754/3339/3543
f 3754/3339/3543 1527/1043/1475 1526/1042/1474 3757/3340/3546
f 3757/3340/3546 1526/1042/1474 1525/1379/1473 3760/3343/3549
f 3760/3343/3549 1525/1379/1473 222/1039/222 1506/3310/1454
f 3759/3341/3548 3760/3343/3549 1506/3310/1454 1505/3309/1453
f 3758/3342/3547 3759/3341/3548 1505/3309/1453 1504/3307/1452
f 1332/3349/1280 3758/3342/3547 1504/3307/1452 147/3306/147
f 1331/2936/1279 3755/3338/3544 3758/3342/3547 1332/3349/1280
f 1330/3346/1278 3752/3335/3541 3755/3338/3544 1331/2936/1279
f 3761/3350/3550 3762/3351/3551 3765/3352/3554 3764/3353/3553
f 3762/3351/3551 3763/3354/3552 3766/3355/3555 3765/3352/3554
f 3764/3353/3553 3765/3352/3554 3768/3356/3557 3767/3357/3556
f 3765/3352/3554 3766/3355/3555 3769/3358/3558 3768/3356/3557
f 129/3359/129 1495/3360/1443 3761/3350/3550 1306/3361/1254
f 1495/3360/1443 1496/3362/1444 3762/3351/3551 3761/3350/3550
f 1496/3362/1444 1497/3363/1445 3763/3354/3552 3762/3351/3551
f 1497/3363/1445 219/858/219 1530/1518/1478 3763/3354/3552
f 3763/3354/3552 1530/1518/1478 1529/1520/1477 3766/3355/3555
f 3766/3355/3555 1529/1520/1477 1528/884/1476 3769/3358/3558
f 3769/3358/3558 1528/884/1476 221/883/221 1503/3333/1451
f 3768/3356/3557 3769/3358/3558 1503/3333/1451 1502/3332/1450
f 3767/3357/3556 3768/3356/3557 1502/3332/1450 1501/3330/1449
f 1308/3364/1256 3767/3357/3556 1501/3330/1449 131/2802/131
f 1307/3365/1255 3764/3353/3553 3767/3357/3556 1308/3364/1256
f 1306/3361/1254 3761/3350/3550 3764/3353/3553 1307/3365/1255
f 3770/3366/3559 3771/3367/3560 3774/3368/3563 3773/3369/3562
f 3771/3367/3560 3772/3370/3561 3775/3371/3564 3774/3368/3563
f 3773/3369/3562 3774/3368/3563 3777/3372/3566 3776/3373/3565
f 3774/3368/3563 3775/3371/3564 3778/3374/3567 3777/3372/3566
f 143/2898/143 1492/3375/1440 3770/3366/3559 1327/2919/1275
f 1492/3375/1440 1493/3376/1441 3771/3367/3560 3770/3366/3559
f 1493/3376/1441 1494/3377/1442 3772/3370/3561 3771/3367/3560
f 1494/3377/1442 218/999/218 1533/1347/1481 3772/3370/3561
f 3772/3370/3561 1533/1347/1481 1532/1022/1480 3775/3371/3564
f 3775/3371/3564 1532/1022/1480 1531/1346/1479 3778/3374/3567
f 3778/3374/3567 1531/1346/1479 220/1019/220 1500/3348/1448
f 3777/3372/3566 3778/3374/3567 1500/3348/1448 1499/3347/1447
f 3776/3373/3565 3777/3372/3566 1499/3347/1447 1498/3345/1446
f 1329/3378/1277 3776/3373/3565 1498/3345/1446 145/3344/145
f 1328/2920/1276 3773/3369/3562 3776/3373/3565 1329/3378/1277
f 1327/2919/1275 3770/3366/3559 3773/3369/3562 1328/2920/1276
f 3779/3379/3568 3780/3380/3569 3783/3381/3572 3782/3382/3571
f 3780/3380/3569 3781/3383/3570 3784/3384/3573 3783/3381/3572
f 3782/3382/3571 3783/3381/3572 3786/3385/3575 3785/3386/3574
f 3783/3381/3572 3784/3384/3573 3787/3387/3576 3786/3385/3575
f 127/2791/127 1486/3388/1434 3779/3379/3568 1303/3389/1251
f 1486/3388/1434 1487/3390/1435 3780/3380/3569 3779/3379/3568
f 1487/3390/1435 1488/3391/1436 3781/3383/3570 3780/3380/3569
f 1488/3391/1436 216/3127/216 1536/3155/1484 3781/3383/3570
f 3781/3383/3570 1536/3155/1484 1535/1324/1483 3784/3384/3573
f 3784/3384/3573 1535/1324/1483 1534/3392/1482 3787/3387/3576
f 3787/3387/3576 1534/3392/1482 219/858/219 1497/3363/1445
f 3786/3385/3575 3787/3387/3576 1497/3363/1445 1496/3362/1444
f 3785/3386/3574 3786/3385/3575 1496/3362/1444 1495/3360/1443
f 1305/3393/1253 3785/3386/3574 1495/3360/1443 129/3359/129
f 1304/3394/1252 3782/3382/3571 3785/3386/3574 1305/3393/1253
f 1303/3389/1251 3779/3379/3568 3782/3382/3571 1304/3394/1252
f 3788/3395/3577 3789/3396/3578 3792/3397/3581 3791/3398/3580
f 3789/3396/3578 3790/3399/3579 3793/3400/3582 3792/3397/3581
f 3791/3398/3580 3792/3397/3581 3795/3401/3584 3794/3402/3583
f 3792/3397/3581 3793/3400/3582 3796/3403/3585 3795/3401/3584
f 141/3404/141 1489/3405/1437 3788/3395/3577 1324/3406/1272
f 1489/3405/1437 1490/3407/1438 3789/3396/3578 3788/3395/3577
f 1490/3407/1438 1491/3408/1439 3790/3399/3579 3789/3396/3578
f 1491/3408/1439 217/3409/217 1539/3410/1487 3790/3399/3579
f 3790/3399/3579 1539/3410/1487 1538/3411/1486 3793/3400/3582
f 3793/3400/3582 1538/3411/1486 1537/3412/1485 3796/3403/3585
f 3796/3403/3585 1537/3412/1485 218/999/218 1494/3377/1442
f 3795/3401/3584 3796/3403/3585 1494/3377/1442 1493/3376/1441
f 3794/3402/3583 3795/3401/3584 1493/3376/1441 1492/3375/1440
f 1326/3413/1274 3794/3402/3583 1492/3375/1440 143/2898/143
f 1325/3414/1273 3791/3398/3580 3794/3402/3583 1326/3413/1274
f 1324/3406/1272 3788/3395/3577 3791/3398/3580 1325/3414/1273
f 3797/3415/3586 3798/3416/3587 3801/3417/3590 3800/3418/3589
f 3798/3416/3587 3799/3419/3588 3802/3420/3591 3801/3417/3590
f 3800/3418/3589 3801/3417/3590 3804/3421/3593 3803/3422/3592
f 3801/3417/3590 3802/3420/3591 3805/3423/3594 3804/3421/3593
f 139/3424/139 1483/3425/1431 3797/3415/3586 1321/2887/1269
f 1483/3425/1431 1484/3426/1432 3798/3416/3587 3797/3415/3586
f 1484/3426/1432 1485/3427/1433 3799/3419/3588 3798/3416/3587
f 1485/3427/1433 215/959/215 1542/3428/1490 3799/3419/3588
f 3799/3419/3588 1542/3428/1490 1541/3429/1489 3802/3420/3591
f 3802/3420/3591 1541/3429/1489 1540/3430/1488 3805/3423/3594
f 3805/3423/3594 1540/3430/1488 217/3409/217 1491/3408/1439
f 3804/3421/3593 3805/3423/3594 1491/3408/1439 1490/3407/1438
f 3803/3422/3592 3804/3421/3593 1490/3407/1438 1489/3405/1437
f 1323/3431/1271 3803/3422/3592 1489/3405/1437 141/3404/141
f 1322/2888/1270 3800/3418/3589 3803/3422/3592 1323/3431/1271
f 1321/2887/1269 3797/3415/3586 3800/3418/3589 1322/2888/1270
f 3806/3432/3595 3807/3433/3596 3810/3434/3599 3809/3435/3598
f 3807/3433/3596 3808/3436/3597 3811/3437/3600 3810/3434/3599
f 3809/3435/3598 3810/3434/3599 3813/3438/3602 3812/3439/3601
f 3810/3434/3599 3811/3437/3600 3814/3440/3603 3813/3438/3602
f 153/3441/153 1477/3442/1425 3806/3432/3595 1342/3443/1290
f 1477/3442/1425 1478/3444/1426 3807/3433/3596 3806/3432/3595
f 1478/3444/1426 1479/3445/1427 3808/3436/3597 3807/3433/3596
f 1479/3445/1427 213/3114/213 1545/3116/1493 3808/3436/3597
f 3808/3436/3597 1545/3116/1493 1544/1588/1492 3811/3437/3600
f 3811/3437/3600 1544/1588/1492 1543/1735/1491 3814/3440/3603
f 3814/3440/3603 1543/1735/1491 216/3127/216 1488/3446/1436
f 3813/3438/3602 3814/3440/3603 1488/3446/1436 1487/3447/1435
f 3812/3439/3601 3813/3438/3602 1487/3447/1435 1486/3448/1434
f 1344/3449/1292 3812/3439/3601 1486/3448/1434 127/3450/127
f 1343/3451/1291 3809/3435/3598 3812/3439/3601 1344/3449/1292
f 1342/3443/1290 3806/3432/3595 3809/3435/3598 1343/3451/1291
f 3815/3452/3604 3816/3453/3605 3819/3454/3608 3818/3455/3607
f 3816/3453/3605 3817/3456/3606 3820/3457/3609 3819/3454/3608
f 3818/3455/3607 3819/3454/3608 3822/3458/3611 3821/3459/3610
f 3819/3454/3608 3820/3457/3609 3823/3460/3612 3822/3458/3611
f 137/3461/137 1471/3462/1419 3815/3452/3604 1318/3463/1266
f 1471/3462/1419 1472/3464/1420 3816/3453/3605 3815/3452/3604
f 1472/3464/1420 1473/3465/1421 3817/3456/3606 3816/3453/3605
f 1473/3465/1421 211/942/211 1548/1258/1496 3817/3456/3606
f 3817/3456/3606 1548/1258/1496 1547/962/1495 3820/3457/3609
f 3820/3457/3609 1547/962/1495 1546/960/1494 3823/3460/3612
f 3823/3460/3612 1546/960/1494 215/959/215 1485/3427/1433
f 3822/3458/3611 3823/3460/3612 1485/3427/1433 1484/3426/1432
f 3821/3459/3610 3822/3458/3611 1484/3426/1432 1483/3425/1431
f 1320/3466/1268 3821/3459/3610 1483/3425/1431 139/3424/139
f 1319/3467/1267 3818/3455/3607 3821/3459/3610 1320/3466/1268
f 1318/3463/1266 3815/3452/3604 3818/3455/3607 1319/3467/1267
f 3824/3468/3613 3825/3469/3614 3828/3470/3617 3827/3471/3616
f 3825/3469/3614 3826/3472/3615 3829/3473/3618 3828/3470/3617
f 3827/3471/3616 3828/3470/3617 3831/3474/3620 3830/3475/3619
f 3828/3470/3617 3829/3473/3618 3832/3476/3621 3831/3474/3620
f 151/3273/151 1440/3271/1388 3824/3468/3613 1339/3477/1287
f 1440/3271/1388 1439/3270/1387 3825/3469/3614 3824/3468/3613
f 1439/3270/1387 1438/3269/1386 3826/3472/3615 3825/3469/3614
f 1438/3269/1386 214/3268/214 1551/3478/1499 3826/3472/3615
f 3826/3472/3615 1551/3478/1499 1550/3479/1498 3829/3473/3618
f 3829/3473/3618 1550/3479/1498 1549/3480/1497 3832/3476/3621
f 3832/3476/3621 1549/3480/1497 213/3114/213 1479/3445/1427
f 3831/3474/3620 3832/3476/3621 1479/3445/1427 1478/3444/1426
f 3830/3475/3619 3831/3474/3620 1478/3444/1426 1477/3442/1425
f 1341/3481/1289 3830/3475/3619 1477/3442/1425 153/3441/153
f 1340/3482/1288 3827/3471/3616 3830/3475/3619 1341/3481/1289
f 1339/3477/1287 3824/3468/3613 3827/3471/3616 1340/3482/1288
f 3833/3483/3622 3834/3484/3623 3837/3485/3626 3836/3486/3625
f 3834/3484/3623 3835/3487/3624 3838/3488/3627 3837/3485/3626
f 3836/3486/3625 3837/3485/3626 3840/3489/3629 3839/3490/3628
f 3837/3485/3626 3838/3488/3627 3841/3491/3630 3840/3489/3629
f 135/3296/135 1434/3294/1382 3833/3483/3622 1315/3492/1263
f 1434/3294/1382 1433/3293/1381 3834/3484/3623 3833/3483/3622
f 1433/3293/1381 1432/3292/1380 3835/3487/3624 3834/3484/3623
f 1432/3292/1380 212/327/212 1554/315/1502 3835/3487/3624
f 3835/3487/3624 1554/315/1502 1553/317/1501 3838/3488/3627
f 3838/3488/3627 1553/317/1501 1552/318/1500 3841/3491/3630
f 3841/3491/3630 1552/318/1500 211/942/211 1473/3465/1421
f 3840/3489/3629 3841/3491/3630 1473/3465/1421 1472/3464/1420
f 3839/3490/3628 3840/3489/3629 1472/3464/1420 1471/3462/1419
f 1317/3493/1265 3839/3490/3628 1471/3462/1419 137/3461/137
f 1316/3494/1264 3836/3486/3625 3839/3490/3628 1317/3493/1265
f 1315/3492/1263 3833/3483/3622 3836/3486/3625 1316/3494/1264
f 3842/3495/3631 3843/3496/3632 3846/3497/3635 3845/3498/3634
f 3843/3496/3632 3844/3499/3633 3847/3500/3636 3846/3497/3635
f 3845/3498/3634 3846/3497/3635 3849/3501/3638 3848/3502/3637
f 3846/3497/3635 3847/3500/3636 3850/3503/3639 3849/3501/3638
f 224/3314/224 1588/3504/1536 3842/3495/3631 1515/3505/1463
f 1588/3504/1536 1589/3506/1537 3843/3496/3632 3842/3495/3631
f 1589/3506/1537 1590/3507/1538 3844/3499/3633 3843/3496/3632
f 1590/3507/1538 236/1409/236 1599/1436/1547 3844/3499/3633
f 3844/3499/3633 1599/1436/1547 1598/1437/1546 3847/3500/3636
f 3847/3500/3636 1598/1437/1546 1597/1438/1545 3850/3503/3639
f 3850/3503/3639 1597/1438/1545 238/1079/238 1480/3508/1428
f 3849/3501/3638 3850/3503/3639 1480/3508/1428 1481/3509/1429
f 3848/3502/3637 3849/3501/3638 1481/3509/1429 1482/3510/1430
f 1513/3267/1461 3848/3502/3637 1482/3510/1430 214/3511/214
f 1514/3512/1462 3845/3498/3634 3848/3502/3637 1513/3267/1461
f 1515/3505/1463 3842/3495/3631 3845/3498/3634 1514/3512/1462
f 3851/1416/3640 3852/1422/3641 3855/1418/3644 3854/1417/3643
f 3852/1422/3641 3853/1416/3642 3856/1417/3645 3855/1418/3644
f 3854/1417/3643 3855/1418/3644 3858/3513/3647 3857/3514/3646
f 3855/1418/3644 3856/1417/3645 3859/1420/3648 3858/3513/3647
f 223/903/223 1585/1395/1533 3851/1416/3640 1518/3289/1466
f 1585/1395/1533 1586/1395/1534 3852/1422/3641 3851/1416/3640
f 1586/1395/1534 1587/1395/1535 3853/1416/3642 3852/1422/3641
f 1587/1395/1535 235/903/235 1602/3238/1550 3853/1416/3642
f 3853/1416/3642 1602/3238/1550 1601/1425/1549 3856/1417/3645
f 3856/1417/3645 1601/1425/1549 1600/3242/1548 3859/1420/3648
f 3859/1420/3648 1600/3242/1548 237/327/237 1474/316/1422
f 3858/3513/3647 3859/1420/3648 1474/316/1422 1475/316/1423
f 3857/3514/3646 3858/3513/3647 1475/316/1423 1476/316/1424
f 1516/3291/1464 3857/3514/3646 1476/316/1424 212/327/212
f 1517/3290/1465 3854/1417/3643 3857/3514/3646 1516/3291/1464
f 1518/3289/1466 3851/1416/3640 3854/1417/3643 1517/3290/1465
f 3860/3515/3649 3861/3516/3650 3864/3517/3653 3863/3518/3652
f 3861/3516/3650 3862/3519/3651 3865/3520/3654 3864/3517/3653
f 3863/3518/3652 3864/3517/3653 3867/3521/3656 3866/3522/3655
f 3864/3517/3653 3865/3520/3654 3868/3523/3657 3867/3521/3656
f 222/1039/222 1582/1381/1530 3860/3515/3649 1521/3311/1469
f 1582/1381/1530 1583/1381/1531 3861/3516/3650 3860/3515/3649
f 1583/1381/1531 1584/1381/1532 3862/3519/3651 3861/3516/3650
f 1584/1381/1532 234/1380/234 1605/1406/1553 3862/3519/3651
f 3862/3519/3651 1605/1406/1553 1604/1407/1552 3865/3520/3654
f 3865/3520/3654 1604/1407/1552 1603/1408/1551 3868/3523/3657
f 3868/3523/3657 1603/1408/1551 236/1409/236 1590/3507/1538
f 3867/3521/3656 3868/3523/3657 1590/3507/1538 1589/3506/1537
f 3866/3522/3655 3867/3521/3656 1589/3506/1537 1588/3504/1536
f 1519/3313/1467 3866/3522/3655 1588/3504/1536 224/3314/224
f 1520/3312/1468 3863/3518/3652 3866/3522/3655 1519/3313/1467
f 1521/3311/1469 3860/3515/3649 3863/3518/3652 1520/3312/1468
f 3869/3524/3658 3870/3525/3659 3873/3526/3662 3872/3527/3661
f 3870/3525/3659 3871/3528/3660 3874/3527/3663 3873/3526/3662
f 3872/3527/3661 3873/3526/3662 3876/3529/3665 3875/3530/3664
f 3873/3526/3662 3874/3527/3663 3877/3531/3666 3876/3529/3665
f 221/883/221 1579/3532/1527 3869/3524/3658 1524/907/1472
f 1579/3532/1527 1580/3533/1528 3870/3525/3659 3869/3524/3658
f 1580/3533/1528 1581/3534/1529 3871/3528/3660 3870/3525/3659
f 1581/3534/1529 233/1361/233 1608/907/1556 3871/3528/3660
f 3871/3528/3660 1608/907/1556 1607/906/1555 3874/3527/3663
f 3874/3527/3663 1607/906/1555 1606/904/1554 3877/3531/3666
f 3877/3531/3666 1606/904/1554 235/1394/235 1587/1395/1535
f 3876/3529/3665 3877/3531/3666 1587/1395/1535 1586/1395/1534
f 3875/3530/3664 3876/3529/3665 1586/1395/1534 1585/1395/1533
f 1522/904/1470 3875/3530/3664 1585/1395/1533 223/1394/223
f 1523/906/1471 3872/3527/3661 3875/3530/3664 1522/904/1470
f 1524/907/1472 3869/3524/3658 3872/3527/3661 1523/906/1471
f 3878/3535/3667 3879/3536/3668 3882/3537/3671 3881/3538/3670
f 3879/3536/3668 3880/3539/3669 3883/3540/3672 3882/3537/3671
f 3881/3538/3670 3882/3537/3671 3885/3541/3674 3884/3542/3673
f 3882/3537/3671 3883/3540/3672 3886/3543/3675 3885/3541/3674
f 220/1019/220 1576/3544/1524 3878/3535/3667 1527/1043/1475
f 1576/3544/1524 1577/3545/1525 3879/3536/3668 3878/3535/3667
f 1577/3545/1525 1578/3546/1526 3880/3539/3669 3879/3536/3668
f 1578/3546/1526 232/1343/232 1611/1043/1559 3880/3539/3669
f 3880/3539/3669 1611/1043/1559 1610/1378/1558 3883/3540/3672
f 3883/3540/3672 1610/1378/1558 1609/1379/1557 3886/3543/3675
f 3886/3543/3675 1609/1379/1557 234/1380/234 1584/1381/1532
f 3885/3541/3674 3886/3543/3675 1584/1381/1532 1583/1381/1531
f 3884/3542/3673 3885/3541/3674 1583/1381/1531 1582/1381/1530
f 1525/1379/1473 3884/3542/3673 1582/1381/1530 222/1415/222
f 1526/1042/1474 3881/3538/3670 3884/3542/3673 1525/1379/1473
f 1527/1043/1475 3878/3535/3667 3881/3538/3670 1526/1042/1474
f 3887/3547/3676 3888/3548/3677 3891/3549/3680 3890/3550/3679
f 3888/3548/3677 3889/3547/3678 3892/3550/3681 3891/3549/3680
f 3890/3550/3679 3891/3549/3680 3894/3551/3683 3893/3552/3682
f 3891/3549/3680 3892/3550/3681 3895/3553/3684 3894/3551/3683
f 219/1328/219 1573/1327/1521 3887/3547/3676 1530/1518/1478
f 1573/1327/1521 1574/1327/1522 3888/3548/3677 3887/3547/3676
f 1574/1327/1522 1575/1327/1523 3889/3547/3678 3888/3548/3677
f 1575/1327/1523 231/1357/231 1614/1358/1562 3889/3547/3678
f 3889/3547/3678 1614/1358/1562 1613/1359/1561 3892/3550/3681
f 3892/3550/3681 1613/1359/1561 1612/1360/1560 3895/3553/3684
f 3895/3553/3684 1612/1360/1560 233/1361/233 1581/3534/1529
f 3894/3551/3683 3895/3553/3684 1581/3534/1529 1580/3533/1528
f 3893/3552/3682 3894/3551/3683 1580/3533/1528 1579/3532/1527
f 1528/884/1476 3893/3552/3682 1579/3532/1527 221/883/221
f 1529/1520/1477 3890/3550/3679 3893/3552/3682 1528/884/1476
f 1530/1518/1478 3887/3547/3676 3890/3550/3679 1529/1520/1477
f 3896/3554/3685 3897/3555/3686 3900/3556/3689 3899/3557/3688
f 3897/3555/3686 3898/3558/3687 3901/3559/3690 3900/3556/3689
f 3899/3557/3688 3900/3556/3689 3903/3560/3692 3902/3561/3691
f 3900/3556/3689 3901/3559/3690 3904/3561/3693 3903/3560/3692
f 218/1715/218 1570/1699/1518 3896/3554/3685 1533/1347/1481
f 1570/1699/1518 1571/1699/1519 3897/3555/3686 3896/3554/3685
f 1571/1699/1519 1572/1699/1520 3898/3558/3687 3897/3555/3686
f 1572/1699/1520 230/1716/230 1617/1347/1565 3898/3558/3687
f 3898/3558/3687 1617/1347/1565 1616/1022/1564 3901/3559/3690
f 3901/3559/3690 1616/1022/1564 1615/1346/1563 3904/3561/3693
f 3904/3561/3693 1615/1346/1563 232/1343/232 1578/3546/1526
f 3903/3560/3692 3904/3561/3693 1578/3546/1526 1577/3545/1525
f 3902/3561/3691 3903/3560/3692 1577/3545/1525 1576/3544/1524
f 1531/1346/1479 3902/3561/3691 1576/3544/1524 220/1019/220
f 1532/1022/1480 3899/3557/3688 3902/3561/3691 1531/1346/1479
f 1533/1347/1481 3896/3554/3685 3899/3557/3688 1532/1022/1480
f 3905/3562/3694 3906/3563/3695 3909/3564/3698 3908/3565/3697
f 3906/3563/3695 3907/3562/3696 3910/3565/3699 3909/3564/3698
f 3908/3565/3697 3909/3564/3698 3912/3566/3701 3911/3567/3700
f 3909/3564/3698 3910/3565/3699 3913/3568/3702 3912/3566/3701
f 216/3127/216 1564/3127/1512 3905/3562/3694 1536/3155/1484
f 1564/3127/1512 1565/3127/1513 3906/3563/3695 3905/3562/3694
f 1565/3127/1513 1566/3569/1514 3907/3562/3696 3906/3563/3695
f 1566/3569/1514 228/3127/228 1620/3155/1568 3907/3562/3696
f 3907/3562/3696 1620/3155/1568 1619/1324/1567 3910/3565/3699
f 3910/3565/3699 1619/1324/1567 1618/3166/1566 3913/3568/3702
f 3913/3568/3702 1618/3166/1566 231/1326/231 1575/1327/1523
f 3912/3566/3701 3913/3568/3702 1575/1327/1523 1574/1327/1522
f 3911/3567/3700 3912/3566/3701 1574/1327/1522 1573/1327/1521
f 1534/3392/1482 3911/3567/3700 1573/1327/1521 219/858/219
f 1535/1324/1483 3908/3565/3697 3911/3567/3700 1534/3392/1482
f 1536/3155/1484 3905/3562/3694 3908/3565/3697 1535/1324/1483
f 3914/3570/3703 3915/3571/3704 3918/3572/3707 3917/3573/3706
f 3915/3571/3704 3916/3574/3705 3919/3575/3708 3918/3572/3707
f 3917/3573/3706 3918/3572/3707 3921/3576/3710 3920/3577/3709
f 3918/3572/3707 3919/3575/3708 3922/3578/3711 3921/3576/3710
f 217/3409/217 1567/3579/1515 3914/3570/3703 1539/3410/1487
f 1567/3579/1515 1568/3580/1516 3915/3571/3704 3914/3570/3703
f 1568/3580/1516 1569/3581/1517 3916/3574/3705 3915/3571/3704
f 1569/3581/1517 229/979/229 1623/1003/1571 3916/3574/3705
f 3916/3574/3705 1623/1003/1571 1622/1307/1570 3919/3575/3708
f 3919/3575/3708 1622/1307/1570 1621/1308/1569 3922/3578/3711
f 3922/3578/3711 1621/1308/1569 230/1716/230 1572/1699/1520
f 3921/3576/3710 3922/3578/3711 1572/1699/1520 1571/1699/1519
f 3920/3577/3709 3921/3576/3710 1571/1699/1519 1570/1699/1518
f 1537/3412/1485 3920/3577/3709 1570/1699/1518 218/999/218
f 1538/3411/1486 3917/3573/3706 3920/3577/3709 1537/3412/1485
f 1539/3410/1487 3914/3570/3703 3917/3573/3706 1538/3411/1486
f 3923/3582/3712 3924/3583/3713 3927/3584/3716 3926/3585/3715
f 3924/3583/3713 3925/3586/3714 3928/3587/3717 3927/3584/3716
f 3926/3585/3715 3927/3584/3716 3930/3588/3719 3929/3589/3718
f 3927/3584/3716 3928/3587/3717 3931/3590/3720 3930/3588/3719
f 215/959/215 1561/1260/1509 3923/3582/3712 1542/3428/1490
f 1561/1260/1509 1562/1260/1510 3924/3583/3713 3923/3582/3712
f 1562/1260/1510 1563/1260/1511 3925/3586/3714 3924/3583/3713
f 1563/1260/1511 227/959/227 1626/3137/1574 3925/3586/3714
f 3925/3586/3714 1626/3137/1574 1625/3142/1573 3928/3587/3717
f 3928/3587/3717 1625/3142/1573 1624/3141/1572 3931/3590/3720
f 3931/3590/3720 1624/3141/1572 229/979/229 1569/3581/1517
f 3930/3588/3719 3931/3590/3720 1569/3581/1517 1568/3580/1516
f 3929/3589/3718 3930/3588/3719 1568/3580/1516 1567/3579/1515
f 1540/3430/1488 3929/3589/3718 1567/3579/1515 217/3409/217
f 1541/3429/1489 3926/3585/3715 3929/3589/3718 1540/3430/1488
f 1542/3428/1490 3923/3582/3712 3926/3585/3715 1541/3429/1489
f 3932/1737/3721 3933/1729/3722 3936/3591/3725 3935/1730/3724
f 3933/1729/3722 3934/1737/3723 3937/1734/3726 3936/3591/3725
f 3935/1730/3724 3936/3591/3725 3939/1733/3728 3938/3592/3727
f 3936/3591/3725 3937/1734/3726 3940/1735/3729 3939/1733/3728
f 213/3114/213 1558/3593/1506 3932/1737/3721 1545/3116/1493
f 1558/3593/1506 1559/1736/1507 3933/1729/3722 3932/1737/3721
f 1559/1736/1507 1560/3594/1508 3934/1737/3723 3933/1729/3722
f 1560/3594/1508 226/3114/226 1629/3116/1577 3934/1737/3723
f 3934/1737/3723 1629/3116/1577 1628/1588/1576 3937/1734/3726
f 3937/1734/3726 1628/1588/1576 1627/1735/1575 3940/1735/3729
f 3940/1735/3729 1627/1735/1575 228/3127/228 1566/1276/1514
f 3939/1733/3728 3940/1735/3729 1566/1276/1514 1565/1709/1513
f 3938/3592/3727 3939/1733/3728 1565/1709/1513 1564/1740/1512
f 1543/1735/1491 3938/3592/3727 1564/1740/1512 216/3127/216
f 1544/1588/1492 3935/1730/3724 3938/3592/3727 1543/1735/1491
f 1545/3116/1493 3932/1737/3721 3935/1730/3724 1544/1588/1492
f 3941/3595/3730 3942/3596/3731 3945/3597/3734 3944/3598/3733
f 3942/3596/3731 3943/3599/3732 3946/3600/3735 3945/3597/3734
f 3944/3598/3733 3945/3597/3734 3948/3601/3737 3947/3602/3736
f 3945/3597/3734 3946/3600/3735 3949/3603/3738 3948/3601/3737
f 211/942/211 1555/3604/1503 3941/3595/3730 1548/1258/1496
f 1555/3604/1503 1556/3605/1504 3942/3596/3731 3941/3595/3730
f 1556/3605/1504 1557/3606/1505 3943/3599/3732 3942/3596/3731
f 1557/3606/1505 225/319/225 1632/1258/1580 3943/3599/3732
f 3943/3599/3732 1632/1258/1580 1631/962/1579 3946/3600/3735
f 3946/3600/3735 1631/962/1579 1630/1259/1578 3949/3603/3738
f 3949/3603/3738 1630/1259/1578 227/1260/227 1563/1260/1511
f 3948/3601/3737 3949/3603/3738 1563/1260/1511 1562/1260/1510
f 3947/3602/3736 3948/3601/3737 1562/1260/1510 1561/1260/1509
f 1546/960/1494 3947/3602/3736 1561/1260/1509 215/1260/215
f 1547/962/1495 3944/3598/3733 3947/3602/3736 1546/960/1494
f 1548/1258/1496 3941/3595/3730 3944/3598/3733 1547/962/1495
f 3950/3607/3739 3951/3608/3740 3954/3609/3743 3953/3610/3742
f 3951/3608/3740 3952/3611/3741 3955/3612/3744 3954/3609/3743
f 3953/3610/3742 3954/3609/3743 3957/3613/3746 3956/3614/3745
f 3954/3609/3743 3955/3612/3744 3958/3615/3747 3957/3613/3746
f 214/3511/214 1482/3510/1430 3950/3607/3739 1551/3616/1499
f 1482/3510/1430 1481/3509/1429 3951/3608/3740 3950/3607/3739
f 1481/3509/1429 1480/3508/1428 3952/3611/3741 3951/3608/3740
f 1480/3508/1428 238/1079/238 1635/1238/1583 3952/3611/3741
f 3952/3611/3741 1635/1238/1583 1634/3088/1582 3955/3612/3744
f 3955/3612/3744 1634/3088/1582 1633/3087/1581 3958/3615/3747
f 3958/3615/3747 1633/3087/1581 226/1242/226 1560/1736/1508
f 3957/3613/3746 3958/3615/3747 1560/1736/1508 1559/1242/1507
f 3956/3614/3745 3957/3613/3746 1559/1242/1507 1558/1736/1506
f 1549/3480/1497 3956/3614/3745 1558/1736/1506 213/1242/213
f 1550/3617/1498 3953/3610/3742 3956/3614/3745 1549/3480/1497
f 1551/3616/1499 3950/3607/3739 3953/3610/3742 1550/3617/1498
f 3959/3618/3748 3960/3619/3749 3963/3620/3752 3962/3621/3751
f 3960/3619/3749 3961/3618/3750 3964/3622/3753 3963/3620/3752
f 3962/3621/3751 3963/3620/3752 3966/3623/3755 3965/3624/3754
f 3963/3620/3752 3964/3622/3753 3967/3625/3756 3966/3623/3755
f 212/314/212 1476/316/1424 3959/3618/3748 1554/315/1502
f 1476/316/1424 1475/316/1423 3960/3619/3749 3959/3618/3748
f 1475/316/1423 1474/316/1422 3961/3618/3750 3960/3619/3749
f 1474/316/1422 237/314/237 1638/315/1586 3961/3618/3750
f 3961/3618/3750 1638/315/1586 1637/317/1585 3964/3622/3753
f 3964/3622/3753 1637/317/1585 1636/318/1584 3967/3625/3756
f 3967/3625/3756 1636/318/1584 225/319/225 1557/3606/1505
f 3966/3623/3755 3967/3625/3756 1557/3606/1505 1556/3605/1504
f 3965/3624/3754 3966/3623/3755 1556/3605/1504 1555/3604/1503
f 1552/318/1500 3965/3624/3754 1555/3604/1503 211/942/211
f 1553/317/1501 3962/3621/3751 3965/3624/3754 1552/318/1500
f 1554/315/1502 3959/3618/3748 3962/3621/3751 1553/317/1501
f 3968/3626/3757 3969/3627/3758 3972/3628/3761 3971/3629/3760
f 3969/3627/3758 3970/3630/3759 3973/3631/3762 3972/3628/3761
f 3971/3629/3760 3972/3628/3761 3975/3632/3764 3974/3633/3763
f 3972/3628/3761 3973/3631/3762 3976/3634/3765 3975/3632/3764
f 198/3067/198 1683/3635/1631 3968/3626/3757 1641/3636/1589
f 1683/3635/1631 1682/3637/1630 3969/3627/3758 3968/3626/3757
f 1682/3637/1630 1681/3638/1629 3970/3630/3759 3969/3627/3758
f 1681/3638/1629 240/3162/240 1389/3639/1337 3970/3630/3759
f 3970/3630/3759 1389/3639/1337 1388/3640/1336 3973/3631/3762
f 3973/3631/3762 1388/3640/1336 1387/3641/1335 3976/3634/3765
f 3976/3634/3765 1387/3641/1335 239/3158/239 1686/3642/1634
f 3975/3632/3764 3976/3634/3765 1686/3642/1634 1685/3643/1633
f 3974/3633/3763 3975/3632/3764 1685/3643/1633 1684/3644/1632
f 1639/3645/1587 3974/3633/3763 1684/3644/1632 197/1165/197
f 1640/3070/1588 3971/3629/3760 3974/3633/3763 1639/3645/1587
f 1641/3636/1589 3968/3626/3757 3971/3629/3760 1640/3070/1588
f 3977/3646/3766 3978/3647/3767 3981/3648/3770 3980/3649/3769
f 3978/3647/3767 3979/3650/3768 3982/3651/3771 3981/3648/3770
f 3980/3649/3769 3981/3648/3770 3984/3652/3773 3983/3653/3772
f 3981/3648/3770 3982/3651/3771 3985/3654/3774 3984/3652/3773
f 199/3063/199 1689/1798/1637 3977/3646/3766 1644/3655/1592
f 1689/1798/1637 1688/3656/1636 3978/3647/3767 3977/3646/3766
f 1688/3656/1636 1687/1803/1635 3979/3650/3768 3978/3647/3767
f 1687/1803/1635 241/1804/241 1392/3657/1340 3979/3650/3768
f 3979/3650/3768 1392/3657/1340 1391/3658/1339 3982/3651/3771
f 3982/3651/3771 1391/3658/1339 1390/3659/1338 3985/3654/3774
f 3985/3654/3774 1390/3659/1338 240/3162/240 1681/3638/1629
f 3984/3652/3773 3985/3654/3774 1681/3638/1629 1682/3637/1630
f 3983/3653/3772 3984/3652/3773 1682/3637/1630 1683/3635/1631
f 1642/3660/1590 3983/3653/3772 1683/3635/1631 198/3067/198
f 1643/3065/1591 3980/3649/3769 3983/3653/3772 1642/3660/1590
f 1644/3655/1592 3977/3646/3766 3980/3649/3769 1643/3065/1591
f 3986/3661/3775 3987/3662/3776 3990/3663/3779 3989/3664/3778
f 3987/3662/3776 3988/3665/3777 3991/3666/3780 3990/3663/3779
f 3989/3664/3778 3990/3663/3779 3993/3667/3782 3992/3668/3781
f 3990/3663/3779 3991/3666/3780 3994/3669/3783 3993/3667/3782
f 200/3059/200 1692/3670/1640 3986/3661/3775 1647/1815/1595
f 1692/3670/1640 1691/3671/1639 3987/3662/3776 3986/3661/3775
f 1691/3671/1639 1690/3672/1638 3988/3665/3777 3987/3662/3776
f 1690/3672/1638 242/3673/242 1395/3674/1343 3988/3665/3777
f 3988/3665/3777 1395/3674/1343 1394/3218/1342 3991/3666/3780
f 3991/3666/3780 1394/3218/1342 1393/3217/1341 3994/3669/3783
f 3994/3669/3783 1393/3217/1341 241/1804/241 1687/1803/1635
f 3993/3667/3782 3994/3669/3783 1687/1803/1635 1688/3656/1636
f 3992/3668/3781 3993/3667/3782 1688/3656/1636 1689/1798/1637
f 1645/3064/1593 3992/3668/3781 1689/1798/1637 199/3063/199
f 1646/1177/1594 3989/3664/3778 3992/3668/3781 1645/3064/1593
f 1647/1815/1595 3986/3661/3775 3989/3664/3778 1646/1177/1594
f 3995/3675/3784 3996/3676/3785 3999/3677/3788 3998/3678/3787
f 3996/3676/3785 3997/3679/3786 4000/3680/3789 3999/3677/3788
f 3998/3678/3787 3999/3677/3788 4002/3681/3791 4001/3682/3790
f 3999/3677/3788 4000/3680/3789 4003/3683/3792 4002/3681/3791
f 201/1183/201 1695/3684/1643 3995/3675/3784 1650/1185/1598
f 1695/3684/1643 1694/3685/1642 3996/3676/3785 3995/3675/3784
f 1694/3685/1642 1693/3686/1641 3997/3679/3786 3996/3676/3785
f 1693/3686/1641 243/3687/243 1398/3688/1346 3997/3679/3786
f 3997/3679/3786 1398/3688/1346 1397/3689/1345 4000/3680/3789
f 4000/3680/3789 1397/3689/1345 1396/3690/1344 4003/3683/3792
f 4003/3683/3792 1396/3690/1344 242/3673/242 1690/3672/1638
f 4002/3681/3791 4003/3683/3792 1690/3672/1638 1691/3671/1639
f 4001/3682/3790 4002/3681/3791 1691/3671/1639 1692/3670/1640
f 1648/3691/1596 4001/3682/3790 1692/3670/1640 200/3059/200
f 1649/1181/1597 3998/3678/3787 4001/3682/3790 1648/3691/1596
f 1650/1185/1598 3995/3675/3784 3998/3678/3787 1649/1181/1597
f 4004/3692/3793 4005/3693/3794 4008/3694/3797 4007/3695/3796
f 4005/3693/3794 4006/3696/3795 4009/3697/3798 4008/3694/3797
f 4007/3695/3796 4008/3694/3797 4011/3698/3800 4010/3699/3799
f 4008/3694/3797 4009/3697/3798 4012/3700/3801 4011/3698/3800
f 202/3054/202 1698/3701/1646 4004/3692/3793 1653/1189/1601
f 1698/3701/1646 1697/3702/1645 4005/3693/3794 4004/3692/3793
f 1697/3702/1645 1696/1854/1644 4006/3696/3795 4005/3693/3794
f 1696/1854/1644 244/3703/244 1401/3704/1349 4006/3696/3795
f 4006/3696/3795 1401/3704/1349 1400/3705/1348 4009/3697/3798
f 4009/3697/3798 1400/3705/1348 1399/3706/1347 4012/3700/3801
f 4012/3700/3801 1399/3706/1347 243/3687/243 1693/3686/1641
f 4011/3698/3800 4012/3700/3801 1693/3686/1641 1694/3685/1642
f 4010/3699/3799 4011/3698/3800 1694/3685/1642 1695/3684/1643
f 1651/3707/1599 4010/3699/3799 1695/3684/1643 201/1183/201
f 1652/1191/1600 4007/3695/3796 4010/3699/3799 1651/3707/1599
f 1653/1189/1601 4004/3692/3793 4007/3695/3796 1652/1191/1600
f 4013/3708/3802 4014/3709/3803 4017/3710/3806 4016/3711/3805
f 4014/3709/3803 4015/3712/3804 4018/3713/3807 4017/3710/3806
f 4016/3711/3805 4017/3710/3806 4020/3714/3809 4019/3715/3808
f 4017/3710/3806 4018/3713/3807 4021/3716/3810 4020/3714/3809
f 203/1192/203 1701/3717/1649 4013/3708/3802 1656/3052/1604
f 1701/3717/1649 1700/3718/1648 4014/3709/3803 4013/3708/3802
f 1700/3718/1648 1699/3719/1647 4015/3712/3804 4014/3709/3803
f 1699/3719/1647 245/3101/245 1404/3720/1352 4015/3712/3804
f 4015/3712/3804 1404/3720/1352 1403/3721/1351 4018/3713/3807
f 4018/3713/3807 1403/3721/1351 1402/3722/1350 4021/3716/3810
f 4021/3716/3810 1402/3722/1350 244/3703/244 1696/1854/1644
f 4020/3714/3809 4021/3716/3810 1696/1854/1644 1697/3702/1645
f 4019/3715/3808 4020/3714/3809 1697/3702/1645 1698/3701/1646
f 1654/3723/1602 4019/3715/3808 1698/3701/1646 202/3054/202
f 1655/3724/1603 4016/3711/3805 4019/3715/3808 1654/3723/1602
f 1656/3052/1604 4013/3708/3802 4016/3711/3805 1655/3724/1603
f 4022/3725/3811 4023/3726/3812 4026/3727/3815 4025/3728/3814
f 4023/3726/3812 4024/3729/3813 4027/3730/3816 4026/3727/3815
f 4025/3728/3814 4026/3727/3815 4029/3731/3818 4028/3732/3817
f 4026/3727/3815 4027/3730/3816 4030/3733/3819 4029/3731/3818
f 204/3049/204 1704/3734/1652 4022/3725/3811 1659/1199/1607
f 1704/3734/1652 1703/3735/1651 4023/3726/3812 4022/3725/3811
f 1703/3735/1651 1702/3736/1650 4024/3729/3813 4023/3726/3812
f 1702/3736/1650 246/979/246 1407/3140/1355 4024/3729/3813
f 4024/3729/3813 1407/3140/1355 1406/3737/1354 4027/3730/3816
f 4027/3730/3816 1406/3737/1354 1405/3738/1353 4030/3733/3819
f 4030/3733/3819 1405/3738/1353 245/3101/245 1699/3719/1647
f 4029/3731/3818 4030/3733/3819 1699/3719/1647 1700/3718/1648
f 4028/3732/3817 4029/3731/3818 1700/3718/1648 1701/3717/1649
f 1657/3739/1605 4028/3732/3817 1701/3717/1649 203/1192/203
f 1658/1201/1606 4025/3728/3814 4028/3732/3817 1657/3739/1605
f 1659/1199/1607 4022/3725/3811 4025/3728/3814 1658/1201/1606
f 4031/3740/3820 4032/3741/3821 4035/3742/3824 4034/3743/3823
f 4032/3741/3821 4033/3744/3822 4036/1894/3825 4035/3742/3824
f 4034/3743/3823 4035/3742/3824 4038/3745/3827 4037/3746/3826
f 4035/3742/3824 4036/1894/3825 4039/3747/3828 4038/3745/3827
f 205/3045/205 1707/3748/1655 4031/3740/3820 1662/3749/1610
f 1707/3748/1655 1706/3750/1654 4032/3741/3821 4031/3740/3820
f 1706/3750/1654 1705/3751/1653 4033/3744/3822 4032/3741/3821
f 1705/3751/1653 247/999/247 1410/1000/1358 4033/3744/3822
f 4033/3744/3822 1410/1000/1358 1409/1002/1357 4036/1894/3825
f 4036/1894/3825 1409/1002/1357 1408/1003/1356 4039/3747/3828
f 4039/3747/3828 1408/1003/1356 246/979/246 1702/3736/1650
f 4038/3745/3827 4039/3747/3828 1702/3736/1650 1703/3735/1651
f 4037/3746/3826 4038/3745/3827 1703/3735/1651 1704/3734/1652
f 1660/3752/1608 4037/3746/3826 1704/3734/1652 204/3049/204
f 1661/3048/1609 4034/3743/3823 4037/3746/3826 1660/3752/1608
f 1662/3749/1610 4031/3740/3820 4034/3743/3823 1661/3048/1609
f 4040/3753/3829 4041/3754/3830 4044/3755/3833 4043/3756/3832
f 4041/3754/3830 4042/3757/3831 4045/3758/3834 4044/3755/3833
f 4043/3756/3832 4044/3755/3833 4047/3759/3836 4046/3760/3835
f 4044/3755/3833 4045/3758/3834 4048/3761/3837 4047/3759/3836
f 206/3041/206 1710/3762/1658 4040/3753/3829 1665/3763/1613
f 1710/3762/1658 1709/3764/1657 4041/3754/3830 4040/3753/3829
f 1709/3764/1657 1708/3765/1656 4042/3757/3831 4041/3754/3830
f 1708/3765/1656 248/3766/248 1413/3767/1361 4042/3757/3831
f 4042/3757/3831 1413/3767/1361 1412/3177/1360 4045/3758/3834
f 4045/3758/3834 1412/3177/1360 1411/3768/1359 4048/3761/3837
f 4048/3761/3837 1411/3768/1359 247/999/247 1705/3751/1653
f 4047/3759/3836 4048/3761/3837 1705/3751/1653 1706/3750/1654
f 4046/3760/3835 4047/3759/3836 1706/3750/1654 1707/3748/1655
f 1663/1203/1611 4046/3760/3835 1707/3748/1655 205/3045/205
f 1664/3769/1612 4043/3756/3832 4046/3760/3835 1663/1203/1611
f 1665/3763/1613 4040/3753/3829 4043/3756/3832 1664/3769/1612
f 4049/3770/3838 4050/3771/3839 4053/3772/3842 4052/3773/3841
f 4050/3771/3839 4051/3774/3840 4054/3775/3843 4053/3772/3842
f 4052/3773/3841 4053/3772/3842 4056/3776/3845 4055/3777/3844
f 4053/3772/3842 4054/3775/3843 4057/3778/3846 4056/3776/3845
f 207/1211/207 1713/3779/1661 4049/3770/3838 1668/1925/1616
f 1713/3779/1661 1712/1931/1660 4050/3771/3839 4049/3770/3838
f 1712/1931/1660 1711/3780/1659 4051/3774/3840 4050/3771/3839
f 1711/3780/1659 249/1039/249 1416/3781/1364 4051/3774/3840
f 4051/3774/3840 1416/3781/1364 1415/3782/1363 4054/3775/3843
f 4054/3775/3843 1415/3782/1363 1414/3783/1362 4057/3778/3846
f 4057/3778/3846 1414/3783/1362 248/3766/248 1708/3765/1656
f 4056/3776/3845 4057/3778/3846 1708/3765/1656 1709/3764/1657
f 4055/3777/3844 4056/3776/3845 1709/3764/1657 1710/3762/1658
f 1666/3784/1614 4055/3777/3844 1710/3762/1658 206/3041/206
f 1667/1927/1615 4052/3773/3841 4055/3777/3844 1666/3784/1614
f 1668/1925/1616 4049/3770/3838 4052/3773/3841 1667/1927/1615
f 4058/3785/3847 4059/3786/3848 4062/3787/3851 4061/3788/3850
f 4059/3786/3848 4060/3789/3849 4063/1938/3852 4062/3787/3851
f 4061/3788/3850 4062/3787/3851 4065/3790/3854 4064/3791/3853
f 4062/3787/3851 4063/1938/3852 4066/3792/3855 4065/3790/3854
f 208/1215/208 1716/3793/1664 4058/3785/3847 1671/3037/1619
f 1716/3793/1664 1715/1945/1663 4059/3786/3848 4058/3785/3847
f 1715/1945/1663 1714/3794/1662 4060/3789/3849 4059/3786/3848
f 1714/3794/1662 250/1059/250 1419/1060/1367 4060/3789/3849
f 4060/3789/3849 1419/1060/1367 1418/1062/1366 4063/1938/3852
f 4063/1938/3852 1418/1062/1366 1417/1063/1365 4066/3792/3855
f 4066/3792/3855 1417/1063/1365 249/1039/249 1711/3780/1659
f 4065/3790/3854 4066/3792/3855 1711/3780/1659 1712/1931/1660
f 4064/3791/3853 4065/3790/3854 1712/1931/1660 1713/3779/1661
f 1669/1943/1617 4064/3791/3853 1713/3779/1661 207/1211/207
f 1670/3040/1618 4061/3788/3850 4064/3791/3853 1669/1943/1617
f 1671/3037/1619 4058/3785/3847 4061/3788/3850 1670/3040/1618
f 4067/3795/3856 4068/3796/3857 4071/3797/3860 4070/3798/3859
f 4068/3796/3857 4069/3799/3858 4072/3800/3861 4071/3797/3860
f 4070/3798/3859 4071/3797/3860 4074/1951/3863 4073/3801/3862
f 4071/3797/3860 4072/3800/3861 4075/1954/3864 4074/1951/3863
f 209/1220/209 1719/3802/1667 4067/3795/3856 1674/1222/1622
f 1719/3802/1667 1718/3803/1666 4068/3796/3857 4067/3795/3856
f 1718/3803/1666 1717/3804/1665 4069/3799/3858 4068/3796/3857
f 1717/3804/1665 251/1079/251 1422/1080/1370 4069/3799/3858
f 4069/3799/3858 1422/1080/1370 1421/1082/1369 4072/3800/3861
f 4072/3800/3861 1421/1082/1369 1420/1083/1368 4075/1954/3864
f 4075/1954/3864 1420/1083/1368 250/1059/250 1714/3794/1662
f 4074/1951/3863 4075/1954/3864 1714/3794/1662 1715/1945/1663
f 4073/3801/3862 4074/1951/3863 1715/1945/1663 1716/3793/1664
f 1672/3805/1620 4073/3801/3862 1716/3793/1664 208/1215/208
f 1673/3806/1621 4070/3798/3859 4073/3801/3862 1672/3805/1620
f 1674/1222/1622 4067/3795/3856 4070/3798/3859 1673/3806/1621
f 4076/3807/3865 4077/3808/3866 4080/3809/3869 4079/3810/3868
f 4077/3808/3866 4078/3811/3867 4081/3812/3870 4080/3809/3869
f 4079/3810/3868 4080/3809/3869 4083/3813/3872 4082/3814/3871
f 4080/3809/3869 4081/3812/3870 4084/3815/3873 4083/3813/3872
f 210/3032/210 1722/3816/1670 4076/3807/3865 1677/1227/1625
f 1722/3816/1670 1721/3817/1669 4077/3808/3866 4076/3807/3865
f 1721/3817/1669 1720/3818/1668 4078/3811/3867 4077/3808/3866
f 1720/3818/1668 252/3819/252 1425/3082/1373 4078/3811/3867
f 4078/3811/3867 1425/3082/1373 1424/3820/1372 4081/3812/3870
f 4081/3812/3870 1424/3820/1372 1423/3821/1371 4084/3815/3873
f 4084/3815/3873 1423/3821/1371 251/1079/251 1717/3804/1665
f 4083/3813/3872 4084/3815/3873 1717/3804/1665 1718/3803/1666
f 4082/3814/3871 4083/3813/3872 1718/3803/1666 1719/3802/1667
f 1675/1972/1623 4082/3814/3871 1719/3802/1667 209/1220/209
f 1676/1223/1624 4079/3810/3868 4082/3814/3871 1675/1972/1623
f 1677/1227/1625 4076/3807/3865 4079/3810/3868 1676/1223/1624
f 4085/3822/3874 4086/3823/3875 4089/3824/3878 4088/3825/3877
f 4086/3823/3875 4087/3826/3876 4090/3827/3879 4089/3824/3878
f 4088/3825/3877 4089/3824/3878 4092/3828/3881 4091/3829/3880
f 4089/3824/3878 4090/3827/3879 4093/3830/3882 4092/3828/3881
f 197/1165/197 1684/3644/1632 4085/3822/3874 1680/3029/1628
f 1684/3644/1632 1685/3643/1633 4086/3823/3875 4085/3822/3874
f 1685/3643/1633 1686/3642/1634 4087/3826/3876 4086/3823/3875
f 1686/3642/1634 239/3158/239 1428/3831/1376 4087/3826/3876
f 4087/3826/3876 1428/3831/1376 1427/3832/1375 4090/3827/3879
f 4090/3827/3879 1427/3832/1375 1426/3833/1374 4093/3830/3882
f 4093/3830/3882 1426/3833/1374 252/3819/252 1720/3818/1668
f 4092/3828/3881 4093/3830/3882 1720/3818/1668 1721/3817/1669
f 4091/3829/3880 4092/3828/3881 1721/3817/1669 1722/3816/1670
f 1678/1985/1626 4091/3829/3880 1722/3816/1670 210/3032/210
f 1679/1169/1627 4088/3825/3877 4091/3829/3880 1678/1985/1626
f 1680/3029/1628 4085/3822/3874 4088/3825/3877 1679/1169/1627
f 4094/3834/3883 4095/3835/3884 4098/3836/3887 4097/3837/3886
f 4095/3835/3884 4096/3838/3885 4099/3839/3888 4098/3836/3887
f 4097/3837/3886 4098/3836/3887 4101/3840/3890 4100/3841/3889
f 4098/3836/3887 4099/3839/3888 4102/3842/3891 4101/3840/3890
f 4/3843/4 298/559/298 4094/3834/3883 1726/3844/1674
f 298/559/298 299/3845/299 4095/3835/3884 4094/3834/3883
f 299/3845/299 300/3846/300 4096/3838/3885 4095/3835/3884
f 300/3846/300 2/556/2 1723/2559/1671 4096/3838/3885
f 4096/3838/3885 1723/2559/1671 1724/2559/1672 4099/3839/3888
f 4099/3839/3888 1724/2559/1672 1725/2559/1673 4102/3842/3891
f 4102/3842/3891 1725/2559/1673 128/2559/128 1014/2557/972
f 4101/3840/3890 4102/3842/3891 1014/2557/972 1013/2556/971
f 4100/3841/3889 4101/3840/3890 1013/2556/971 1012/2555/970
f 1728/3847/1676 4100/3841/3889 1012/2555/970 130/2029/130
f 1727/3848/1675 4097/3837/3886 4100/3841/3889 1728/3847/1676
f 1726/3844/1674 4094/3834/3883 4097/3837/3886 1727/3848/1675
f 4103/3849/3892 4104/3850/3893 4107/3851/3896 4106/3852/3895
f 4104/3850/3893 4105/3853/3894 4108/3854/3897 4107/3851/3896
f 4106/3852/3895 4107/3851/3896 4110/3855/3899 4109/3856/3898
f 4107/3851/3896 4108/3854/3897 4111/3857/3900 4110/3855/3899
f 6/3858/6 310/3859/310 4103/3849/3892 1729/3860/1677
f 310/3859/310 311/3861/311 4104/3850/3893 4103/3849/3892
f 311/3861/311 312/3862/312 4105/3853/3894 4104/3850/3893
f 312/3862/312 4/3843/4 1726/3844/1674 4105/3853/3894
f 4105/3853/3894 1726/3844/1674 1727/3848/1675 4108/3854/3897
f 4108/3854/3897 1727/3848/1675 1728/3847/1676 4111/3857/3900
f 4111/3857/3900 1728/3847/1676 130/2029/130 1026/2027/982
f 4110/3855/3899 4111/3857/3900 1026/2027/982 1025/2026/981
f 4109/3856/3898 4110/3855/3899 1025/2026/981 1024/2025/980
f 1731/3863/1679 4109/3856/3898 1024/2025/980 132/2024/132
f 1730/3864/1678 4106/3852/3895 4109/3856/3898 1731/3863/1679
f 1729/3860/1677 4103/3849/3892 4106/3852/3895 1730/3864/1678
f 4112/3865/3901 4113/3866/3902 4116/3867/3905 4115/3868/3904
f 4113/3866/3902 4114/3869/3903 4117/3870/3906 4116/3867/3905
f 4115/3868/3904 4116/3867/3905 4119/3871/3908 4118/3872/3907
f 4116/3867/3905 4117/3870/3906 4120/3873/3909 4119/3871/3908
f 8/64/8 319/3874/319 4112/3865/3901 1732/3875/1680
f 319/3874/319 320/62/320 4113/3866/3902 4112/3865/3901
f 320/62/320 321/3876/321 4114/3869/3903 4113/3866/3902
f 321/3876/321 6/3858/6 1729/3860/1677 4114/3869/3903
f 4114/3869/3903 1729/3860/1677 1730/3864/1678 4117/3870/3906
f 4117/3870/3906 1730/3864/1678 1731/3863/1679 4120/3873/3909
f 4120/3873/3909 1731/3863/1679 132/2024/132 1035/2050/990
f 4119/3871/3908 4120/3873/3909 1035/2050/990 1034/3877/989
f 4118/3872/3907 4119/3871/3908 1034/3877/989 1033/3878/988
f 1734/3879/1682 4118/3872/3907 1033/3878/988 134/2047/134
f 1733/3880/1681 4115/3868/3904 4118/3872/3907 1734/3879/1682
f 1732/3875/1680 4112/3865/3901 4115/3868/3904 1733/3880/1681
f 4121/3881/3910 4122/3882/3911 4125/3883/3914 4124/3884/3913
f 4122/3882/3911 4123/3885/3912 4126/3886/3915 4125/3883/3914
f 4124/3884/3913 4125/3883/3914 4128/3887/3917 4127/3888/3916
f 4125/3883/3914 4126/3886/3915 4129/3889/3918 4128/3887/3917
f 10/3890/10 328/3891/328 4121/3881/3910 1735/3892/1683
f 328/3891/328 329/3893/329 4122/3882/3911 4121/3881/3910
f 329/3893/329 330/3894/330 4123/3885/3912 4122/3882/3911
f 330/3894/330 8/64/8 1732/3875/1680 4123/3885/3912
f 4123/3885/3912 1732/3875/1680 1733/3880/1681 4126/3886/3915
f 4126/3886/3915 1733/3880/1681 1734/3879/1682 4129/3889/3918
f 4129/3889/3918 1734/3879/1682 134/2047/134 1044/3895/998
f 4128/3887/3917 4129/3889/3918 1044/3895/998 1043/3896/997
f 4127/3888/3916 4128/3887/3917 1043/3896/997 1042/2068/996
f 1737/3897/1685 4127/3888/3916 1042/2068/996 136/2067/136
f 1736/3898/1684 4124/3884/3913 4127/3888/3916 1737/3897/1685
f 1735/3892/1683 4121/3881/3910 4124/3884/3913 1736/3898/1684
f 4130/3899/3919 4131/3900/3920 4134/3901/3923 4133/3902/3922
f 4131/3900/3920 4132/3903/3921 4135/3904/3924 4134/3901/3923
f 4133/3902/3922 4134/3901/3923 4137/3905/3926 4136/3906/3925
f 4134/3901/3923 4135/3904/3924 4138/3907/3927 4137/3905/3926
f 12/3908/12 337/3909/337 4130/3899/3919 1738/3910/1686
f 337/3909/337 338/3911/338 4131/3900/3920 4130/3899/3919
f 338/3911/338 339/3912/339 4132/3903/3921 4131/3900/3920
f 339/3912/339 10/3890/10 1735/3892/1683 4132/3903/3921
f 4132/3903/3921 1735/3892/1683 1736/3898/1684 4135/3904/3924
f 4135/3904/3924 1736/3898/1684 1737/3897/1685 4138/3907/3927
f 4138/3907/3927 1737/3897/1685 136/2067/136 1053/2090/1006
f 4137/3905/3926 4138/3907/3927 1053/2090/1006 1052/2089/1005
f 4136/3906/3925 4137/3905/3926 1052/2089/1005 1051/2088/1004
f 1740/3913/1688 4136/3906/3925 1051/2088/1004 138/2087/138
f 1739/3914/1687 4133/3902/3922 4136/3906/3925 1740/3913/1688
f 1738/3910/1686 4130/3899/3919 4133/3902/3922 1739/3914/1687
f 4139/3915/3928 4140/3916/3929 4143/3917/3932 4142/3918/3931
f 4140/3916/3929 4141/3919/3930 4144/3920/3933 4143/3917/3932
f 4142/3918/3931 4143/3917/3932 4146/3921/3935 4145/3922/3934
f 4143/3917/3932 4144/3920/3933 4147/3923/3936 4146/3921/3935
f 14/3924/14 346/3925/346 4139/3915/3928 1741/3926/1689
f 346/3925/346 347/122/347 4140/3916/3929 4139/3915/3928
f 347/122/347 348/3927/348 4141/3919/3930 4140/3916/3929
f 348/3927/348 12/3908/12 1738/3910/1686 4141/3919/3930
f 4141/3919/3930 1738/3910/1686 1739/3914/1687 4144/3920/3933
f 4144/3920/3933 1739/3914/1687 1740/3913/1688 4147/3923/3936
f 4147/3923/3936 1740/3913/1688 138/2087/138 1062/3928/1014
f 4146/3921/3935 4147/3923/3936 1062/3928/1014 1061/2109/1013
f 4145/3922/3934 4146/3921/3935 1061/2109/1013 1060/2108/1012
f 1743/3929/1691 4145/3922/3934 1060/2108/1012 140/2107/140
f 1742/3930/1690 4142/3918/3931 4145/3922/3934 1743/3929/1691
f 1741/3926/1689 4139/3915/3928 4142/3918/3931 1742/3930/1690
f 4148/3931/3937 4149/3932/3938 4152/3933/3941 4151/3934/3940
f 4149/3932/3938 4150/3935/3939 4153/3936/3942 4152/3933/3941
f 4151/3934/3940 4152/3933/3941 4155/3937/3944 4154/3938/3943
f 4152/3933/3941 4153/3936/3942 4156/3939/3945 4155/3937/3944
f 16/3940/16 355/3941/355 4148/3931/3937 1744/3942/1692
f 355/3941/355 356/3943/356 4149/3932/3938 4148/3931/3937
f 356/3943/356 357/3944/357 4150/3935/3939 4149/3932/3938
f 357/3944/357 14/3924/14 1741/3926/1689 4150/3935/3939
f 4150/3935/3939 1741/3926/1689 1742/3930/1690 4153/3936/3942
f 4153/3936/3942 1742/3930/1690 1743/3929/1691 4156/3939/3945
f 4156/3939/3945 1743/3929/1691 140/2107/140 1071/2130/1022
f 4155/3937/3944 4156/3939/3945 1071/2130/1022 1070/2129/1021
f 4154/3938/3943 4155/3937/3944 1070/2129/1021 1069/2128/1020
f 1746/3945/1694 4154/3938/3943 1069/2128/1020 142/2127/142
f 1745/3946/1693 4151/3934/3940 4154/3938/3943 1746/3945/1694
f 1744/3942/1692 4148/3931/3937 4151/3934/3940 1745/3946/1693
f 4157/3947/3946 4158/3948/3947 4161/3949/3950 4160/3950/3949
f 4158/3948/3947 4159/3951/3948 4162/3952/3951 4161/3949/3950
f 4160/3950/3949 4161/3949/3950 4164/3953/3953 4163/3954/3952
f 4161/3949/3950 4162/3952/3951 4165/3955/3954 4164/3953/3953
f 18/3956/18 364/3957/364 4157/3947/3946 1747/3958/1695
f 364/3957/364 365/3959/365 4158/3948/3947 4157/3947/3946
f 365/3959/365 366/3960/366 4159/3951/3948 4158/3948/3947
f 366/3960/366 16/3940/16 1744/3942/1692 4159/3951/3948
f 4159/3951/3948 1744/3942/1692 1745/3946/1693 4162/3952/3951
f 4162/3952/3951 1745/3946/1693 1746/3945/1694 4165/3955/3954
f 4165/3955/3954 1746/3945/1694 142/2127/142 1080/3961/1030
f 4164/3953/3953 4165/3955/3954 1080/3961/1030 1079/2149/1029
f 4163/3954/3952 4164/3953/3953 1079/2149/1029 1078/2148/1028
f 1749/3962/1697 4163/3954/3952 1078/2148/1028 144/2147/144
f 1748/3963/1696 4160/3950/3949 4163/3954/3952 1749/3962/1697
f 1747/3958/1695 4157/3947/3946 4160/3950/3949 1748/3963/1696
f 4166/3964/3955 4167/3965/3956 4170/3966/3959 4169/3967/3958
f 4167/3965/3956 4168/3968/3957 4171/3969/3960 4170/3966/3959
f 4169/3967/3958 4170/3966/3959 4173/3970/3962 4172/3971/3961
f 4170/3966/3959 4171/3969/3960 4174/3972/3963 4173/3970/3962
f 20/3973/20 373/3974/373 4166/3964/3955 1750/3975/1698
f 373/3974/373 374/182/374 4167/3965/3956 4166/3964/3955
f 374/182/374 375/3976/375 4168/3968/3957 4167/3965/3956
f 375/3976/375 18/3956/18 1747/3958/1695 4168/3968/3957
f 4168/3968/3957 1747/3958/1695 1748/3963/1696 4171/3969/3960
f 4171/3969/3960 1748/3963/1696 1749/3962/1697 4174/3972/3963
f 4174/3972/3963 1749/3962/1697 144/2147/144 1089/2170/1039
f 4173/3970/3962 4174/3972/3963 1089/2170/1039 1088/2169/1038
f 4172/3971/3961 4173/3970/3962 1088/2169/1038 1087/3977/1037
f 1752/3978/1700 4172/3971/3961 1087/3977/1037 146/2167/146
f 1751/3979/1699 4169/3967/3958 4172/3971/3961 1752/3978/1700
f 1750/3975/1698 4166/3964/3955 4169/3967/3958 1751/3979/1699
f 4175/3980/3964 4176/3981/3965 4179/3982/3968 4178/3983/3967
f 4176/3981/3965 4177/3984/3966 4180/3985/3969 4179/3982/3968
f 4178/3983/3967 4179/3982/3968 4182/3986/3971 4181/3987/3970
f 4179/3982/3968 4180/3985/3969 4183/3988/3972 4182/3986/3971
f 22/3989/22 382/3990/382 4175/3980/3964 1753/3991/1701
f 382/3990/382 383/3992/383 4176/3981/3965 4175/3980/3964
f 383/3992/383 384/205/384 4177/3984/3966 4176/3981/3965
f 384/205/384 20/3973/20 1750/3975/1698 4177/3984/3966
f 4177/3984/3966 1750/3975/1698 1751/3979/1699 4180/3985/3969
f 4180/3985/3969 1751/3979/1699 1752/3978/1700 4183/3988/3972
f 4183/3988/3972 1752/3978/1700 146/2167/146 1098/3993/1048
f 4182/3986/3971 4183/3988/3972 1098/3993/1048 1097/2189/1047
f 4181/3987/3970 4182/3986/3971 1097/2189/1047 1096/3994/1046
f 1755/3995/1703 4181/3987/3970 1096/3994/1046 148/2187/148
f 1754/3996/1702 4178/3983/3967 4181/3987/3970 1755/3995/1703
f 1753/3991/1701 4175/3980/3964 4178/3983/3967 1754/3996/1702
f 4184/3997/3973 4185/3998/3974 4188/3999/3977 4187/4000/3976
f 4185/3998/3974 4186/4001/3975 4189/4002/3978 4188/3999/3977
f 4187/4000/3976 4188/3999/3977 4191/4003/3980 4190/4004/3979
f 4188/3999/3977 4189/4002/3978 4192/4005/3981 4191/4003/3980
f 24/4006/24 391/4007/391 4184/3997/3973 1756/4008/1704
f 391/4007/391 392/4009/392 4185/3998/3974 4184/3997/3973
f 392/4009/392 393/4010/393 4186/4001/3975 4185/3998/3974
f 393/4010/393 22/3989/22 1753/3991/1701 4186/4001/3975
f 4186/4001/3975 1753/3991/1701 1754/3996/1702 4189/4002/3978
f 4189/4002/3978 1754/3996/1702 1755/3995/1703 4192/4005/3981
f 4192/4005/3981 1755/3995/1703 148/2187/148 1107/2210/1057
f 4191/4003/3980 4192/4005/3981 1107/2210/1057 1106/2209/1056
f 4190/4004/3979 4191/4003/3980 1106/2209/1056 1105/2208/1055
f 1758/4011/1706 4190/4004/3979 1105/2208/1055 150/2207/150
f 1757/4012/1705 4187/4000/3976 4190/4004/3979 1758/4011/1706
f 1756/4008/1704 4184/3997/3973 4187/4000/3976 1757/4012/1705
f 4193/4013/3982 4194/4014/3983 4197/4015/3986 4196/4016/3985
f 4194/4014/3983 4195/4017/3984 4198/4018/3987 4197/4015/3986
f 4196/4016/3985 4197/4015/3986 4200/4019/3989 4199/4020/3988
f 4197/4015/3986 4198/4018/3987 4201/4021/3990 4200/4019/3989
f 26/4022/26 400/4023/400 4193/4013/3982 1759/4024/1707
f 400/4023/400 401/4025/401 4194/4014/3983 4193/4013/3982
f 401/4025/401 402/245/402 4195/4017/3984 4194/4014/3983
f 402/245/402 24/4006/24 1756/4008/1704 4195/4017/3984
f 4195/4017/3984 1756/4008/1704 1757/4012/1705 4198/4018/3987
f 4198/4018/3987 1757/4012/1705 1758/4011/1706 4201/4021/3990
f 4201/4021/3990 1758/4011/1706 150/2207/150 1116/2230/1066
f 4200/4019/3989 4201/4021/3990 1116/2230/1066 1115/2229/1065
f 4199/4020/3988 4200/4019/3989 1115/2229/1065 1114/2228/1064
f 1761/4026/1709 4199/4020/3988 1114/2228/1064 152/2227/152
f 1760/4027/1708 4196/4016/3985 4199/4020/3988 1761/4026/1709
f 1759/4024/1707 4193/4013/3982 4196/4016/3985 1760/4027/1708
f 4202/4028/3991 4203/4029/3992 4206/4030/3995 4205/4031/3994
f 4203/4029/3992 4204/4032/3993 4207/4033/3996 4206/4030/3995
f 4205/4031/3994 4206/4030/3995 4209/4034/3998 4208/4035/3997
f 4206/4030/3995 4207/4033/3996 4210/4036/3999 4209/4034/3998
f 28/529/28 409/4037/409 4202/4028/3991 1762/4038/1710
f 409/4037/409 410/4039/410 4203/4029/3992 4202/4028/3991
f 410/4039/410 411/4040/411 4204/4032/3993 4203/4029/3992
f 411/4040/411 26/4022/26 1759/4024/1707 4204/4032/3993
f 4204/4032/3993 1759/4024/1707 1760/4027/1708 4207/4033/3996
f 4207/4033/3996 1760/4027/1708 1761/4026/1709 4210/4036/3999
f 4210/4036/3999 1761/4026/1709 152/2227/152 1125/4041/1074
f 4209/4034/3998 4210/4036/3999 1125/4041/1074 1124/2249/1073
f 4208/4035/3997 4209/4034/3998 1124/2249/1073 1123/4042/1072
f 1764/4043/1712 4208/4035/3997 1123/4042/1072 154/2247/154
f 1763/4044/1711 4205/4031/3994 4208/4035/3997 1764/4043/1712
f 1762/4038/1710 4202/4028/3991 4205/4031/3994 1763/4044/1711
f 4211/4045/4000 4212/4046/4001 4215/4047/4004 4214/4048/4003
f 4212/4046/4001 4213/4049/4002 4216/4050/4005 4215/4047/4004
f 4214/4048/4003 4215/4047/4004 4218/4051/4007 4217/4052/4006
f 4215/4047/4004 4216/4050/4005 4219/4053/4008 4218/4051/4007
f 2/534/2 418/4054/418 4211/4045/4000 1723/2543/1671
f 418/4054/418 419/532/419 4212/4046/4001 4211/4045/4000
f 419/532/419 420/530/420 4213/4049/4002 4212/4046/4001
f 420/530/420 28/529/28 1762/4038/1710 4213/4049/4002
f 4213/4049/4002 1762/4038/1710 1763/4044/1711 4216/4050/4005
f 4216/4050/4005 1763/4044/1711 1764/4043/1712 4219/4053/4008
f 4219/4053/4008 1764/4043/1712 154/2247/154 1134/2533/1083
f 4218/4051/4007 4219/4053/4008 1134/2533/1083 1133/2544/1082
f 4217/4052/4006 4218/4051/4007 1133/2544/1082 1132/2542/1081
f 1725/2543/1673 4217/4052/4006 1132/2542/1081 128/2543/128
f 1724/2543/1672 4214/4048/4003 4217/4052/4006 1725/2543/1673
f 1723/2543/1671 4211/4045/4000 4214/4048/4003 1724/2543/1672
f 4220/4055/4009 4221/4056/4010 4224/4057/4013 4223/4058/4012
f 4221/4056/4010 4222/4059/4011 4225/4060/4014 4224/4057/4013
f 4223/4058/4012 4224/4057/4013 4227/4061/4016 4226/4062/4015
f 4224/4057/4013 4225/4060/4014 4228/4063/4017 4227/4061/4016
f 256/4064/256 1771/806/1719 4220/4055/4009 1830/4065/1778
f 1771/806/1719 1772/805/1720 4221/4056/4010 4220/4055/4009
f 1772/805/1720 1773/804/1721 4222/4059/4011 4221/4056/4010
f 1773/804/1721 254/802/254 1825/803/1773 4222/4059/4011
f 4222/4059/4011 1825/803/1773 1826/803/1774 4225/4060/4014
f 4225/4060/4014 1826/803/1774 1827/803/1775 4228/4063/4017
f 4228/4063/4017 1827/803/1775 262/819/262 1821/4066/1769
f 4227/4061/4016 4228/4063/4017 1821/4066/1769 1820/4067/1768
f 4226/4062/4015 4227/4061/4016 1820/4067/1768 1819/4068/1767
f 1828/4069/1776 4226/4062/4015 1819/4068/1767 264/4070/264
f 1829/4071/1777 4223/4058/4012 4226/4062/4015 1828/4069/1776
f 1830/4065/1778 4220/4055/4009 4223/4058/4012 1829/4071/1777
f 4229/1066/4018 4230/1065/4019 4233/1065/4022 4232/1066/4021
f 4230/1065/4019 4231/1064/4020 4234/4072/4023 4233/1065/4022
f 4232/1066/4021 4233/1065/4022 4236/1065/4025 4235/1066/4024
f 4233/1065/4022 4234/4072/4023 4237/4072/4026 4236/1065/4025
f 257/1068/257 1809/1066/1757 4229/1066/4018 1777/4073/1725
f 1809/1066/1757 1808/1065/1756 4230/1065/4019 4229/1066/4018
f 1808/1065/1756 1807/4074/1755 4231/1064/4020 4230/1065/4019
f 1807/4074/1755 259/1048/259 1783/4075/1731 4231/1064/4020
f 4231/1064/4020 1783/4075/1731 1784/4075/1732 4234/4072/4023
f 4234/4072/4023 1784/4075/1732 1785/4075/1733 4237/4072/4026
f 4237/4072/4026 1785/4075/1733 253/1048/253 1765/4072/1713
f 4236/1065/4025 4237/4072/4026 1765/4072/1713 1766/1065/1714
f 4235/1066/4024 4236/1065/4025 1766/1065/1714 1767/1066/1715
f 1779/4073/1727 4235/1066/4024 1767/1066/1715 254/1068/254
f 1778/4073/1726 4232/1066/4021 4235/1066/4024 1779/4073/1727
f 1777/4073/1725 4229/1066/4018 4232/1066/4021 1778/4073/1726
f 4238/4076/4027 4239/4077/4028 4242/4078/4031 4241/4079/4030
f 4239/4077/4028 4240/4080/4029 4243/4081/4032 4242/4078/4031
f 4241/4079/4030 4242/4078/4031 4245/4082/4034 4244/4083/4033
f 4242/4078/4031 4243/4081/4032 4246/4084/4035 4245/4082/4034
f 260/4085/260 1806/4086/1754 4238/4076/4027 1800/4087/1748
f 1806/4086/1754 1805/4088/1753 4239/4077/4028 4238/4076/4027
f 1805/4088/1753 1804/4089/1752 4240/4080/4029 4239/4077/4028
f 1804/4089/1752 258/797/258 1794/799/1742 4240/4080/4029
f 4240/4080/4029 1794/799/1742 1793/809/1741 4243/4081/4032
f 4243/4081/4032 1793/809/1741 1792/807/1740 4246/4084/4035
f 4246/4084/4035 1792/807/1740 256/4064/256 1776/4090/1724
f 4245/4082/4034 4246/4084/4035 1776/4090/1724 1775/4091/1723
f 4244/4083/4033 4245/4082/4034 1775/4091/1723 1774/4092/1722
f 1798/4093/1746 4244/4083/4033 1774/4092/1722 255/4094/255
f 1799/4095/1747 4241/4079/4030 4244/4083/4033 1798/4093/1746
f 1800/4087/1748 4238/4076/4027 4241/4079/4030 1799/4095/1747
f 4247/4096/4036 4248/4097/4037 4251/4098/4040 4250/4099/4039
f 4248/4097/4037 4249/4100/4038 4252/4101/4041 4251/4098/4040
f 4250/4099/4039 4251/4098/4040 4254/4102/4043 4253/4103/4042
f 4251/4098/4040 4252/4101/4041 4255/4104/4044 4254/4102/4043
f 259/786/259 1803/784/1751 4247/4096/4036 1783/786/1731
f 1803/784/1751 1802/783/1750 4248/4097/4037 4247/4096/4036
f 1802/783/1750 1801/4105/1749 4249/4100/4038 4248/4097/4037
f 1801/4105/1749 260/4085/260 1800/4087/1748 4249/4100/4038
f 4249/4100/4038 1800/4087/1748 1799/4095/1747 4252/4101/4041
f 4252/4101/4041 1799/4095/1747 1798/4093/1746 4255/4104/4044
f 4255/4104/4044 1798/4093/1746 255/4094/255 1768/4106/1716
f 4254/4102/4043 4255/4104/4044 1768/4106/1716 1769/4107/1717
f 4253/4103/4042 4254/4102/4043 1769/4107/1717 1770/4108/1718
f 1785/786/1733 4253/4103/4042 1770/4108/1718 253/2717/253
f 1784/786/1732 4250/4099/4039 4253/4103/4042 1785/786/1733
f 1783/786/1731 4247/4096/4036 4250/4099/4039 1784/786/1732
f 4256/4109/4045 4257/4110/4046 4260/4111/4049 4259/4112/4048
f 4257/4110/4046 4258/4113/4047 4261/4114/4050 4260/4111/4049
f 4259/4112/4048 4260/4111/4049 4263/4115/4052 4262/4109/4051
f 4260/4111/4049 4261/4114/4050 4264/4113/4053 4263/4115/4052
f 67/786/67 537/784/537 4256/4109/4045 1795/786/1743
f 537/784/537 536/783/536 4257/4110/4046 4256/4109/4045
f 536/783/536 535/782/535 4258/4113/4047 4257/4110/4046
f 535/782/535 46/781/46 1788/4116/1736 4258/4113/4047
f 4258/4113/4047 1788/4116/1736 1787/4117/1735 4261/4114/4050
f 4261/4114/4050 1787/4117/1735 1786/4118/1734 4264/4113/4053
f 4264/4113/4053 1786/4118/1734 260/4085/260 1801/4105/1749
f 4263/4115/4052 4264/4113/4053 1801/4105/1749 1802/783/1750
f 4262/4109/4051 4263/4115/4052 1802/783/1750 1803/784/1751
f 1797/786/1745 4262/4109/4051 1803/784/1751 259/786/259
f 1796/786/1744 4259/4112/4048 4262/4109/4051 1797/786/1745
f 1795/786/1743 4256/4109/4045 4259/4112/4048 1796/786/1744
f 4265/4119/4054 4266/4120/4055 4269/4121/4058 4268/4122/4057
f 4266/4120/4055 4267/4123/4056 4270/4124/4059 4269/4121/4058
f 4268/4122/4057 4269/4121/4058 4272/4125/4061 4271/4126/4060
f 4269/4121/4058 4270/4124/4059 4273/4127/4062 4272/4125/4061
f 46/781/46 580/4128/580 4265/4119/4054 1788/4116/1736
f 580/4128/580 581/4129/581 4266/4120/4055 4265/4119/4054
f 581/4129/581 582/4089/582 4267/4123/4056 4266/4120/4055
f 582/4089/582 45/797/45 1782/797/1730 4267/4123/4056
f 4267/4123/4056 1782/797/1730 1781/797/1729 4270/4124/4059
f 4270/4124/4059 1781/797/1729 1780/797/1728 4273/4127/4062
f 4273/4127/4062 1780/797/1728 258/797/258 1804/4089/1752
f 4272/4125/4061 4273/4127/4062 1804/4089/1752 1805/4088/1753
f 4271/4126/4060 4272/4125/4061 1805/4088/1753 1806/4086/1754
f 1786/4118/1734 4271/4126/4060 1806/4086/1754 260/4085/260
f 1787/4117/1735 4268/4122/4057 4271/4126/4060 1786/4118/1734
f 1788/4116/1736 4265/4119/4054 4268/4122/4057 1787/4117/1735
f 4274/1066/4063 4275/1065/4064 4278/1065/4067 4277/1066/4066
f 4275/1065/4064 4276/1064/4065 4279/4072/4068 4278/1065/4067
f 4277/1066/4066 4278/1065/4067 4281/1065/4070 4280/1066/4069
f 4278/1065/4067 4279/4072/4068 4282/1064/4071 4281/1065/4070
f 68/4130/68 390/1066/390 4274/1066/4063 1789/4073/1737
f 390/1066/390 389/1065/389 4275/1065/4064 4274/1066/4063
f 389/1065/389 388/1064/388 4276/1064/4065 4275/1065/4064
f 388/1064/388 67/4131/67 1795/4075/1743 4276/1064/4065
f 4276/1064/4065 1795/4075/1743 1796/4075/1744 4279/4072/4068
f 4279/4072/4068 1796/4075/1744 1797/4075/1745 4282/1064/4071
f 4282/1064/4071 1797/4075/1745 259/1048/259 1807/4074/1755
f 4281/1065/4070 4282/1064/4071 1807/4074/1755 1808/1065/1756
f 4280/1066/4069 4281/1065/4070 1808/1065/1756 1809/1066/1757
f 1791/4073/1739 4280/1066/4069 1809/1066/1757 257/1068/257
f 1790/4073/1738 4277/1066/4066 4280/1066/4069 1791/4073/1739
f 1789/4073/1737 4274/1066/4063 4277/1066/4066 1790/4073/1738
f 4283/4132/4072 4284/4133/4073 4287/4134/4076 4286/4135/4075
f 4284/4133/4073 4285/4136/4074 4288/4137/4077 4287/4134/4076
f 4286/4135/4075 4287/4134/4076 4290/4138/4079 4289/4139/4078
f 4287/4134/4076 4288/4137/4077 4291/4140/4080 4290/4138/4079
f 45/824/45 538/4141/538 4283/4132/4072 1782/797/1730
f 538/4141/538 539/822/539 4284/4133/4073 4283/4132/4072
f 539/822/539 540/820/540 4285/4136/4074 4284/4133/4073
f 540/820/540 68/819/68 1789/803/1737 4285/4136/4074
f 4285/4136/4074 1789/803/1737 1790/803/1738 4288/4137/4077
f 4288/4137/4077 1790/803/1738 1791/803/1739 4291/4140/4080
f 4291/4140/4080 1791/803/1739 257/802/257 1810/801/1758
f 4290/4138/4079 4291/4140/4080 1810/801/1758 1811/800/1759
f 4289/4139/4078 4290/4138/4079 1811/800/1759 1812/798/1760
f 1780/797/1728 4289/4139/4078 1812/798/1760 258/797/258
f 1781/797/1729 4286/4135/4075 4289/4139/4078 1780/797/1728
f 1782/797/1730 4283/4132/4072 4286/4135/4075 1781/797/1729
f 4292/1066/4081 4293/1065/4082 4296/1065/4085 4295/1066/4084
f 4293/1065/4082 4294/1064/4083 4297/4072/4086 4296/1065/4085
f 4295/1066/4084 4296/1065/4085 4299/1065/4088 4298/1066/4087
f 4296/1065/4085 4297/4072/4086 4300/4072/4089 4299/1065/4088
f 262/1068/262 1815/1066/1763 4292/1066/4081 1854/4073/1802
f 1815/1066/1763 1814/1065/1762 4293/1065/4082 4292/1066/4081
f 1814/1065/1762 1813/4074/1761 4294/1064/4083 4293/1065/4082
f 1813/4074/1761 261/1048/261 1849/4075/1797 4294/1064/4083
f 4294/1064/4083 1849/4075/1797 1850/4075/1798 4297/4072/4086
f 4297/4072/4086 1850/4075/1798 1851/4075/1799 4300/4072/4089
f 4300/4072/4089 1851/4075/1799 265/1048/265 1837/4072/1785
f 4299/1065/4088 4300/4072/4089 1837/4072/1785 1838/1065/1786
f 4298/1066/4087 4299/1065/4088 1838/1065/1786 1839/1066/1787
f 1852/4073/1800 4298/1066/4087 1839/1066/1787 266/1068/266
f 1853/4073/1801 4295/1066/4084 4298/1066/4087 1852/4073/1800
f 1854/4073/1802 4292/1066/4081 4295/1066/4084 1853/4073/1801
f 4301/1066/4090 4302/1065/4091 4305/1065/4094 4304/1066/4093
f 4302/1065/4091 4303/1064/4092 4306/4072/4095 4305/1065/4094
f 4304/1066/4093 4305/1065/4094 4308/1065/4097 4307/1066/4096
f 4305/1065/4094 4306/4072/4095 4309/4072/4098 4308/1065/4097
f 254/1068/254 1767/1066/1715 4301/1066/4090 1825/4073/1773
f 1767/1066/1715 1766/1065/1714 4302/1065/4091 4301/1066/4090
f 1766/1065/1714 1765/4072/1713 4303/1064/4092 4302/1065/4091
f 1765/4072/1713 253/1048/253 1831/4075/1779 4303/1064/4092
f 4303/1064/4092 1831/4075/1779 1832/4075/1780 4306/4072/4095
f 4306/4072/4095 1832/4075/1780 1833/4075/1781 4309/4072/4098
f 4309/4072/4098 1833/4075/1781 261/1048/261 1813/4074/1761
f 4308/1065/4097 4309/4072/4098 1813/4074/1761 1814/1065/1762
f 4307/1066/4096 4308/1065/4097 1814/1065/1762 1815/1066/1763
f 1827/4073/1775 4307/1066/4096 1815/1066/1763 262/1068/262
f 1826/4073/1774 4304/1066/4093 4307/1066/4096 1827/4073/1775
f 1825/4073/1773 4301/1066/4090 4304/1066/4093 1826/4073/1774
f 4310/4142/4099 4311/4143/4100 4314/4144/4103 4313/4145/4102
f 4311/4143/4100 4312/4146/4101 4315/4147/4104 4314/4144/4103
f 4313/4145/4102 4314/4144/4103 4317/4148/4106 4316/4149/4105
f 4314/4144/4103 4315/4147/4104 4318/4150/4107 4317/4148/4106
f 255/4094/255 1774/4092/1722 4310/4142/4099 1836/4151/1784
f 1774/4092/1722 1775/4091/1723 4311/4143/4100 4310/4142/4099
f 1775/4091/1723 1776/4090/1724 4312/4146/4101 4311/4143/4100
f 1776/4090/1724 256/4064/256 1830/4065/1778 4312/4146/4101
f 4312/4146/4101 1830/4065/1778 1829/4071/1777 4315/4147/4104
f 4315/4147/4104 1829/4071/1777 1828/4069/1776 4318/4150/4107
f 4318/4150/4107 1828/4069/1776 264/4070/264 1824/4152/1772
f 4317/4148/4106 4318/4150/4107 1824/4152/1772 1823/4153/1771
f 4316/4149/4105 4317/4148/4106 1823/4153/1771 1822/4154/1770
f 1834/4155/1782 4316/4149/4105 1822/4154/1770 263/4156/263
f 1835/4157/1783 4313/4145/4102 4316/4149/4105 1834/4155/1782
f 1836/4151/1784 4310/4142/4099 4313/4145/4102 1835/4157/1783
f 4319/4158/4108 4320/4159/4109 4323/4160/4112 4322/4161/4111
f 4320/4159/4109 4321/4162/4110 4324/4163/4113 4323/4160/4112
f 4322/4161/4111 4323/4160/4112 4326/4164/4115 4325/4165/4114
f 4323/4160/4112 4324/4163/4113 4327/4166/4116 4326/4164/4115
f 253/2717/253 1770/4108/1718 4319/4158/4108 1831/786/1779
f 1770/4108/1718 1769/4107/1717 4320/4159/4109 4319/4158/4108
f 1769/4107/1717 1768/4106/1716 4321/4162/4110 4320/4159/4109
f 1768/4106/1716 255/4094/255 1836/4151/1784 4321/4162/4110
f 4321/4162/4110 1836/4151/1784 1835/4157/1783 4324/4163/4113
f 4324/4163/4113 1835/4157/1783 1834/4155/1782 4327/4166/4116
f 4327/4166/4116 1834/4155/1782 263/4156/263 1816/4167/1764
f 4326/4164/4115 4327/4166/4116 1816/4167/1764 1817/4168/1765
f 4325/4165/4114 4326/4164/4115 1817/4168/1765 1818/4169/1766
f 1833/786/1781 4325/4165/4114 1818/4169/1766 261/2717/261
f 1832/786/1780 4322/4161/4111 4325/4165/4114 1833/786/1781
f 1831/786/1779 4319/4158/4108 4322/4161/4111 1832/786/1780
f 4328/4170/4117 4329/4171/4118 4332/4172/4121 4331/4173/4120
f 4329/4171/4118 4330/4174/4119 4333/4175/4122 4332/4172/4121
f 4331/4173/4120 4332/4172/4121 4335/4176/4124 4334/4177/4123
f 4332/4172/4121 4333/4175/4122 4336/4178/4125 4335/4176/4124
f 267/4179/267 1846/4180/1794 4328/4170/4117 1878/4181/1826
f 1846/4180/1794 1847/4182/1795 4329/4171/4118 4328/4170/4117
f 1847/4182/1795 1848/4183/1796 4330/4174/4119 4329/4171/4118
f 1848/4183/1796 268/4184/268 1873/4185/1821 4330/4174/4119
f 4330/4174/4119 1873/4185/1821 1874/4186/1822 4333/4175/4122
f 4333/4175/4122 1874/4186/1822 1875/4187/1823 4336/4178/4125
f 4336/4178/4125 1875/4187/1823 272/4188/272 1872/4189/1820
f 4335/4176/4124 4336/4178/4125 1872/4189/1820 1871/4190/1819
f 4334/4177/4123 4335/4176/4124 1871/4190/1819 1870/4191/1818
f 1876/4192/1824 4334/4177/4123 1870/4191/1818 271/4193/271
f 1877/4194/1825 4331/4173/4120 4334/4177/4123 1876/4192/1824
f 1878/4181/1826 4328/4170/4117 4331/4173/4120 1877/4194/1825
f 4337/4180/4126 4338/4182/4127 4341/4153/4130 4340/4195/4129
f 4338/4182/4127 4339/4196/4128 4342/4197/4131 4341/4153/4130
f 4340/4195/4129 4341/4153/4130 4344/4198/4133 4343/4199/4132
f 4341/4153/4130 4342/4197/4131 4345/4200/4134 4344/4198/4133
f 263/4179/263 1822/4180/1770 4337/4180/4126 1860/4179/1808
f 1822/4180/1770 1823/4182/1771 4338/4182/4127 4337/4180/4126
f 1823/4182/1771 1824/4183/1772 4339/4196/4128 4338/4182/4127
f 1824/4183/1772 264/4184/264 1855/4201/1803 4339/4196/4128
f 4339/4196/4128 1855/4201/1803 1856/4202/1804 4342/4197/4131
f 4342/4197/4131 1856/4202/1804 1857/4184/1805 4345/4200/4134
f 4345/4200/4134 1857/4184/1805 268/4184/268 1848/4183/1796
f 4344/4198/4133 4345/4200/4134 1848/4183/1796 1847/4182/1795
f 4343/4199/4132 4344/4198/4133 1847/4182/1795 1846/4180/1794
f 1858/4203/1806 4343/4199/4132 1846/4180/1794 267/4179/267
f 1859/4204/1807 4340/4195/4129 4343/4199/4132 1858/4203/1806
f 1860/4179/1808 4337/4180/4126 4340/4195/4129 1859/4204/1807
f 4346/4169/4135 4347/4205/4136 4350/4168/4139 4349/4169/4138
f 4347/4205/4136 4348/4206/4137 4351/4167/4140 4350/4168/4139
f 4349/4169/4138 4350/4168/4139 4353/4168/4142 4352/4169/4141
f 4350/4168/4139 4351/4167/4140 4354/4207/4143 4353/4168/4142
f 261/2717/261 1818/4169/1766 4346/4169/4135 1849/786/1797
f 1818/4169/1766 1817/4168/1765 4347/4205/4136 4346/4169/4135
f 1817/4168/1765 1816/4167/1764 4348/4206/4137 4347/4205/4136
f 1816/4167/1764 263/4156/263 1860/4208/1808 4348/4206/4137
f 4348/4206/4137 1860/4208/1808 1859/4156/1807 4351/4167/4140
f 4351/4167/4140 1859/4156/1807 1858/4156/1806 4354/4207/4143
f 4354/4207/4143 1858/4156/1806 267/4156/267 1840/4167/1788
f 4353/4168/4142 4354/4207/4143 1840/4167/1788 1841/4168/1789
f 4352/4169/4141 4353/4168/4142 1841/4168/1789 1842/4169/1790
f 1851/786/1799 4352/4169/4141 1842/4169/1790 265/2717/265
f 1850/786/1798 4349/4169/4138 4352/4169/4141 1851/786/1799
f 1849/786/1797 4346/4169/4135 4349/4169/4138 1850/786/1798
f 4355/4209/4144 4356/4210/4145 4359/4211/4148 4358/4212/4147
f 4356/4210/4145 4357/4213/4146 4360/4213/4149 4359/4211/4148
f 4358/4212/4147 4359/4211/4148 4362/4211/4151 4361/4214/4150
f 4359/4211/4148 4360/4213/4149 4363/4066/4152 4362/4211/4151
f 264/4070/264 1819/4068/1767 4355/4209/4144 1855/4215/1803
f 1819/4068/1767 1820/4067/1768 4356/4210/4145 4355/4209/4144
f 1820/4067/1768 1821/4066/1769 4357/4213/4146 4356/4210/4145
f 1821/4066/1769 262/819/262 1854/803/1802 4357/4213/4146
f 4357/4213/4146 1854/803/1802 1853/803/1801 4360/4213/4149
f 4360/4213/4149 1853/803/1801 1852/803/1800 4363/4066/4152
f 4363/4066/4152 1852/803/1800 266/819/266 1845/4066/1793
f 4362/4211/4151 4363/4066/4152 1845/4066/1793 1844/4210/1792
f 4361/4214/4150 4362/4211/4151 1844/4210/1792 1843/4212/1791
f 1857/4215/1805 4361/4214/4150 1843/4212/1791 268/4216/268
f 1856/4215/1804 4358/4212/4147 4361/4214/4150 1857/4215/1805
f 1855/4215/1803 4355/4209/4144 4358/4212/4147 1856/4215/1804
f 4364/4217/4153 4365/4218/4154 4368/4219/4157 4367/4220/4156
f 4365/4218/4154 4366/4221/4155 4369/4222/4158 4368/4219/4157
f 4367/4220/4156 4368/4219/4157 4371/4223/4160 4370/4224/4159
f 4368/4219/4157 4369/4222/4158 4372/4225/4161 4371/4223/4160
f 272/4226/272 1867/4227/1815 4364/4217/4153 1902/4228/1850
f 1867/4227/1815 1868/4229/1816 4365/4218/4154 4364/4217/4153
f 1868/4229/1816 1869/4230/1817 4366/4221/4155 4365/4218/4154
f 1869/4230/1817 270/819/270 1897/803/1845 4366/4221/4155
f 4366/4221/4155 1897/803/1845 1898/803/1846 4369/4222/4158
f 4369/4222/4158 1898/803/1846 1899/4231/1847 4372/4225/4161
f 4372/4225/4161 1899/4231/1847 274/802/274 1893/4232/1841
f 4371/4223/4160 4372/4225/4161 1893/4232/1841 1892/4233/1840
f 4370/4224/4159 4371/4223/4160 1892/4233/1840 1891/4234/1839
f 1900/4235/1848 4370/4224/4159 1891/4234/1839 276/4236/276
f 1901/4237/1849 4367/4220/4156 4370/4224/4159 1900/4235/1848
f 1902/4228/1850 4364/4217/4153 4367/4220/4156 1901/4237/1849
f 4373/4238/4162 4374/4239/4163 4377/4240/4166 4376/4241/4165
f 4374/4239/4163 4375/4242/4164 4378/4243/4167 4377/4240/4166
f 4376/4241/4165 4377/4240/4166 4380/4244/4169 4379/4245/4168
f 4377/4240/4166 4378/4243/4167 4381/4246/4170 4380/4244/4169
f 265/2717/265 1842/4169/1790 4373/4238/4162 1881/786/1829
f 1842/4169/1790 1841/4168/1789 4374/4239/4163 4373/4238/4162
f 1841/4168/1789 1840/4167/1788 4375/4242/4164 4374/4239/4163
f 1840/4167/1788 267/4156/267 1878/4247/1826 4375/4242/4164
f 4375/4242/4164 1878/4247/1826 1877/4248/1825 4378/4243/4167
f 4378/4243/4167 1877/4248/1825 1876/4249/1824 4381/4246/4170
f 4381/4246/4170 1876/4249/1824 271/4193/271 1864/4250/1812
f 4380/4244/4169 4381/4246/4170 1864/4250/1812 1865/4251/1813
f 4379/4245/4168 4380/4244/4169 1865/4251/1813 1866/4252/1814
f 1879/786/1827 4379/4245/4168 1866/4252/1814 269/2717/269
f 1880/786/1828 4376/4241/4165 4379/4245/4168 1879/786/1827
f 1881/786/1829 4373/4238/4162 4376/4241/4165 1880/786/1828
f 4382/4253/4171 4383/4254/4172 4386/4255/4175 4385/4256/4174
f 4383/4254/4172 4384/4257/4173 4387/4258/4176 4386/4255/4175
f 4385/4256/4174 4386/4255/4175 4389/4259/4178 4388/4260/4177
f 4386/4255/4175 4387/4258/4176 4390/4261/4179 4389/4259/4178
f 268/4216/268 1843/4212/1791 4382/4253/4171 1873/4262/1821
f 1843/4212/1791 1844/4210/1792 4383/4254/4172 4382/4253/4171
f 1844/4210/1792 1845/4066/1793 4384/4257/4173 4383/4254/4172
f 1845/4066/1793 266/819/266 1882/803/1830 4384/4257/4173
f 4384/4257/4173 1882/803/1830 1883/803/1831 4387/4258/4176
f 4387/4258/4176 1883/803/1831 1884/803/1832 4390/4261/4179
f 4390/4261/4179 1884/803/1832 270/819/270 1869/4230/1817
f 4389/4259/4178 4390/4261/4179 1869/4230/1817 1868/4229/1816
f 4388/4260/4177 4389/4259/4178 1868/4229/1816 1867/4227/1815
f 1875/4263/1823 4388/4260/4177 1867/4227/1815 272/4226/272
f 1874/4264/1822 4385/4256/4174 4388/4260/4177 1875/4263/1823
f 1873/4262/1821 4382/4253/4171 4385/4256/4174 1874/4264/1822
f 4391/1066/4180 4392/1065/4181 4395/1065/4184 4394/1066/4183
f 4392/1065/4181 4393/1064/4182 4396/4072/4185 4395/1065/4184
f 4394/1066/4183 4395/1065/4184 4398/1065/4187 4397/1066/4186
f 4395/1065/4184 4396/4072/4185 4399/4072/4188 4398/1065/4187
f 266/1068/266 1839/1066/1787 4391/1066/4180 1882/4073/1830
f 1839/1066/1787 1838/1065/1786 4392/1065/4181 4391/1066/4180
f 1838/1065/1786 1837/4072/1785 4393/1064/4182 4392/1065/4181
f 1837/4072/1785 265/1048/265 1881/4075/1829 4393/1064/4182
f 4393/1064/4182 1881/4075/1829 1880/4075/1828 4396/4072/4185
f 4396/4072/4185 1880/4075/1828 1879/4075/1827 4399/4072/4188
f 4399/4072/4188 1879/4075/1827 269/1048/269 1861/4072/1809
f 4398/1065/4187 4399/4072/4188 1861/4072/1809 1862/1065/1810
f 4397/1066/4186 4398/1065/4187 1862/1065/1810 1863/1066/1811
f 1884/4073/1832 4397/1066/4186 1863/1066/1811 270/1068/270
f 1883/4073/1831 4394/1066/4183 4397/1066/4186 1884/4073/1832
f 1882/4073/1830 4391/1066/4180 4394/1066/4183 1883/4073/1831
f 4400/4265/4189 4401/4266/4190 4404/4267/4193 4403/4268/4192
f 4401/4266/4190 4402/4269/4191 4405/4270/4194 4404/4267/4193
f 4403/4268/4192 4404/4267/4193 4407/4271/4196 4406/4272/4195
f 4404/4267/4193 4405/4270/4194 4408/4273/4197 4407/4271/4196
f 275/4274/275 1894/4275/1842 4400/4265/4189 1926/4276/1874
f 1894/4275/1842 1895/4277/1843 4401/4266/4190 4400/4265/4189
f 1895/4277/1843 1896/4278/1844 4402/4269/4191 4401/4266/4190
f 1896/4278/1844 276/4236/276 1921/4279/1869 4402/4269/4191
f 4402/4269/4191 1921/4279/1869 1922/4280/1870 4405/4270/4194
f 4405/4270/4194 1922/4280/1870 1923/4281/1871 4408/4273/4197
f 4408/4273/4197 1923/4281/1871 280/4282/280 1920/4283/1868
f 4407/4271/4196 4408/4273/4197 1920/4283/1868 1919/4284/1867
f 4406/4272/4195 4407/4271/4196 1919/4284/1867 1918/4285/1866
f 1924/4286/1872 4406/4272/4195 1918/4285/1866 279/4287/279
f 1925/4288/1873 4403/4268/4192 4406/4272/4195 1924/4286/1872
f 1926/4276/1874 4400/4265/4189 4403/4268/4192 1925/4288/1873
f 4409/1066/4198 4410/1065/4199 4413/1065/4202 4412/4289/4201
f 4410/1065/4199 4411/1064/4200 4414/4072/4203 4413/1065/4202
f 4412/4289/4201 4413/1065/4202 4416/4290/4205 4415/4291/4204
f 4413/1065/4202 4414/4072/4203 4417/1064/4206 4416/4290/4205
f 270/1068/270 1863/1066/1811 4409/1066/4198 1897/4073/1845
f 1863/1066/1811 1862/1065/1810 4410/1065/4199 4409/1066/4198
f 1862/1065/1810 1861/4072/1809 4411/1064/4200 4410/1065/4199
f 1861/4072/1809 269/1048/269 1903/4075/1851 4411/1064/4200
f 4411/1064/4200 1903/4075/1851 1904/4075/1852 4414/4072/4203
f 4414/4072/4203 1904/4075/1852 1905/4075/1853 4417/1064/4206
f 4417/1064/4206 1905/4075/1853 273/4131/273 1885/1064/1833
f 4416/4290/4205 4417/1064/4206 1885/1064/1833 1886/1065/1834
f 4415/4291/4204 4416/4290/4205 1886/1065/1834 1887/1066/1835
f 1899/4130/1847 4415/4291/4204 1887/1066/1835 274/4130/274
f 1898/4073/1846 4412/4289/4201 4415/4291/4204 1899/4130/1847
f 1897/4073/1845 4409/1066/4198 4412/4289/4201 1898/4073/1846
f 4418/4292/4207 4419/4293/4208 4422/4294/4211 4421/4295/4210
f 4419/4293/4208 4420/4296/4209 4423/4297/4212 4422/4294/4211
f 4421/4295/4210 4422/4294/4211 4425/4298/4214 4424/4299/4213
f 4422/4294/4211 4423/4297/4212 4426/4300/4215 4425/4298/4214
f 271/4193/271 1870/4301/1818 4418/4292/4207 1908/4302/1856
f 1870/4301/1818 1871/4303/1819 4419/4293/4208 4418/4292/4207
f 1871/4303/1819 1872/4304/1820 4420/4296/4209 4419/4293/4208
f 1872/4304/1820 272/4226/272 1902/4228/1850 4420/4296/4209
f 4420/4296/4209 1902/4228/1850 1901/4237/1849 4423/4297/4212
f 4423/4297/4212 1901/4237/1849 1900/4235/1848 4426/4300/4215
f 4426/4300/4215 1900/4235/1848 276/4236/276 1896/4278/1844
f 4425/4298/4214 4426/4300/4215 1896/4278/1844 1895/4277/1843
f 4424/4299/4213 4425/4298/4214 1895/4277/1843 1894/4275/1842
f 1906/4305/1854 4424/4299/4213 1894/4275/1842 275/4306/275
f 1907/4307/1855 4421/4295/4210 4424/4299/4213 1906/4305/1854
f 1908/4302/1856 4418/4292/4207 4421/4295/4210 1907/4307/1855
f 4427/4308/4216 4428/4309/4217 4431/4310/4220 4430/4311/4219
f 4428/4309/4217 4429/4312/4218 4432/4313/4221 4431/4310/4220
f 4430/4311/4219 4431/4310/4220 4434/4314/4223 4433/4315/4222
f 4431/4310/4220 4432/4313/4221 4435/4316/4224 4434/4314/4223
f 269/2717/269 1866/4252/1814 4427/4308/4216 1903/786/1851
f 1866/4252/1814 1865/4251/1813 4428/4309/4217 4427/4308/4216
f 1865/4251/1813 1864/4250/1812 4429/4312/4218 4428/4309/4217
f 1864/4250/1812 271/4193/271 1908/4302/1856 4429/4312/4218
f 4429/4312/4218 1908/4302/1856 1907/4307/1855 4432/4313/4221
f 4432/4313/4221 1907/4307/1855 1906/4305/1854 4435/4316/4224
f 4435/4316/4224 1906/4305/1854 275/4306/275 1888/4317/1836
f 4434/4314/4223 4435/4316/4224 1888/4317/1836 1889/4318/1837
f 4433/4315/4222 4434/4314/4223 1889/4318/1837 1890/4319/1838
f 1905/2717/1853 4433/4315/4222 1890/4319/1838 273/4320/273
f 1904/786/1852 4430/4311/4219 4433/4315/4222 1905/2717/1853
f 1903/786/1851 4427/4308/4216 4430/4311/4219 1904/786/1852
f 4436/4321/4225 4437/4322/4226 4440/4323/4229 4439/4324/4228
f 4437/4322/4226 4438/4325/4227 4441/4326/4230 4440/4323/4229
f 4439/4324/4228 4440/4323/4229 4443/4327/4232 4442/4328/4231
f 4440/4323/4229 4441/4326/4230 4444/4329/4233 4443/4327/4232
f 273/4320/273 1890/4319/1838 4436/4321/4225 1929/4330/1877
f 1890/4319/1838 1889/4318/1837 4437/4322/4226 4436/4321/4225
f 1889/4318/1837 1888/4317/1836 4438/4325/4227 4437/4322/4226
f 1888/4317/1836 275/4306/275 1926/4276/1874 4438/4325/4227
f 4438/4325/4227 1926/4276/1874 1925/4288/1873 4441/4326/4230
f 4441/4326/4230 1925/4288/1873 1924/4286/1872 4444/4329/4233
f 4444/4329/4233 1924/4286/1872 279/4331/279 1912/4332/1860
f 4443/4327/4232 4444/4329/4233 1912/4332/1860 1913/4333/1861
f 4442/4328/4231 4443/4327/4232 1913/4333/1861 1914/4334/1862
f 1927/4335/1875 4442/4328/4231 1914/4334/1862 277/4336/277
f 1928/4337/1876 4439/4324/4228 4442/4328/4231 1927/4335/1875
f 1929/4330/1877 4436/4321/4225 4439/4324/4228 1928/4337/1876
f 4445/4338/4234 4446/4339/4235 4449/4340/4238 4448/4341/4237
f 4446/4339/4235 4447/4342/4236 4450/4343/4239 4449/4340/4238
f 4448/4341/4237 4449/4340/4238 4452/4344/4241 4451/4345/4240
f 4449/4340/4238 4450/4343/4239 4453/4346/4242 4452/4344/4241
f 276/4236/276 1891/4234/1839 4445/4338/4234 1921/4279/1869
f 1891/4234/1839 1892/4233/1840 4446/4339/4235 4445/4338/4234
f 1892/4233/1840 1893/4232/1841 4447/4342/4236 4446/4339/4235
f 1893/4232/1841 274/802/274 1930/4347/1878 4447/4342/4236
f 4447/4342/4236 1930/4347/1878 1931/4348/1879 4450/4343/4239
f 4450/4343/4239 1931/4348/1879 1932/4349/1880 4453/4346/4242
f 4453/4346/4242 1932/4349/1880 278/4350/278 1917/4351/1865
f 4452/4344/4241 4453/4346/4242 1917/4351/1865 1916/4352/1864
f 4451/4345/4240 4452/4344/4241 1916/4352/1864 1915/4353/1863
f 1923/4281/1871 4451/4345/4240 1915/4353/1863 280/4282/280
f 1922/4280/1870 4448/4341/4237 4451/4345/4240 1923/4281/1871
f 1921/4279/1869 4445/4338/4234 4448/4341/4237 1922/4280/1870
f 4454/4354/4243 4455/4355/4244 4458/4356/4247 4457/4357/4246
f 4455/4355/4244 4456/4358/4245 4459/4359/4248 4458/4356/4247
f 4457/4357/4246 4458/4356/4247 4461/4360/4250 4460/4361/4249
f 4458/4356/4247 4459/4359/4248 4462/4362/4251 4461/4360/4250
f 274/4130/274 1887/1066/1835 4454/4354/4243 1930/4363/1878
f 1887/1066/1835 1886/1065/1834 4455/4355/4244 4454/4354/4243
f 1886/1065/1834 1885/1064/1833 4456/4358/4245 4455/4355/4244
f 1885/1064/1833 273/4131/273 1929/4364/1877 4456/4358/4245
f 4456/4358/4245 1929/4364/1877 1928/4365/1876 4459/4359/4248
f 4459/4359/4248 1928/4365/1876 1927/4366/1875 4462/4362/4251
f 4462/4362/4251 1927/4366/1875 277/4367/277 1909/4368/1857
f 4461/4360/4250 4462/4362/4251 1909/4368/1857 1910/4369/1858
f 4460/4361/4249 4461/4360/4250 1910/4369/1858 1911/4370/1859
f 1932/4371/1880 4460/4361/4249 1911/4370/1859 278/4372/278
f 1931/4373/1879 4457/4357/4246 4460/4361/4249 1932/4371/1880
f 1930/4363/1878 4454/4354/4243 4457/4357/4246 1931/4373/1879
f 4463/4374/4252 4464/4375/4253 4467/4376/4256 4466/4377/4255
f 4464/4375/4253 4465/4378/4254 4468/4379/4257 4467/4376/4256
f 4466/4377/4255 4467/4376/4256 4470/4380/4259 4469/4381/4258
f 4467/4376/4256 4468/4379/4257 4471/4382/4260 4470/4380/4259
f 44/4383/44 426/4384/426 4463/4374/4252 586/4385/586
f 426/4384/426 425/4386/425 4464/4375/4253 4463/4374/4252
f 425/4386/425 424/4387/424 4465/4378/4254 4464/4375/4253
f 424/4387/424 282/839/282 1975/841/1923 4465/4378/4254
f 4465/4378/4254 1975/841/1923 1976/848/1924 4468/4379/4257
f 4468/4379/4257 1976/848/1924 1977/846/1925 4471/4382/4260
f 4471/4382/4260 1977/846/1925 281/847/281 412/599/412
f 4470/4380/4259 4471/4382/4260 412/599/412 413/4388/413
f 4469/4381/4258 4470/4380/4259 413/4388/413 414/606/414
f 588/4389/588 4469/4381/4258 414/606/414 43/4390/43
f 587/4391/587 4466/4377/4255 4469/4381/4258 588/4389/588
f 586/4385/586 4463/4374/4252 4466/4377/4255 587/4391/587
f 4472/4392/4261 4473/4393/4262 4476/4394/4265 4475/4395/4264
f 4473/4393/4262 4474/4396/4263 4477/4397/4266 4476/4394/4265
f 4475/4395/4264 4476/4394/4265 4479/4398/4268 4478/4399/4267
f 4476/4394/4265 4477/4397/4266 4480/4400/4269 4479/4398/4268
f 29/542/29 501/541/501 4472/4392/4261 1933/4401/1881
f 501/541/501 500/540/500 4473/4393/4262 4472/4392/4261
f 500/540/500 499/539/499 4474/4396/4263 4473/4393/4262
f 499/539/499 42/538/42 507/4402/507 4474/4396/4263
f 4474/4396/4263 507/4402/507 506/4403/506 4477/4397/4266
f 4477/4397/4266 506/4403/506 505/4404/505 4480/4400/4269
f 4480/4400/4269 505/4404/505 294/602/294 1978/601/1926
f 4479/4398/4268 4480/4400/4269 1978/601/1926 1979/600/1927
f 4478/4399/4267 4479/4398/4268 1979/600/1927 1980/598/1928
f 1935/845/1883 4478/4399/4267 1980/598/1928 281/597/281
f 1934/4405/1882 4475/4395/4264 4478/4399/4267 1935/845/1883
f 1933/4401/1881 4472/4392/4261 4475/4395/4264 1934/4405/1882
f 4481/4406/4270 4482/4407/4271 4485/4408/4274 4484/4409/4273
f 4482/4407/4271 4483/4410/4272 4486/4411/4275 4485/4408/4274
f 4484/4409/4273 4485/4408/4274 4488/4412/4277 4487/4413/4276
f 4485/4408/4274 4486/4411/4275 4489/4414/4278 4488/4412/4277
f 45/824/45 429/4415/429 4481/4406/4270 583/825/583
f 429/4415/429 428/4416/428 4482/4407/4271 4481/4406/4270
f 428/4416/428 427/4417/427 4483/4410/4272 4482/4407/4271
f 427/4417/427 283/509/283 1981/511/1929 4483/4410/4272
f 4483/4410/4272 1981/511/1929 1982/519/1930 4486/4411/4275
f 4486/4411/4275 1982/519/1930 1983/517/1931 4489/4414/4278
f 4489/4414/4278 1983/517/1931 282/518/282 424/4418/424
f 4488/4412/4277 4489/4414/4278 424/4418/424 425/4419/425
f 4487/4413/4276 4488/4412/4277 425/4419/425 426/4420/426
f 585/827/585 4487/4413/4276 426/4420/426 44/15/44
f 584/826/584 4484/4409/4273 4487/4413/4276 585/827/585
f 583/825/583 4481/4406/4270 4484/4409/4273 584/826/584
f 4490/4421/4279 4491/4422/4280 4494/4423/4283 4493/4424/4282
f 4491/4422/4280 4492/4425/4281 4495/4426/4284 4494/4423/4283
f 4493/4424/4282 4494/4423/4283 4497/4427/4286 4496/4428/4285
f 4494/4423/4283 4495/4426/4284 4498/4429/4287 4497/4427/4286
f 46/781/46 432/4430/432 4490/4421/4279 580/4128/580
f 432/4430/432 431/4431/431 4491/4422/4280 4490/4421/4279
f 431/4431/431 430/4432/430 4492/4425/4281 4491/4422/4280
f 430/4432/430 284/498/284 1984/4433/1932 4492/4425/4281
f 4492/4425/4281 1984/4433/1932 1985/4434/1933 4495/4426/4284
f 4495/4426/4284 1985/4434/1933 1986/4435/1934 4498/4429/4287
f 4498/4429/4287 1986/4435/1934 283/509/283 427/4417/427
f 4497/4427/4286 4498/4429/4287 427/4417/427 428/4416/428
f 4496/4428/4285 4497/4427/4286 428/4416/428 429/4415/429
f 582/4089/582 4496/4428/4285 429/4415/429 45/824/45
f 581/4129/581 4493/4424/4282 4496/4428/4285 582/4089/582
f 580/4128/580 4490/4421/4279 4493/4424/4282 581/4129/581
f 4499/4436/4288 4500/4437/4289 4503/4438/4292 4502/4439/4291
f 4500/4437/4289 4501/4440/4290 4504/4441/4293 4503/4438/4292
f 4502/4439/4291 4503/4438/4292 4506/4442/4295 4505/4443/4294
f 4503/4438/4292 4504/4441/4293 4507/4444/4296 4506/4442/4295
f 47/761/47 435/4445/435 4499/4436/4288 577/778/577
f 435/4445/435 434/4446/434 4500/4437/4289 4499/4436/4288
f 434/4446/434 433/4447/433 4501/4440/4290 4500/4437/4289
f 433/4447/433 285/479/285 1987/491/1935 4501/4440/4290
f 4501/4440/4290 1987/491/1935 1988/499/1936 4504/4441/4293
f 4504/4441/4293 1988/499/1936 1989/497/1937 4507/4444/4296
f 4507/4444/4296 1989/497/1937 284/498/284 430/4432/430
f 4506/4442/4295 4507/4444/4296 430/4432/430 431/4431/431
f 4505/4443/4294 4506/4442/4295 431/4431/431 432/4430/432
f 579/780/579 4505/4443/4294 432/4430/432 46/781/46
f 578/779/578 4502/4439/4291 4505/4443/4294 579/780/579
f 577/778/577 4499/4436/4288 4502/4439/4291 578/779/578
f 4508/4448/4297 4509/4449/4298 4512/4450/4301 4511/4451/4300
f 4509/4449/4298 4510/4452/4299 4513/4453/4302 4512/4450/4301
f 4511/4451/4300 4512/4450/4301 4515/4454/4304 4514/4455/4303
f 4512/4450/4301 4513/4453/4302 4516/4456/4305 4515/4454/4304
f 48/4457/48 438/4458/438 4508/4448/4297 574/4459/574
f 438/4458/438 437/4460/437 4509/4449/4298 4508/4448/4297
f 437/4460/437 436/4461/436 4510/4452/4299 4509/4449/4298
f 436/4461/436 286/463/286 1990/474/1938 4510/4452/4299
f 4510/4452/4299 1990/474/1938 1991/480/1939 4513/4453/4302
f 4513/4453/4302 1991/480/1939 1992/478/1940 4516/4456/4305
f 4516/4456/4305 1992/478/1940 285/479/285 433/4462/433
f 4515/4454/4304 4516/4456/4305 433/4462/433 434/4463/434
f 4514/4455/4303 4515/4454/4304 434/4463/434 435/4464/435
f 576/4465/576 4514/4455/4303 435/4464/435 47/761/47
f 575/4466/575 4511/4451/4300 4514/4455/4303 576/4465/576
f 574/4459/574 4508/4448/4297 4511/4451/4300 575/4466/575
f 4517/4467/4306 4518/4468/4307 4521/4469/4310 4520/4470/4309
f 4518/4468/4307 4519/4471/4308 4522/4472/4311 4521/4469/4310
f 4520/4470/4309 4521/4469/4310 4524/4473/4313 4523/4474/4312
f 4521/4469/4310 4522/4472/4311 4525/4475/4314 4524/4473/4313
f 49/4476/49 441/4477/441 4517/4467/4306 571/4478/571
f 441/4477/441 440/4479/440 4518/4468/4307 4517/4467/4306
f 440/4479/440 439/4480/439 4519/4471/4308 4518/4468/4307
f 439/4480/439 287/447/287 1993/458/1941 4519/4471/4308
f 4519/4471/4308 1993/458/1941 1994/464/1942 4522/4472/4311
f 4522/4472/4311 1994/464/1942 1995/462/1943 4525/4475/4314
f 4525/4475/4314 1995/462/1943 286/463/286 436/4461/436
f 4524/4473/4313 4525/4475/4314 436/4461/436 437/4460/437
f 4523/4474/4312 4524/4473/4313 437/4460/437 438/4458/438
f 573/4481/573 4523/4474/4312 438/4458/438 48/4457/48
f 572/4482/572 4520/4470/4309 4523/4474/4312 573/4481/573
f 571/4478/571 4517/4467/4306 4520/4470/4309 572/4482/572
f 4526/4483/4315 4527/4484/4316 4530/4485/4319 4529/4486/4318
f 4527/4484/4316 4528/4487/4317 4531/4488/4320 4530/4485/4319
f 4529/4486/4318 4530/4485/4319 4533/4489/4322 4532/4490/4321
f 4530/4485/4319 4531/4488/4320 4534/4491/4323 4533/4489/4322
f 50/4492/50 444/4493/444 4526/4483/4315 568/4494/568
f 444/4493/444 443/4495/443 4527/4484/4316 4526/4483/4315
f 443/4495/443 442/4496/442 4528/4487/4317 4527/4484/4316
f 442/4496/442 288/431/288 1996/442/1944 4528/4487/4317
f 4528/4487/4317 1996/442/1944 1997/448/1945 4531/4488/4320
f 4531/4488/4320 1997/448/1945 1998/446/1946 4534/4491/4323
f 4534/4491/4323 1998/446/1946 287/447/287 439/4480/439
f 4533/4489/4322 4534/4491/4323 439/4480/439 440/4479/440
f 4532/4490/4321 4533/4489/4322 440/4479/440 441/4477/441
f 570/4497/570 4532/4490/4321 441/4477/441 49/4476/49
f 569/4498/569 4529/4486/4318 4532/4490/4321 570/4497/570
f 568/4494/568 4526/4483/4315 4529/4486/4318 569/4498/569
f 4535/4499/4324 4536/4500/4325 4539/4501/4328 4538/4502/4327
f 4536/4500/4325 4537/4503/4326 4540/4504/4329 4539/4501/4328
f 4538/4502/4327 4539/4501/4328 4542/4505/4331 4541/4506/4330
f 4539/4501/4328 4540/4504/4329 4543/4507/4332 4542/4505/4331
f 51/4508/51 447/4509/447 4535/4499/4324 565/4510/565
f 447/4509/447 446/4511/446 4536/4500/4325 4535/4499/4324
f 446/4511/446 445/4512/445 4537/4503/4326 4536/4500/4325
f 445/4512/445 289/415/289 1999/426/1947 4537/4503/4326
f 4537/4503/4326 1999/426/1947 2000/432/1948 4540/4504/4329
f 4540/4504/4329 2000/432/1948 2001/430/1949 4543/4507/4332
f 4543/4507/4332 2001/430/1949 288/431/288 442/4496/442
f 4542/4505/4331 4543/4507/4332 442/4496/442 443/4495/443
f 4541/4506/4330 4542/4505/4331 443/4495/443 444/4493/444
f 567/4513/567 4541/4506/4330 444/4493/444 50/4492/50
f 566/699/566 4538/4502/4327 4541/4506/4330 567/4513/567
f 565/4510/565 4535/4499/4324 4538/4502/4327 566/699/566
f 4544/4514/4333 4545/4515/4334 4548/4516/4337 4547/4517/4336
f 4545/4515/4334 4546/4518/4335 4549/4519/4338 4548/4516/4337
f 4547/4517/4336 4548/4516/4337 4551/4520/4340 4550/4521/4339
f 4548/4516/4337 4549/4519/4338 4552/4522/4341 4551/4520/4340
f 52/661/52 450/4523/450 4544/4514/4333 562/4524/562
f 450/4523/450 449/4525/449 4545/4515/4334 4544/4514/4333
f 449/4525/449 448/4526/448 4546/4518/4335 4545/4515/4334
f 448/4526/448 290/399/290 2002/410/1950 4546/4518/4335
f 4546/4518/4335 2002/410/1950 2003/416/1951 4549/4519/4338
f 4549/4519/4338 2003/416/1951 2004/414/1952 4552/4522/4341
f 4552/4522/4341 2004/414/1952 289/415/289 445/4512/445
f 4551/4520/4340 4552/4522/4341 445/4512/445 446/4511/446
f 4550/4521/4339 4551/4520/4340 446/4511/446 447/4509/447
f 564/4527/564 4550/4521/4339 447/4509/447 51/4508/51
f 563/4528/563 4547/4517/4336 4550/4521/4339 564/4527/564
f 562/4524/562 4544/4514/4333 4547/4517/4336 563/4528/563
f 4553/4529/4342 4554/4530/4343 4557/4531/4346 4556/4532/4345
f 4554/4530/4343 4555/4533/4344 4558/4534/4347 4557/4531/4346
f 4556/4532/4345 4557/4531/4346 4560/4535/4349 4559/4536/4348
f 4557/4531/4346 4558/4534/4347 4561/4537/4350 4560/4535/4349
f 53/4538/53 453/4539/453 4553/4529/4342 559/4540/559
f 453/4539/453 452/4541/452 4554/4530/4343 4553/4529/4342
f 452/4541/452 451/4542/451 4555/4533/4344 4554/4530/4343
f 451/4542/451 291/383/291 2005/394/1953 4555/4533/4344
f 4555/4533/4344 2005/394/1953 2006/400/1954 4558/4534/4347
f 4558/4534/4347 2006/400/1954 2007/398/1955 4561/4537/4350
f 4561/4537/4350 2007/398/1955 290/399/290 448/4526/448
f 4560/4535/4349 4561/4537/4350 448/4526/448 449/4525/449
f 4559/4536/4348 4560/4535/4349 449/4525/449 450/4523/450
f 561/4543/561 4559/4536/4348 450/4523/450 52/661/52
f 560/4544/560 4556/4532/4345 4559/4536/4348 561/4543/561
f 559/4540/559 4553/4529/4342 4556/4532/4345 560/4544/560
f 4562/4545/4351 4563/4546/4352 4566/4547/4355 4565/4548/4354
f 4563/4546/4352 4564/4549/4353 4567/4550/4356 4566/4547/4355
f 4565/4548/4354 4566/4547/4355 4569/4551/4358 4568/4552/4357
f 4566/4547/4355 4567/4550/4356 4570/4553/4359 4569/4551/4358
f 54/4554/54 456/4555/456 4562/4545/4351 556/4556/556
f 456/4555/456 455/4557/455 4563/4546/4352 4562/4545/4351
f 455/4557/455 454/4558/454 4564/4549/4353 4563/4546/4352
f 454/4558/454 292/367/292 2008/378/1956 4564/4549/4353
f 4564/4549/4353 2008/378/1956 2009/384/1957 4567/4550/4356
f 4567/4550/4356 2009/384/1957 2010/382/1958 4570/4553/4359
f 4570/4553/4359 2010/382/1958 291/383/291 451/4542/451
f 4569/4551/4358 4570/4553/4359 451/4542/451 452/4541/452
f 4568/4552/4357 4569/4551/4358 452/4541/452 453/4539/453
f 558/4559/558 4568/4552/4357 453/4539/453 53/4538/53
f 557/4560/557 4565/4548/4354 4568/4552/4357 558/4559/558
f 556/4556/556 4562/4545/4351 4565/4548/4354 557/4560/557
f 4571/4561/4360 4572/4562/4361 4575/4563/4364 4574/4564/4363
f 4572/4562/4361 4573/4565/4362 4576/4566/4365 4575/4563/4364
f 4574/4564/4363 4575/4563/4364 4578/4567/4367 4577/4568/4366
f 4575/4563/4364 4576/4566/4365 4579/4569/4368 4578/4567/4367
f 55/4570/55 459/4571/459 4571/4561/4360 553/4572/553
f 459/4571/459 458/4573/458 4572/4562/4361 4571/4561/4360
f 458/4573/458 457/4574/457 4573/4565/4362 4572/4562/4361
f 457/4574/457 293/358/293 2011/360/1959 4573/4565/4362
f 4573/4565/4362 2011/360/1959 2012/368/1960 4576/4566/4365
f 4576/4566/4365 2012/368/1960 2013/366/1961 4579/4569/4368
f 4579/4569/4368 2013/366/1961 292/367/292 454/4558/454
f 4578/4567/4367 4579/4569/4368 454/4558/454 455/4557/455
f 4577/4568/4366 4578/4567/4367 455/4557/455 456/4555/456
f 555/4575/555 4577/4568/4366 456/4555/456 54/4554/54
f 554/4576/554 4574/4564/4363 4577/4568/4366 555/4575/555
f 553/4572/553 4571/4561/4360 4574/4564/4363 554/4576/554
f 4580/4577/4369 4581/4578/4370 4584/4579/4373 4583/4580/4372
f 4581/4578/4370 4582/4581/4371 4585/4582/4374 4584/4579/4373
f 4583/4580/4372 4584/4579/4373 4587/4583/4376 4586/4584/4375
f 4584/4579/4373 4585/4582/4374 4588/4585/4377 4587/4583/4376
f 56/577/56 1972/4586/1920 4580/4577/4369 547/578/547
f 1972/4586/1920 1973/4587/1921 4581/4578/4370 4580/4577/4369
f 1973/4587/1921 1974/4588/1922 4582/4581/4371 4581/4578/4370
f 1974/4588/1922 294/289/294 2014/291/1962 4582/4581/4371
f 4582/4581/4371 2014/291/1962 2015/304/1963 4585/4582/4374
f 4585/4582/4374 2015/304/1963 2016/302/1964 4588/4585/4377
f 4588/4585/4377 2016/302/1964 293/303/293 457/4589/457
f 4587/4583/4376 4588/4585/4377 457/4589/457 458/4590/458
f 4586/4584/4375 4587/4583/4376 458/4590/458 459/4591/459
f 549/580/549 4586/4584/4375 459/4591/459 55/581/55
f 548/579/548 4583/4580/4372 4586/4584/4375 549/580/549
f 547/578/547 4580/4577/4369 4583/4580/4372 548/579/548
f 4589/4592/4378 4590/4593/4379 4593/4594/4382 4592/4595/4381
f 4590/4593/4379 4591/4596/4380 4594/4597/4383 4593/4594/4382
f 4592/4595/4381 4593/4594/4382 4596/4598/4385 4595/4599/4384
f 4593/4594/4382 4594/4597/4383 4597/4600/4386 4596/4598/4385
f 283/509/283 2019/4601/1967 4589/4592/4378 1941/4602/1889
f 2019/4601/1967 2018/4603/1966 4590/4593/4379 4589/4592/4378
f 2018/4603/1966 2017/4604/1965 4591/4596/4380 4590/4593/4379
f 2017/4604/1965 280/4605/280 1915/4353/1863 4591/4596/4380
f 4591/4596/4380 1915/4353/1863 1916/4352/1864 4594/4597/4383
f 4594/4597/4383 1916/4352/1864 1917/4351/1865 4597/4600/4386
f 4597/4600/4386 1917/4351/1865 278/4350/278 2020/4606/1968
f 4596/4598/4385 4597/4600/4386 2020/4606/1968 2021/4607/1969
f 4595/4599/4384 4596/4598/4385 2021/4607/1969 2022/4608/1970
f 1939/4609/1887 4595/4599/4384 2022/4608/1970 31/233/31
f 1940/512/1888 4592/4595/4381 4595/4599/4384 1939/4609/1887
f 1941/4602/1889 4589/4592/4378 4592/4595/4381 1940/512/1888
f 4598/4610/4387 4599/4611/4388 4602/4612/4391 4601/4613/4390
f 4599/4611/4388 4600/4614/4389 4603/4615/4392 4602/4612/4391
f 4601/4613/4390 4602/4612/4391 4605/4616/4394 4604/4617/4393
f 4602/4612/4391 4603/4615/4392 4606/4618/4395 4605/4616/4394
f 279/4331/279 2023/4619/1971 4598/4610/4387 1912/4620/1860
f 2023/4619/1971 2024/4621/1972 4599/4611/4388 4598/4610/4387
f 2024/4621/1972 2025/4622/1973 4600/4614/4389 4599/4611/4388
f 2025/4622/1973 284/498/284 1944/4623/1892 4600/4614/4389
f 4600/4614/4389 1944/4623/1892 1943/4624/1891 4603/4615/4392
f 4603/4615/4392 1943/4624/1891 1942/4625/1890 4606/4618/4395
f 4606/4618/4395 1942/4625/1890 32/213/32 2028/4626/1976
f 4605/4616/4394 4606/4618/4395 2028/4626/1976 2027/4627/1975
f 4604/4617/4393 4605/4616/4394 2027/4627/1975 2026/4628/1974
f 1914/4629/1862 4604/4617/4393 2026/4628/1974 277/4336/277
f 1913/4333/1861 4601/4613/4390 4604/4617/4393 1914/4629/1862
f 1912/4620/1860 4598/4610/4387 4601/4613/4390 1913/4333/1861
f 4607/4630/4396 4608/4630/4397 4611/4630/4400 4610/4630/4399
f 4608/4630/4397 4609/4630/4398 4612/4630/4401 4611/4630/4400
f 4610/4630/4399 4611/4630/4400 4614/4630/4403 4613/4630/4402
f 4611/4630/4400 4612/4630/4401 4615/4630/4404 4614/4630/4403
f 277/4630/277 2026/4630/1974 4607/4630/4396 1909/4630/1857
f 2026/4630/1974 2027/4630/1975 4608/4630/4397 4607/4630/4396
f 2027/4630/1975 2028/4630/1976 4609/4630/4398 4608/4630/4397
f 2028/4630/1976 32/4630/32 490/4630/490 4609/4630/4398
f 4609/4630/4398 490/4630/490 491/4630/491 4612/4630/4401
f 4612/4630/4401 491/4630/491 492/4630/492 4615/4630/4404
f 4615/4630/4404 492/4630/492 31/4630/31 2022/4630/1970
f 4614/4630/4403 4615/4630/4404 2022/4630/1970 2021/4630/1969
f 4613/4630/4402 4614/4630/4403 2021/4630/1969 2020/4630/1968
f 1911/4630/1859 4613/4630/4402 2020/4630/1968 278/4630/278
f 1910/4630/1858 4610/4630/4399 4613/4630/4402 1911/4630/1859
f 1909/4630/1857 4607/4630/4396 4610/4630/4399 1910/4630/1858
f 4616/4630/4405 4617/4630/4406 4620/4630/4409 4619/4630/4408
f 4617/4630/4406 4618/4630/4407 4621/4630/4410 4620/4630/4409
f 4619/4630/4408 4620/4630/4409 4623/4630/4412 4622/4630/4411
f 4620/4630/4409 4621/4630/4410 4624/4630/4413 4623/4630/4412
f 284/4630/284 2025/4630/1973 4616/4630/4405 1984/4630/1932
f 2025/4630/1973 2024/4630/1972 4617/4630/4406 4616/4630/4405
f 2024/4630/1972 2023/4630/1971 4618/4630/4407 4617/4630/4406
f 2023/4630/1971 279/4630/279 1918/4630/1866 4618/4630/4407
f 4618/4630/4407 1918/4630/1866 1919/4630/1867 4621/4630/4410
f 4621/4630/4410 1919/4630/1867 1920/4630/1868 4624/4630/4413
f 4624/4630/4413 1920/4630/1868 280/4630/280 2017/4630/1965
f 4623/4630/4412 4624/4630/4413 2017/4630/1965 2018/4630/1966
f 4622/4630/4411 4623/4630/4412 2018/4630/1966 2019/4630/1967
f 1986/4630/1934 4622/4630/4411 2019/4630/1967 283/4630/283
f 1985/4630/1933 4619/4630/4408 4622/4630/4411 1986/4630/1934
f 1984/4630/1932 4616/4630/4405 4619/4630/4408 1985/4630/1933
